90.0452,1.275734e-16
90.1354,1.7265205e-16
90.2258,1.8341225e-16
90.3163,1.8789565e-16
90.4068,1.9221602e-16
90.4974,1.975146e-16
90.5882,2.028947e-16
90.679,2.0803023e-16
90.76989999999999,2.1332882e-16
90.8609,2.1870891e-16
90.952,2.241705e-16
91.04310000000001,2.2987667e-16
91.1344,2.3599042e-16
91.2258,2.443051e-16
91.3172,2.672928e-16
91.4088,4.855941e-16
91.5004,3.7465004e-15
91.5921,2.423487e-14
91.684,7.054442e-14
91.77590000000001,1.186881e-13
91.86789999999999,1.5830515e-13
91.96000000000001,1.9979706e-13
92.0522,2.2898e-13
92.14450000000001,2.7022736e-13
92.2368,2.9892118e-13
92.3293,3.2231645e-13
92.42190000000001,4.738557e-13
92.5145,4.808661e-13
92.6073,3.7269368e-13
92.70009999999999,5.205647e-13
92.79299999999999,7.7310294e-13
92.886,8.0122616e-13
92.9792,5.8145757e-13
93.0724,4.1157708e-13
93.1657,6.208301e-13
93.2591,9.676014e-13
93.3526,1.1860658e-12
93.4462,1.2520942e-12
93.5398,1.1656867e-12
93.6336,8.950517e-13
93.72749999999999,5.512964e-13
93.82140000000001,5.4844334e-13
93.9155,9.488527e-13
94.0097,1.324644e-12
94.1039,1.5357718e-12
94.1982,1.664568e-12
94.2927,1.7354874e-12
94.38719999999999,1.758312e-12
94.48179999999999,1.6670134e-12
94.5765,1.6018003e-12
94.6714,1.6360372e-12
94.7663,1.4811557e-12
94.8613,1.034445e-12
94.9564,6.4748597e-13
95.0516,9.0564893e-13
95.1468,1.521914e-12
95.2422,1.9270514e-12
95.3377,2.1438853e-12
95.4333,2.3810986e-12
95.529,2.6248329e-12
95.62469999999999,2.8400368e-12
95.7206,3.0030698e-12
95.81660000000001,3.0544252e-12
95.9126,3.073989e-12
96.0088,3.0625767e-12
96.10499999999999,3.12616e-12
96.2014,3.2044157e-12
96.2978,3.181591e-12
96.3943,3.0210034e-12
96.491,3.0136668e-12
96.5877,3.2908233e-12
96.6845,3.4840173e-12
96.78150000000001,3.4709748e-12
96.8785,3.304681e-12
96.9756,2.934596e-12
97.0728,2.2580085e-12
97.1701,1.3336108e-12
97.2675,9.333645e-13
97.3651,1.615658e-12
97.4627,2.644397e-12
97.5604,3.408207e-12
97.6582,3.8793725e-12
97.7561,4.1141405e-12
97.8541,4.2641307e-12
97.9522,4.4124908e-12
98.0504,4.5029744e-12
98.14869999999999,4.555145e-12
98.2471,4.651335e-12
98.3456,4.741818e-12
98.4442,4.700244e-12
98.5428,4.7263296e-12
98.64160000000001,4.871429e-12
98.7405,4.7230687e-12
98.8395,4.377439e-12
98.9386,4.0750125e-12
99.0378,4.0301785e-12
99.1371,4.5029744e-12
99.2365,4.878766e-12
99.33590000000001,4.995334e-12
99.4355,4.758121e-12
99.5352,4.8062158e-12
99.635,5.082557e-12
99.73490000000001,5.199941e-12
99.8349,5.3067273e-12
99.9349,5.4241112e-12
100.0351,5.5871445e-12
100.1354,5.7689266e-12
100.2358,5.9058743e-12
100.33630000000001,6.0208128e-12
100.43690000000001,6.067277e-12
100.5376,6.068092e-12
100.6383,6.062386e-12
100.73920000000001,6.1096657e-12
100.84020000000001,6.1944425e-12
100.9413,6.2539496e-12
101.04249999999999,6.386822e-12
101.1438,6.5074664e-12
101.2452,6.558822e-12
101.3467,6.6704997e-12
101.44829999999999,6.750386e-12
101.55,6.8596175e-12
101.65180000000001,7.0585183e-12
101.75370000000001,7.121286e-12
101.8557,7.04303e-12
101.95779999999999,6.91994e-12
102.0601,6.7153336e-12
102.1624,6.417798e-12
102.26480000000001,5.7134948e-12
102.3673,4.368472e-12
102.46990000000001,2.5742928e-12
102.57270000000001,1.5716391e-12
102.67550000000001,2.6020082e-12
102.7784,4.4907468e-12
102.8815,6.0982534e-12
102.9846,7.2142145e-12
103.08779999999999,7.829665e-12
103.19120000000001,8.282082e-12
103.29459999999999,8.697816e-12
103.3982,8.942366e-12
103.5018,8.926062e-12
103.60560000000001,8.445114e-12
103.7095,8.42066e-12
103.8134,9.26028e-12
103.91749999999999,9.80644e-12
104.02170000000001,1.0026536e-11
104.126,1.019772e-11
104.23030000000001,1.02384785e-11
104.3348,1.02221755e-11
104.4394,1.0385208e-11
104.5441,1.06134546e-11
104.6489,1.0817246e-11
104.7539,1.0866156e-11
104.85889999999999,1.0939521e-11
104.96400000000001,1.1290042e-11
105.0692,1.1542744e-11
105.1745,1.1624261e-11
105.28,1.1746534e-11
105.38550000000001,1.1950327e-11
105.4912,1.2113359e-11
105.5969,1.2366061e-11
105.7028,1.2659521e-11
105.80879999999999,1.2838857e-11
105.91479999999999,1.280625e-11
106.021,1.2863312e-11
106.12729999999999,1.3156772e-11
106.2337,1.3107861e-11
106.34020000000001,1.3018193e-11
106.44680000000001,1.3401321e-11
106.55350000000001,1.3499141e-11
106.6603,1.3352411e-11
106.7673,1.3336107e-11
106.87429999999999,1.3613264e-11
106.98140000000001,1.4240942e-11
107.08869999999999,1.4656675e-11
107.196,1.4836013e-11
107.30350000000001,1.4909378e-11
107.4111,1.5162078e-11
107.51880000000001,1.546369e-11
107.62650000000001,1.5773452e-11
107.73440000000001,1.6197339e-11
107.8424,1.6523404e-11
107.95060000000001,1.6825015e-11
108.05879999999999,1.708587e-11
108.1671,1.7167386e-11
108.27550000000001,1.7159234e-11
108.38409999999999,1.6825015e-11
108.49269999999999,1.669459e-11
108.60150000000002,1.7411936e-11
108.7104,1.8341224e-11
108.8194,1.8708049e-11
108.92850000000001,1.8903688e-11
109.0377,1.896075e-11
109.147,1.9131936e-11
109.25640000000001,1.9621034e-11
109.36590000000001,2.0036767e-11
109.47560000000001,2.0012315e-11
109.5853,1.9131936e-11
109.6952,1.8235254e-11
109.8051,1.8805868e-11
109.9152,1.9767764e-11
110.02539999999999,2.1063878e-11
110.1357,2.3044728e-11
110.2461,2.500928e-11
110.3566,2.683525e-11
110.4673,2.8261787e-11
110.578,3.0267094e-11
110.68889999999999,3.412283e-11
110.7998,4.45814e-11
110.9109,7.7408115e-11
111.0221,1.5243595e-10
111.13340000000001,2.388435e-10
111.24480000000001,3.382937e-10
111.3563,3.856548e-10
111.468,4.740187e-10
111.5797,8.396205e-10
111.6916,8.4695695e-10
111.80350000000001,8.1924134e-10
111.9156,1.1665019e-09
112.0278,1.1355256e-09
112.1401,7.382139e-10
112.2526,7.165305e-10
112.36510000000001,1.3173075e-09
112.4777,1.6238098e-09
112.59049999999999,1.659677e-09
112.70340000000002,1.3776297e-09
112.8163,8.4532664e-10
112.92940000000002,6.1161864e-10
113.0427,9.945019e-10
113.15599999999999,1.497459e-09
113.26939999999999,1.5520751e-09
113.383,1.3621415e-09
113.49659999999999,1.4966439e-09
113.6104,1.8536863e-09
113.7243,1.8170039e-09
113.8383,1.2912221e-09
113.95250000000001,7.160414e-10
114.0667,7.544357e-10
114.181,1.068682e-09
114.29549999999999,1.0980279e-09
114.41010000000001,1.1387862e-09
114.5248,1.4852315e-09
114.6396,1.5846817e-09
114.75450000000001,1.5064259e-09
114.86959999999999,1.6319613e-09
114.9847,1.738748e-09
115.1,1.7338571e-09
115.2199951171875,1.6435681e-09
115.34000244140626,2.2559896e-09
115.69000244140625,3.3393532e-09
115.80999755859375,3.900051e-09
115.9300048828125,2.0948725e-09
116.04000244140624,1.1399401e-09
116.15999755859374,2.1980093e-09
116.2800048828125,2.585834e-09
116.4,1.2655693e-09
116.5199951171875,4.3131948e-10
116.99000244140625,4.1386766e-10
117.10999755859375,6.597556e-10
117.2199951171875,1.6183312e-10
117.34000244140626,6.7581485e-10
117.45999755859376,1.1195044e-09
117.5800048828125,5.557021e-10
118.5199951171875,2.042836e-10
119.8199951171875,1.2031877e-10
119.94000244140625,2.3295818e-10
120.1699951171875,0.0
120.29000244140624,0.0
120.40999755859374,0.0
120.5300048828125,0.0
120.65,0.0
120.75999755859375,0.0
120.8800048828125,0.0
121.0,0.0
121.1199951171875,0.0
121.24000244140625,0.0
121.35,0.0
121.4699951171875,0.0
121.59000244140626,0.0
121.70999755859376,0.0
121.8300048828125,0.0
121.94000244140625,0.0
122.05999755859375,0.0
122.1800048828125,0.0
122.3,0.0
122.4199951171875,0.0
122.5300048828125,0.0
122.65,0.0
122.7699951171875,0.0
122.89000244140625,0.0
123.0,2.8629554e-10
123.1199951171875,3.7603426e-10
123.24000244140625,6.4767325e-10
123.35999755859375,5.3642824e-10
123.4800048828125,5.626921e-10
123.59000244140626,3.590112e-10
123.70999755859376,3.155498e-10
123.8300048828125,8.401363e-10
123.95,1.1397251e-09
124.0699951171875,8.3757834e-10
124.1800048828125,1.3117791e-09
124.3,1.6131183e-09
124.4199951171875,8.159578e-10
124.54000244140624,5.591062e-10
124.65999755859374,7.5107087e-10
124.7699951171875,9.2266483e-10
124.89000244140625,1.137406e-09
125.00999755859375,1.7512995e-09
125.1300048828125,2.099619e-09
125.25,2.2717366e-09
125.35999755859375,2.5461835e-09
125.4800048828125,2.755003e-09
125.6,3.0746423e-09
125.7199951171875,3.080749e-09
125.84000244140626,3.1473957e-09
125.95,3.0256533e-09
126.0699951171875,3.4278842e-09
126.19000244140625,5.5249645e-09
126.30999755859375,5.9284107e-09
126.4300048828125,5.5155396e-09
126.54000244140624,6.520339e-09
126.65999755859374,7.5877855e-09
126.7800048828125,1.0381558e-08
126.9,1.2326159e-08
127.0199951171875,1.2147182e-08
127.1300048828125,1.2700308e-08
127.25,1.218596e-08
127.3699951171875,1.1023163e-08
127.49000244140625,1.0603097e-08
127.60999755859375,1.1458713e-08
127.7199951171875,1.3443328e-08
127.84000244140626,1.5542481e-08
127.95999755859376,1.8111892e-08
128.0800048828125,2.103687e-08
128.2,2.3063846e-08
128.30999755859375,2.4255947e-08
128.4300048828125,2.3537082e-08
128.55,2.1722116e-08
128.6699951171875,2.1204684e-08
128.79000244140624,2.1201368e-08
128.9,2.3271038e-08
129.0199951171875,2.5565361e-08
129.14000244140624,2.7455956e-08
129.25999755859374,2.9424577e-08
129.3800048828125,3.0338686e-08
129.49000244140626,3.0960102e-08
129.60999755859376,3.076688e-08
129.7300048828125,2.9996517e-08
129.85,2.8457558e-08
129.9699951171875,2.6337016e-08
130.0800048828125,2.213254e-08
130.2,1.9833506e-08
130.3199951171875,1.996174e-08
130.44000244140625,2.0355529e-08
130.55999755859375,2.0305741e-08
130.6699951171875,2.1113733e-08
130.79000244140624,2.1703304e-08
130.90999755859374,2.1699302e-08
131.0300048828125,2.4007116e-08
131.15,2.7974782e-08
131.25999755859374,3.2665692e-08
131.3800048828125,3.717033e-08
131.5,4.0382034e-08
131.6199951171875,4.1469754e-08
131.7300048828125,4.219118e-08
131.85,4.363042e-08
131.9699951171875,4.4751694e-08
132.09000244140626,4.472301e-08
132.20999755859376,4.365786e-08
132.3199951171875,4.3644818e-08
132.44000244140625,4.1936808e-08
132.55999755859375,4.1917158e-08
132.6800048828125,4.2202434e-08
132.8,4.2173404e-08
132.90999755859374,4.141922e-08
133.0300048828125,4.2591353e-08
133.15,3.928164e-08
133.2699951171875,3.5741948e-08
133.39000244140624,3.4375404e-08
133.5,3.7464215e-08
133.6199951171875,4.1758398e-08
133.74000244140626,4.9113066e-08
133.85999755859376,5.334325e-08
133.9800048828125,5.5240974e-08
134.09000244140626,5.589505e-08
134.20999755859376,5.5704117e-08
134.3300048828125,5.742681e-08
134.45,5.5554487e-08
134.5699951171875,5.570817e-08
134.6800048828125,5.510461e-08
134.8,5.4619008e-08
134.9199951171875,5.343548e-08
135.04000244140624,5.0830565e-08
135.15999755859374,4.8903374e-08
135.2699951171875,4.651088e-08
135.39000244140624,4.6219228e-08
135.50999755859374,4.4997662e-08
135.6300048828125,4.5642953e-08
135.75,4.6994447e-08
135.85999755859376,5.0528143e-08
135.9800048828125,5.108199e-08
136.1,4.9787133e-08
136.2199951171875,5.102646e-08
136.34000244140626,5.0424504e-08
136.45,4.9732485e-08
136.5699951171875,5.0860358e-08
136.69000244140625,5.10124e-08
136.80999755859375,5.0322143e-08
136.9300048828125,5.111852e-08
137.04000244140624,5.2349037e-08
137.15999755859374,5.262749e-08
137.2800048828125,5.4077365e-08
137.4,5.6355294e-08
137.5199951171875,5.7149066e-08
137.6300048828125,5.5920736e-08
137.75,5.5021047e-08
137.8699951171875,5.601029e-08
137.99000244140626,5.375915e-08
138.10999755859376,5.3082058e-08
138.2199951171875,5.6724872e-08
138.34000244140626,5.6751382e-08
138.45999755859376,5.5199862e-08
138.5800048828125,5.487906e-08
138.7,5.5227535e-08
138.80999755859375,5.682061e-08
138.9300048828125,5.6565383e-08
139.05,5.6685863e-08
139.1699951171875,5.58688e-08
139.29000244140624,5.4858063e-08
139.4,5.4123493e-08
139.5199951171875,5.4232775e-08
139.64000244140624,5.32939e-08
139.75999755859374,5.211305e-08
139.8800048828125,5.3606367e-08
139.99000244140626,5.656134e-08
140.10999755859376,5.7113155e-08
140.2300048828125,5.7197653e-08
140.35,5.750616e-08
140.4699951171875,5.8946597e-08
140.5800048828125,6.212752e-08
140.7,6.180857e-08
140.8199951171875,5.934573e-08
140.94000244140625,5.8241604e-08
141.05,5.8532343e-08
141.1699951171875,5.9623495e-08
141.29000244140624,6.219619e-08
141.40999755859374,6.291074e-08
141.5300048828125,6.207756e-08
141.64000244140624,6.5036275e-08
141.75999755859374,6.4627386e-08
141.8800048828125,6.4526205e-08
142.0,6.473263e-08
142.1199951171875,6.431302e-08
142.2300048828125,6.457341e-08
142.35,6.565407e-08
142.4699951171875,6.633564e-08
142.59000244140626,6.642719e-08
142.70999755859376,6.663423e-08
142.8199951171875,6.398661e-08
142.94000244140625,6.110864e-08
143.05999755859375,5.9363497e-08
143.1800048828125,5.6985595e-08
143.3,5.8489608e-08
143.40999755859374,6.176482e-08
143.5300048828125,6.0770894e-08
143.65,6.319553e-08
143.7699951171875,6.5896266e-08
143.89000244140624,6.38228e-08
144.0,6.588793e-08
144.1199951171875,6.709871e-08
144.24000244140626,6.58102e-08
144.35999755859376,6.637269e-08
144.4800048828125,6.7989546e-08
144.59000244140626,6.962954e-08
144.70999755859376,7.1463774e-08
144.8300048828125,7.117676e-08
144.95,7.195155e-08
145.0699951171875,7.183069e-08
145.1800048828125,7.2007886e-08
145.3,7.2041374e-08
145.4199951171875,7.17095e-08
145.54000244140624,7.164103e-08
145.65999755859374,7.160281e-08
145.7699951171875,7.159549e-08
145.89000244140624,6.943714e-08
146.00999755859374,6.880284e-08
146.1300048828125,7.087725e-08
146.25,6.883508e-08
146.35999755859376,6.5793365e-08
146.4800048828125,6.4345286e-08
146.6,6.6324894e-08
146.7199951171875,6.6316105e-08
146.84000244140626,6.428971e-08
146.95,6.429597e-08
147.0699951171875,6.388246e-08
147.19000244140625,6.1696305e-08
147.30999755859375,6.229102e-08
147.4300048828125,6.346658e-08
147.54000244140624,6.58687e-08
147.65999755859374,6.825101e-08
147.7800048828125,6.877395e-08
147.9,6.6354474e-08
148.0199951171875,6.409664e-08
148.1300048828125,6.474641e-08
148.25,6.470968e-08
148.3699951171875,6.4375584e-08
148.49000244140626,6.662442e-08
148.60999755859376,7.024072e-08
148.7199951171875,7.374866e-08
148.84000244140626,7.401805e-08
148.95999755859376,7.1141194e-08
149.0800048828125,6.8755355e-08
149.2,6.856501e-08
149.30999755859375,6.907848e-08
149.4300048828125,6.9859304e-08
149.55,7.310866e-08
149.6699951171875,7.7822904e-08
149.7800048828125,7.885389e-08
149.9,7.824599e-08
150.0199951171875,7.8109366e-08
150.14000244140624,7.7211155e-08
150.25999755859374,7.6439896e-08
150.3699951171875,7.5574995e-08
150.49000244140626,7.2809094e-08
150.60999755859376,7.004949e-08
150.7300048828125,6.6750864e-08
150.85,6.51212e-08
150.95999755859376,6.432345e-08
151.0800048828125,6.398931e-08
151.2,6.5719554e-08
151.3199951171875,6.793436e-08
151.44000244140625,6.91214e-08
151.55,7.028706e-08
151.6699951171875,7.090904e-08
151.79000244140624,7.251808e-08
151.90999755859374,7.641465e-08
152.0300048828125,7.7301834e-08
152.14000244140624,7.38273e-08
152.25999755859374,7.2316034e-08
152.3800048828125,7.0977784e-08
152.5,6.849843e-08
152.6199951171875,6.8029834e-08
152.7300048828125,6.759686e-08
152.85,6.645968e-08
152.9699951171875,6.901389e-08
153.09000244140626,6.866543e-08
153.20999755859376,6.584104e-08
153.3199951171875,6.5856014e-08
153.44000244140625,6.759352e-08
153.55999755859375,7.1543546e-08
153.6800048828125,7.2263845e-08
153.8,7.308469e-08
153.90999755859374,7.4483715e-08
154.0300048828125,7.324351e-08
154.15,7.1554005e-08
154.2699951171875,7.169115e-08
154.39000244140624,7.2089435e-08
154.5,7.0848046e-08
154.6199951171875,7.0647566e-08
154.74000244140626,7.368549e-08
154.85999755859376,7.467342e-08
154.9800048828125,7.330104e-08
155.09000244140626,7.107843e-08
155.20999755859376,7.141009e-08
155.3300048828125,7.164941e-08
155.45,7.0673416e-08
155.5699951171875,6.779414e-08
155.6800048828125,6.466104e-08
155.8,6.3797636e-08
155.9199951171875,6.339269e-08
156.04000244140624,6.351529e-08
156.15999755859374,6.611544e-08
156.2699951171875,6.779837e-08
156.39000244140624,6.846221e-08
156.50999755859374,7.145616e-08
156.6300048828125,7.273081e-08
156.75,7.220518e-08
156.85999755859376,6.97508e-08
156.9800048828125,6.735543e-08
157.1,6.840605e-08
157.2199951171875,6.822974e-08
157.34000244140626,6.7756446e-08
157.45,6.906474e-08
157.5699951171875,6.9481025e-08
157.69000244140625,7.10735e-08
157.80999755859375,7.306129e-08
157.9300048828125,7.407502e-08
158.04000244140624,7.3822264e-08
158.15999755859374,7.422107e-08
158.2800048828125,7.336661e-08
158.4,7.29763e-08
158.50999755859374,7.355488e-08
158.6300048828125,7.2501194e-08
158.75,7.269914e-08
158.8699951171875,7.24154e-08
158.99000244140626,7.246002e-08
159.1,7.239868e-08
159.2199951171875,7.026941e-08
159.34000244140626,7.1034634e-08
159.45999755859376,7.176006e-08
159.5800048828125,7.203805e-08
159.69000244140625,7.279216e-08
159.80999755859375,7.258042e-08
159.9300048828125,7.119202e-08
160.05,7.1000606e-08
160.1699951171875,7.087329e-08
160.2800048828125,6.89067e-08
160.4,7.016546e-08
160.5199951171875,7.0845296e-08
160.64000244140624,7.1475085e-08
160.75999755859374,7.142532e-08
160.8699951171875,7.2019475e-08
160.99000244140626,7.217973e-08
161.10999755859376,7.147146e-08
161.2300048828125,7.1549515e-08
161.35,7.257373e-08
161.45999755859376,7.20617e-08
161.5800048828125,7.361558e-08
161.7,7.3205555e-08
161.8199951171875,7.205054e-08
161.94000244140625,7.176754e-08
162.05,7.3113824e-08
162.1699951171875,7.3919615e-08
162.29000244140624,7.346324e-08
162.40999755859374,7.239569e-08
162.5300048828125,7.166535e-08
162.64000244140624,7.193943e-08
162.75999755859374,7.1705806e-08
162.8800048828125,7.10187e-08
163.0,7.1114236e-08
163.1199951171875,7.1149834e-08
163.2300048828125,7.046449e-08
163.35,7.035882e-08
163.4699951171875,7.214219e-08
163.59000244140626,7.1787596e-08
163.70999755859376,7.039833e-08
163.8199951171875,7.262714e-08
163.94000244140625,7.269506e-08
164.05999755859375,7.061959e-08
164.1800048828125,7.0912584e-08
164.3,7.137356e-08
164.40999755859374,7.106699e-08
164.5300048828125,7.242712e-08
164.65,7.300518e-08
164.7699951171875,7.2169264e-08
164.89000244140624,7.154097e-08
165.0,7.062478e-08
165.1199951171875,6.859935e-08
165.24000244140626,6.604151e-08
165.35999755859376,6.332874e-08
165.4800048828125,5.786429e-08
165.59000244140626,5.4265005e-08
165.70999755859376,5.595197e-08
165.8300048828125,5.888435e-08
165.95,6.305979e-08
166.0699951171875,6.3745496e-08
166.1800048828125,6.381698e-08
166.3,6.485158e-08
166.4199951171875,7.038895e-08
166.54000244140624,6.971626e-08
166.65999755859374,6.729563e-08
166.7699951171875,6.6243544e-08
166.89000244140624,6.5851665e-08
167.00999755859374,6.431671e-08
167.1300048828125,6.476864e-08
167.25,6.556866e-08
167.35999755859376,6.4641064e-08
167.4800048828125,6.610066e-08
167.6115356,6.8205004e-08
167.7486328,6.9199004e-08
167.8857422,6.8677004e-08
168.0228516,6.9403995e-08
168.15996090000002,7.0313e-08
168.2970703,6.9997995e-08
168.43417970000002,6.9104e-08
168.5712891,6.7402e-08
168.70839840000002,6.7072e-08
168.84552000000002,6.7978e-08
168.9826294,6.788e-08
169.119751,6.7158e-08
169.2568726,6.6729996e-08
169.39399410000001,6.6094e-08
169.53111570000002,6.5353e-08
169.66823730000002,6.4778e-08
169.80535890000002,6.5864995e-08
169.9424927,6.6307e-08
170.0796143,6.5546e-08
170.216748,6.4806e-08
170.3538818,6.499e-08
170.4910156,6.5335996e-08
170.6281494,6.4531e-08
170.7652832,6.3645004e-08
170.90241699999999,6.4253e-08
171.0395508,6.5012e-08
171.1766968,6.5053e-08
171.3138428,6.5100004e-08
171.4509766,6.5028004e-08
171.5881226,6.5643e-08
171.7252686,6.4925e-08
171.86241460000002,6.3312996e-08
171.9995605,6.1918996e-08
172.13671879999998,6.2944004e-08
172.2738647,6.3768e-08
172.4110107,6.231e-08
172.5481689,6.126e-08
172.6853271,6.3975e-08
172.8224854,6.5838e-08
172.9596436,6.5626e-08
173.0968018,6.3872e-08
173.23396,6.345e-08
173.3711182,6.3389e-08
173.5082886,6.4013996e-08
173.6454468,6.4271e-08
173.7826172,6.4686e-08
173.9197876,6.6119995e-08
174.0569458,6.4984e-08
174.1941162,6.3756e-08
174.3312866,6.3958e-08
174.46846920000002,6.3588004e-08
174.6056396,6.3487e-08
174.74281009999999,6.3662e-08
174.8799927,6.426e-08
175.01717530000002,6.4751e-08
175.1543457,6.4815e-08
175.2915283,6.5908e-08
175.4287109,6.7413e-08
175.5658936,6.8343e-08
175.7030762,6.7452e-08
175.840271,6.5997995e-08
175.9774536,6.3371004e-08
176.1146362,6.2374e-08
176.2518311,6.2629e-08
176.3890259,6.1941996e-08
176.5262207,6.1983e-08
176.6634033,6.3146e-08
176.8005981,6.3638e-08
176.9378052,6.3997e-08
177.075,6.4322e-08
177.2121948,6.4322e-08
177.3494019,6.4804e-08
177.4865967,6.4838005e-08
177.6238037,6.5590996e-08
177.76101069999999,6.6341e-08
177.8982056,6.6872005e-08
178.0354126,6.6291e-08
178.17261960000002,6.5235e-08
178.3098389,6.509e-08
178.44704589999998,6.3941e-08
178.5842529,6.2926006e-08
178.7214722,6.2948e-08
178.8586792,6.4572e-08
178.99589840000002,6.6786995e-08
179.1331177,6.8034e-08
179.27033690000002,6.814e-08
179.4075439,6.8308e-08
179.5447754,6.8323004e-08
179.6819946,6.7141e-08
179.8192139,6.6976e-08
179.9564331,6.7844e-08
180.0936646,6.8408e-08
180.2308838,6.7798e-08
180.3681152,6.6603995e-08
180.5053467,6.5867e-08
180.64257809999998,6.4455e-08
180.7798096,6.2878e-08
180.91704099999998,6.4096e-08
181.0542725,6.5852e-08
181.1915039,6.6259e-08
181.3287354,6.5819e-08
181.465979,6.4599e-08
181.6032104,6.3751e-08
181.74045410000002,6.3179996e-08
181.87769780000002,6.3697e-08
182.0149414,6.3158e-08
182.1521851,6.3461e-08
182.2894287,6.383e-08
182.4266724,6.3668e-08
182.563916,6.2778e-08
182.7011597,6.2139e-08
182.8384155,6.2219e-08
182.9756592,6.2013e-08
183.112915,6.0655e-08
183.2501587,6.0784004e-08
183.3874146,6.2185e-08
183.5246704,6.255e-08
183.6619263,6.2797994e-08
183.7991821,6.2366e-08
183.936438,6.0806e-08
184.0736938,5.9057e-08
184.2109619,5.8063996e-08
184.3482178,5.9126002e-08
184.4854858,5.9319998e-08
184.6227417,5.8584e-08
184.76000979999998,5.8655e-08
184.8972778,6.0512e-08
185.03454589999998,6.1227e-08
185.17181399999998,5.9992e-08
185.309082,5.9500998e-08
185.4463501,5.9837e-08
185.5836182,6.0679e-08
185.7208862,6.0785e-08
185.85816649999998,5.9998e-08
185.9954346,5.9434e-08
186.1327148,5.9839e-08
186.2699829,5.9773e-08
186.40726320000002,6.0213e-08
186.5445435,6.0667e-08
186.6818237,6.1398e-08
186.81910399999998,6.1988004e-08
186.9563843,6.2363e-08
187.0936646,6.2916e-08
187.2309448,6.3163e-08
187.3682373,6.2866e-08
187.50551760000002,6.1552996e-08
187.6428101,6.0656e-08
187.7800903,6.104e-08
187.91738279999998,6.2032e-08
188.0546753,6.1619e-08
188.1919678,6.213e-08
188.32926030000002,6.28e-08
188.46655270000002,6.3132e-08
188.6038452,6.2818e-08
188.7411377,6.2421e-08
188.8784302,6.1774e-08
189.0157349,6.1917e-08
189.15302730000002,6.1868e-08
189.29033199999998,6.1719e-08
189.4276245,6.1318e-08
189.5649292,6.0713e-08
189.7022339,6.0299e-08
189.8395386,5.9784e-08
189.9768311,5.9748004e-08
190.1141357,5.9391997e-08
190.2514526,5.999e-08
190.3887573,6.0419e-08
190.526062,6.0053e-08
190.6633667,6.0348e-08
190.8006836,5.9544e-08
190.9379883,5.8505e-08
191.0753052,5.8271002e-08
191.21260990000002,5.9668e-08
191.3499268,6.0110004e-08
191.4872437,5.9556e-08
191.6245605,5.9987e-08
191.7618774,5.9746e-08
191.8991943,6.0341996e-08
192.0365112,6.0944004e-08
192.17382809999998,6.0624e-08
192.311145,6.0534e-08
192.4484741,6.0444e-08
192.585791,5.8650002e-08
192.7231079,5.8624e-08
192.860437,5.9079e-08
192.99776609999998,5.7573e-08
193.135083,5.6716e-08
193.2724121,5.9024e-08
193.4097412,6.0238e-08
193.5470703,6.0305e-08
193.68439940000002,6.0207e-08
193.8217285,6.0790995e-08
193.9590576,6.0828e-08
194.09638669999998,6.0752e-08
194.23372799999999,6.1447e-08
194.3710571,6.1512e-08
194.5083862,6.108e-08
194.6457275,6.0544004e-08
194.7830688,6.0528e-08
194.92039789999998,6.0175e-08
195.0577393,6.037e-08
195.1950806,6.043e-08
195.3324219,6.0134e-08
195.469751,6.0109e-08
195.6070923,6.0336e-08
195.7444458,6.0548004e-08
195.8817871,6.0716005e-08
196.0191284,6.1019e-08
196.1564697,6.0809e-08
196.293811,6.0346e-08
196.43116460000002,6.0280996e-08
196.5685059,6.0337e-08
196.7058594,6.0246e-08
196.8432129,5.9557e-08
196.9805542,5.9851e-08
197.1179077,6.0077e-08
197.2552612,6.0600996e-08
197.3926147,6.043e-08
197.5299683,5.9782e-08
197.6673218,5.9904e-08
197.8046753,5.9367e-08
197.9420288,5.8858e-08
198.0793823,5.9327e-08
198.21673579999998,5.9646e-08
198.35410159999998,5.8948004e-08
198.4914551,5.8582003e-08
198.6288208,5.849e-08
198.7661743,5.9157e-08
198.90354,5.8696e-08
199.0408936,5.7954e-08
199.17825929999998,5.7980998e-08
199.315625,5.7534e-08
199.45299070000002,5.7269e-08
199.5903564,5.7938003e-08
199.7277222,5.8517998e-08
199.8650879,5.7624998e-08
200.0024536,5.5873997e-08
200.1398193,5.6691e-08
200.2771851,5.752e-08
200.4145508,5.6815e-08
200.55192870000002,5.6733e-08
200.6892944,5.6570002e-08
200.8266602,5.5913e-08
200.96403809999998,5.6838e-08
201.101416,5.4898003e-08
201.2387817,5.4098003e-08
201.3761597,5.4838e-08
201.5135376,5.5397e-08
201.6509033,5.5412e-08
201.7882812,5.5388e-08
201.92565919999998,5.5301e-08
202.0630371,5.5212e-08
202.200415,5.5026e-08
202.337793,5.5744998e-08
202.4751709,5.5743e-08
202.612561,5.4635e-08
202.74993899999998,5.5276e-08
202.8873169,5.6035997e-08
203.02470699999998,5.6506e-08
203.162085,5.6336e-08
203.2994751,5.4856e-08
203.43685299999999,5.4812e-08
203.5742432,5.4833002e-08
203.7116211,5.4482e-08
203.8490112,5.4571e-08
203.9864014,5.4611e-08
204.12379149999998,5.3904003e-08
204.2611694,5.5112e-08
204.3985596,5.5893e-08
204.5359497,5.6704003e-08
204.6733398,5.7132002e-08
204.8107422,5.6757e-08
204.9481201,5.6572e-08
205.08552249999997,5.6516e-08
205.2229004,5.6292002e-08
205.3603027,5.5635997e-08
205.4977051,5.4031002e-08
205.63508299999998,5.3473997e-08
205.7724854,5.4162e-08
205.90988769999998,5.4401e-08
206.04729000000003,5.5082e-08
206.18466800000002,5.4009e-08
206.3220703,5.3139e-08
206.45947270000002,5.3536e-08
206.596875,5.3073997e-08
206.73427729999997,5.2975004e-08
206.87167970000002,5.3756e-08
207.00908199999998,5.4367998e-08
207.14648440000002,5.4456997e-08
207.28388669999998,5.4099e-08
207.42128910000002,5.4323998e-08
207.5586914,5.5096997e-08
207.69609380000003,5.5683998e-08
207.8334961,5.5727e-08
207.97089839999998,5.5146998e-08
208.1083008,5.4978e-08
208.2457031,5.5534997e-08
208.3831055,5.549e-08
208.5205322,5.5072e-08
208.6579346,5.5415e-08
208.7953369,5.5317e-08
208.9327393,5.513e-08
209.07016600000003,5.4666998e-08
209.20756839999999,5.4882e-08
209.34497070000003,5.4427e-08
209.4823975,5.3557e-08
209.6197998,5.3791e-08
209.7572021,5.3481003e-08
209.8946289,5.3862e-08
210.03203119999998,5.4264003e-08
210.169458,5.3609e-08
210.3068604,5.3731e-08
210.4442627,5.3757e-08
210.58168949999998,5.4679997e-08
210.7191162,5.407e-08
210.8565186,5.2195e-08
210.9939453,5.1564e-08
211.13134770000002,5.1632e-08
211.26877439999998,5.1734e-08
211.4062012,5.1749e-08
211.54360350000002,5.3323998e-08
211.68103030000003,5.4387e-08
211.818457,5.4122e-08
211.9558594,5.3865e-08
212.09328609999997,5.3881003e-08
212.2307129,5.3687003e-08
212.3681152,5.3161997e-08
212.50554200000002,5.2468998e-08
212.6429688,5.1665e-08
212.7803955,5.1628998e-08
212.91782229999998,5.0827e-08
213.055249,4.9527998e-08
213.19265140000002,4.8069e-08
213.33007809999998,4.6604e-08
213.4675049,4.5011e-08
213.60493160000001,4.6021e-08
213.7423584,4.8865e-08
213.87978520000001,4.954e-08
214.01721189999998,4.9607e-08
214.1546387,5.0673997e-08
214.2920654,5.1655e-08
214.4294922,5.1938002e-08
214.56691890000002,5.2131e-08
214.70434570000003,5.1303e-08
214.8417725,5.1217e-08
214.97919919999998,5.1207e-08
215.11665039999997,5.0384998e-08
215.2540771,5.0697004e-08
215.3915039,5.1838e-08
215.5289307,5.2258e-08
215.6663574,5.2319e-08
215.80378420000002,5.1905e-08
215.9412354,5.0282e-08
216.07866210000003,5.0065e-08
216.21608890000002,4.9778e-08
216.35351559999998,5.0364e-08
216.49096679999997,5.0331003e-08
216.62839359999998,4.9459e-08
216.7658203,4.8927e-08
216.9032471,4.8388e-08
217.0406982,4.8288e-08
217.178125,4.9039e-08
217.3155518,4.9517e-08
217.4530029,4.8405e-08
217.59042970000002,4.6963e-08
217.7278809,4.8171998e-08
217.8653076,4.9267e-08
218.0027344,4.9773e-08
218.1401855,5.0483997e-08
218.27761230000002,5.1248e-08
218.4150635,5.0146e-08
218.55249020000002,4.9228e-08
218.6899414,4.8684e-08
218.8273682,4.7916e-08
218.9648193,4.906e-08
219.1022461,5.0034e-08
219.2396973,4.9565003e-08
219.377124,5.0071e-08
219.5145752,5.1265e-08
219.6520264,5.1461e-08
219.7894531,5.1331e-08
219.9269043,5.1042e-08
220.06433109999998,5.0474e-08
220.20178219999997,4.9697e-08
220.3392334,5.0679e-08
220.47666020000003,5.0611998e-08
220.61411130000002,4.9117e-08
220.7515625,4.7634998e-08
220.8889893,4.7821e-08
221.0264404,4.7095e-08
221.1638916,4.6076998e-08
221.30131839999999,4.6833e-08
221.43876949999998,4.6155e-08
221.57622070000002,4.6538e-08
221.7136719,4.6353e-08
221.85109859999997,4.7059e-08
221.98854980000002,4.7398e-08
222.126001,4.6712e-08
222.2634521,4.7227e-08
222.4008789,4.6119002e-08
222.5383301,4.5849e-08
222.6757812,4.6204e-08
222.8132324,4.5886e-08
222.9506836,4.7545e-08
223.0881104,4.8644e-08
223.2255615,4.8098002e-08
223.36301269999998,4.8712998e-08
223.50046390000003,4.8557e-08
223.63791500000002,4.8711e-08
223.7753662,4.8603003e-08
223.9128174,4.8102e-08
224.05024410000001,4.7831e-08
224.1876953,4.6743e-08
224.3251465,4.5710998e-08
224.4625977,4.5255e-08
224.60004880000002,4.5255998e-08
224.7375,4.5236e-08
224.8749512,4.4125002e-08
225.0124023,4.3521e-08
225.1498535,4.4346e-08
225.2873047,4.4910998e-08
225.42475589999998,4.3576e-08
225.562207,4.2761997e-08
225.69965820000002,4.2835e-08
225.8371094,4.4434998e-08
225.9745605,4.5099e-08
226.11201169999998,4.4594998e-08
226.24946289999997,4.5915e-08
226.3869141,4.5811998e-08
226.5243652,4.4943e-08
226.6618164,4.4839e-08
226.79926759999998,4.5144e-08
226.93671880000002,4.5252e-08
227.07416990000002,4.6651e-08
227.2116211,4.7771998e-08
227.3490723,4.8232e-08
227.48652339999998,4.7980002e-08
227.62397460000003,4.6933e-08
227.7614258,4.6502e-08
227.898877,4.6781e-08
228.0363281,4.6821e-08
228.17377929999998,4.7744e-08
228.31123050000002,4.8005e-08
228.44868160000001,4.7005e-08
228.5861328,4.7401e-08
228.723584,4.6763e-08
228.8610352,4.741e-08
228.99848630000002,4.8555002e-08
229.1359375,4.8401997e-08
229.2733887,4.7213e-08
229.4108398,4.5950998e-08
229.5483154,4.5845e-08
229.6857666,4.4171e-08
229.8232178,4.181e-08
229.96066890000003,4.2733998e-08
230.09812010000002,4.4192e-08
230.2355713,4.5161e-08
230.3730225,4.4688e-08
230.51047359999998,4.4908003e-08
230.6479248,4.5571e-08
230.78537599999999,4.5451e-08
230.9228271,4.5736e-08
231.06030270000002,4.6339e-08
231.1977539,4.4150998e-08
231.3352051,4.2236003e-08
231.4726562,4.2278e-08
231.6101074,4.3377998e-08
231.7475586,4.4214e-08
231.88500979999998,4.3844e-08
232.0224609,4.3506997e-08
232.1599121,4.4079e-08
232.2973633,4.5017e-08
232.43483890000002,4.499e-08
232.57229,4.2625e-08
232.7097412,4.1214e-08
232.84719239999998,4.2236003e-08
232.98464359999997,4.3715e-08
233.1220947,4.2927e-08
233.2595459,4.2230003e-08
233.3969971,4.1892e-08
233.53444819999999,4.2367997e-08
233.67189939999997,4.3195996e-08
233.80935060000002,4.2037e-08
233.94682619999998,4.2215e-08
234.0842773,4.2102002e-08
234.2217285,4.1581e-08
234.3591797,3.9878998e-08
234.49663089999999,3.7678e-08
234.63408199999998,3.9482998e-08
234.77153320000002,4.0893e-08
234.9089844,4.0952003e-08
235.0464355,4.3108003e-08
235.1838867,4.31e-08
235.32133789999997,4.3125002e-08
235.45878910000002,4.2047002e-08
235.5962402,4.1476e-08
235.7336914,4.2481002e-08
235.871167,4.2335003e-08
236.0086182,3.9698e-08
236.1460693,3.9454e-08
236.28352049999998,4.0962e-08
236.42097170000002,4.0817998e-08
236.5584229,4.0453003e-08
236.695874,4.0865e-08
236.8333252,4.1328e-08
236.97077640000003,4.1512e-08
237.10822750000003,4.1299998e-08
237.2456787,4.2228997e-08
237.3831299,4.1271e-08
237.5205811,4.0712e-08
237.65803219999998,4.1417998e-08
237.79548340000002,4.1997e-08
237.9329346,3.9727e-08
238.0703857,3.8415e-08
238.2078369,3.5835e-08
238.3452881,3.4134e-08
238.4827148,3.7764e-08
238.620166,4.0480003e-08
238.7576172,4.0178996e-08
238.89506839999999,3.7914e-08
239.03251949999998,3.8632e-08
239.16997070000002,4.0878998e-08
239.3074219,4.1893998e-08
239.444873,4.0942002e-08
239.5823242,3.7794e-08
239.71977539999997,3.8592e-08
239.85722660000002,4.0189e-08
239.99465329999998,3.9228e-08
240.13210450000003,3.9733e-08
240.2695557,4.0432e-08
240.4070068,3.9566e-08
240.544458,3.7642e-08
240.6819092,3.7689997e-08
240.8193604,3.8512e-08
240.9567871,3.9158003e-08
241.0942383,3.7908002e-08
241.2316895,3.8421e-08
241.36914059999998,3.9844e-08
241.50659179999997,4.0245e-08
241.64401859999998,4.0455998e-08
241.78146969999997,3.9831e-08
241.91892090000002,4.0808e-08
242.0563721,4.2469e-08
242.19379880000002,4.3251e-08
242.33125,4.2076e-08
242.4687012,3.9863004e-08
242.6061279,3.9958003e-08
242.74357909999998,4.0748e-08
242.88103030000002,3.9524004e-08
243.01845699999998,3.8749e-08
243.15590820000003,4.0160998e-08
243.2933594,4.0045e-08
243.43078609999998,3.8442998e-08
243.56823730000002,3.82e-08
243.7056885,3.8705e-08
243.8431152,3.8899998e-08
243.9805664,4.0687e-08
244.1179932,4.177e-08
244.2554443,4.2867e-08
244.3928711,4.2721e-08
244.5303223,4.0748e-08
244.6677734,3.8893e-08
244.8052002,3.9154e-08
244.94265140000002,4.0253e-08
245.08007809999998,3.9539e-08
245.21752929999997,4.0089997e-08
245.35495609999998,4.093e-08
245.4923828,4.0275e-08
245.629834,4.1032997e-08
245.7672607,4.1175e-08
245.9047119,4.0978996e-08
246.04213869999998,4.0359e-08
246.17958979999997,4.0030002e-08
246.3170166,3.9183e-08
246.4544434,3.9037e-08
246.5918945,3.8977998e-08
246.72932129999998,3.899e-08
246.866748,3.9434e-08
247.0041992,3.9301e-08
247.141626,3.8994e-08
247.27905270000002,3.8968004e-08
247.4164795,3.8868002e-08
247.5539307,3.9943e-08
247.69135740000002,3.9694e-08
247.82878420000003,3.8963e-08
247.9662109,3.8684e-08
248.1036621,3.9474003e-08
248.24108890000002,3.9549e-08
248.3785156,3.8582e-08
248.5159424,3.8899998e-08
248.65336910000002,4.0388e-08
248.7907959,4.1133998e-08
248.92822270000002,4.0714e-08
249.06564939999998,3.8591e-08
249.2030762,3.7591e-08
249.3405029,3.8827e-08
249.4779297,3.9899e-08
249.61535640000002,4.1948e-08
249.7527832,4.1746002e-08
249.89020999999997,4.0594998e-08
250.0276367,4.1051e-08
250.1650635,4.1816e-08
250.30249020000002,4.1045e-08
250.439917,4.0253e-08
250.57734380000002,4.0277e-08
250.7147705,3.9355e-08
250.8521973,3.9758e-08
250.989624,4.0798e-08
251.12702640000003,4.0017998e-08
251.2644531,3.9065e-08
251.40187989999998,3.9843002e-08
251.5393066,3.9686e-08
251.676709,3.9617e-08
251.8141357,3.9276998e-08
251.9515625,3.8965e-08
252.08896479999999,3.8158e-08
252.2263916,3.8205997e-08
252.36381839999999,3.7954e-08
252.50122070000003,3.7261e-08
252.6386475,3.5098e-08
252.77607419999998,3.4655002e-08
252.91347660000002,3.529e-08
253.0509033,3.5116e-08
253.1883057,3.779e-08
253.32573240000002,3.9568e-08
253.46313479999998,3.8192e-08
253.6005615,3.6669e-08
253.7379639,3.5869e-08
253.8753662,3.4438e-08
254.01279300000002,3.4212e-08
254.1501953,3.633e-08
254.2876221,3.6352e-08
254.42502439999998,3.6775e-08
254.5624268,3.7055e-08
254.69985350000002,3.6348e-08
254.8372559,3.6337e-08
254.97465820000002,3.3815e-08
255.1120605,3.4512e-08
255.24946289999997,3.8366e-08
255.3868896,4.0644e-08
255.524292,4.0666e-08
255.6616943,3.9939e-08
255.7990967,3.9505e-08
255.936499,3.9403e-08
256.0739014,3.8512e-08
256.21130370000003,3.8914003e-08
256.34870609999996,3.7356e-08
256.48610840000003,3.7672e-08
256.6235107,3.9988e-08
256.76091310000004,3.9194e-08
256.8983154,4.0157e-08
257.03571780000004,4.0529e-08
257.1731201,4.0022996e-08
257.3105225,4.0041e-08
257.4479004,3.9872997e-08
257.5853027,3.9929e-08
257.7227051,3.9138e-08
257.8601074,3.9153e-08
257.9974854,3.9785e-08
258.1348877,4.0357e-08
258.27229,3.971e-08
258.409668,3.9044e-08
258.5470703,3.9655e-08
258.6844727,3.7906e-08
258.8218506,3.9283997e-08
258.9592529,3.9702e-08
259.0966309,3.9742e-08
259.2340332,3.9097003e-08
259.3714111,3.902e-08
259.5088135,3.9226002e-08
259.6461914,4.02e-08
259.7835938,3.9935003e-08
259.9209717,3.5883e-08
260.05834960000004,3.5661e-08
260.19575199999997,3.9851e-08
260.3331299,4.0922e-08
260.4705078,3.9785e-08
260.6078857,3.6953e-08
260.7452637,3.5459e-08
260.88266600000003,3.6942e-08
261.0200439,3.7344996e-08
261.15742190000003,3.6508002e-08
261.2947998,3.6157e-08
261.4321777,3.7059e-08
261.5695557,3.8447002e-08
261.7069336,4.0238e-08
261.8443115,3.875e-08
261.9816895,3.844e-08
262.1190674,3.797e-08
262.2564453,3.8613003e-08
262.3938232,3.9095e-08
262.5311768,3.8611e-08
262.6685547,3.684e-08
262.8059326,3.8293e-08
262.9433105,3.7608e-08
263.08066410000004,3.6342e-08
263.218042,3.4603e-08
263.3554199,3.8014e-08
263.4927734,4.0635e-08
263.63015140000005,4.1126e-08
263.7675293,4.1017998e-08
263.9048828,4.006e-08
264.0422607,4.0838e-08
264.1796143,4.1088e-08
264.31696780000004,4.1605e-08
264.45434570000003,4.2127e-08
264.5916992,4.1985004e-08
264.7290771,4.2024002e-08
264.8664307,4.2198e-08
265.00378420000004,4.1947e-08
265.1411377,4.1617e-08
265.2785156,4.1310997e-08
265.4158691,4.1008e-08
265.5532227,4.1377998e-08
265.6905762,4.1434e-08
265.8279297,4.0956998e-08
265.96528320000004,4.0244e-08
266.1026367,4.0707e-08
266.2399902,3.9881e-08
266.3773438,3.8645e-08
266.51469729999997,3.8014e-08
266.6520508,3.8324004e-08
266.7894043,3.8399e-08
266.9267578,3.9482e-08
267.0640869,3.9419e-08
267.2014404,3.9246004e-08
267.33879390000004,3.8454e-08
267.47614749999997,3.9916998e-08
267.6134766,4.0271e-08
267.7508301,3.9796003e-08
267.8881592,3.9347e-08
268.0255127,3.9461998e-08
268.16284179999997,4.0049e-08
268.3001953,4.0712e-08
268.4375244,4.0326e-08
268.5748779,3.9309e-08
268.712207,3.922e-08
268.84953609999997,3.8594e-08
268.9868896,3.8498e-08
269.1242188,3.8644e-08
269.2615479,3.7949e-08
269.39887699999997,3.7954e-08
269.5362305,3.9404e-08
269.6735596,3.9704e-08
269.81088869999996,3.8274003e-08
269.9482178,3.7524003e-08
270.0855469,3.8888e-08
270.222876,3.8445e-08
270.3602051,3.8889997e-08
270.4975342,3.8452e-08
270.6348633,3.8475e-08
270.772168,3.8046004e-08
270.9094971,3.7615997e-08
271.0468262,3.7056e-08
271.18415530000004,3.7139e-08
271.32146,3.7476e-08
271.4587891,3.8542e-08
271.5961182,3.8508002e-08
271.7334229,3.8162e-08
271.870752,3.7777e-08
272.00805660000003,3.7654e-08
272.1453857,3.8182e-08
272.2826904,3.8156e-08
272.4199951,3.7864e-08
272.5573242,3.7972e-08
272.6946289,3.7918003e-08
272.8319336,3.7106002e-08
272.96923830000003,3.841e-08
273.1065674,3.8883996e-08
273.2438721,3.8928e-08
273.3811768,3.926e-08
273.51848140000004,3.973e-08
273.6557861,3.9074003e-08
273.79309079999996,3.7746002e-08
273.9303955,3.7569002e-08
274.0677002,3.6669e-08
274.2050049,3.7179e-08
274.3422852,3.6239e-08
274.4795898,3.6392002e-08
274.6168945,3.6204998e-08
274.7541992,3.4437e-08
274.8914795,3.4676e-08
275.0287842,3.3033e-08
275.1660645,3.4606998e-08
275.3033691,3.6291e-08
275.4406494,3.6522e-08
275.5779541,3.592e-08
275.7152344,3.5517e-08
275.8525391,3.6836e-08
275.9898193,3.7185e-08
276.1270996,3.7014e-08
276.2643799,3.6348e-08
276.4016846,3.662e-08
276.5389648,3.7339e-08
276.6762451,3.6950002e-08
276.8135254,3.6435e-08
276.9508057,3.6121e-08
277.0880859,3.7093e-08
277.2253662,3.8336e-08
277.3626465,3.8784e-08
277.4999268,3.8611997e-08
277.6371826,3.8031e-08
277.7744629,3.7371e-08
277.9117432,3.6767002e-08
278.0490234,3.6335e-08
278.18627929999997,3.664e-08
278.3235596,3.7092e-08
278.4608154,3.696e-08
278.59809570000004,3.7472e-08
278.7353516,3.7920998e-08
278.8726318,3.7742e-08
279.0098877,3.7319e-08
279.1471436,3.5562998e-08
279.2844238,3.5042e-08
279.4216797,3.2416e-08
279.5589355,2.656e-08
279.6961914,2.5417e-08
279.8334473,2.9774e-08
279.9707031,3.2623998e-08
280.107959,3.3423e-08
280.2452148,3.0279e-08
280.3824707,2.8133e-08
280.5197266,3.3088e-08
280.6569824,3.6379998e-08
280.79421390000005,3.7927e-08
280.9314697,3.8524e-08
281.0687256,3.8269e-08
281.205957,3.7809002e-08
281.34321289999997,3.7543e-08
281.48046880000004,3.8171e-08
281.6177002,3.8727e-08
281.7549316,3.8354997e-08
281.8921875,3.8466e-08
282.0294189,3.9000998e-08
282.1666504,3.9066e-08
282.3039062,3.8248e-08
282.4411377,3.8579003e-08
282.57836910000003,3.8617e-08
282.7156006,3.8221e-08
282.852832,3.7802003e-08
282.9900635,3.7579003e-08
283.12729490000004,3.7233e-08
283.2645264,3.7067e-08
283.4017578,3.7680003e-08
283.5389893,3.7438e-08
283.6761963,3.6774e-08
283.81342770000003,3.7215e-08
283.9506592,3.6827e-08
284.0878662,3.5562998e-08
284.2250977,3.5895e-08
284.3623047,3.6154e-08
284.4995361,3.6751e-08
284.6367432,3.7237e-08
284.77397460000003,3.6842998e-08
284.9111816,3.5981998e-08
285.0483887,3.5737997e-08
285.1855957,3.5554e-08
285.3228271,3.5606e-08
285.4600342,3.6926e-08
285.5972412,3.6127e-08
285.7344482,3.4865998e-08
285.87165530000004,3.5049e-08
286.0088379,3.6178e-08
286.1460449,3.6962e-08
286.283252,3.6839e-08
286.420459,3.6959e-08
286.55766600000004,3.6259e-08
286.6948486,3.5823998e-08
286.8320557,3.5628002e-08
286.96923830000003,3.5839e-08
287.1064453,3.5993e-08
287.2436279,3.6304e-08
287.380835,3.5897003e-08
287.5180176,3.5823998e-08
287.65520019999997,3.539e-08
287.7923828,3.5527e-08
287.9295654,3.6108002e-08
288.06677249999996,3.6072002e-08
288.2039551,3.6086e-08
288.3411377,3.7027e-08
288.4783203,3.6954e-08
288.6154785,3.7291002e-08
288.75266109999995,3.7167002e-08
288.8898438,3.6447002e-08
289.0270264,3.5665e-08
289.1641846,3.6099e-08
289.3013672,3.5847002e-08
289.43854980000003,3.5995e-08
289.57570799999996,3.6040998e-08
289.7128906,3.6113e-08
289.8500488,3.6318998e-08
289.987207,3.7042e-08
290.1243896,3.7965002e-08
290.2615479,3.8265e-08
290.39870609999997,3.8204e-08
290.5358643,3.8446004e-08
290.6730225,3.8089997e-08
290.8101807,3.7608e-08
290.94733890000003,3.7322e-08
291.0844971,3.7326e-08
291.2216553,3.7703e-08
291.3588135,3.8271e-08
291.4959473,3.8379003e-08
291.6331055,3.796e-08
291.7702637,3.7899e-08
291.9073975,3.8116998e-08
292.0445557,3.8168004e-08
292.1816895,3.7532e-08
292.3188232,3.7017e-08
292.45598140000004,3.6472002e-08
292.5931152,3.6746e-08
292.730249,3.6233e-08
292.8673828,3.5703998e-08
293.0045166,3.6171e-08
293.1416504,3.7019e-08
293.2787842,3.6769e-08
293.41591800000003,3.6177e-08
293.5530518,3.6429e-08
293.6901855,3.6064e-08
293.8273193,3.6361e-08
293.9644287,3.628e-08
294.1015625,3.6465998e-08
294.2386963,3.6966e-08
294.3758057,3.7248e-08
294.512915,3.6561e-08
294.65004880000004,3.6836e-08
294.7871582,3.6342e-08
294.9242676,3.5929e-08
295.0614014,3.6276e-08
295.1985107,3.7131002e-08
295.3356201,3.6847002e-08
295.4727295,3.6296e-08
295.6098389,3.7336e-08
295.7469482,3.7729002e-08
295.88403320000003,3.7781e-08
296.02114259999996,3.7440003e-08
296.158252,3.7189e-08
296.2953613,3.722e-08
296.4324463,3.6834e-08
296.5695557,3.5759e-08
296.7066406,3.6688e-08
296.84375,3.7112e-08
296.98083499999996,3.676e-08
297.1179199,3.5981e-08
297.2550049,3.6353e-08
297.3921143,3.7107e-08
297.5291992,3.7498e-08
297.6662842,3.7148e-08
297.8033691,3.7198e-08
297.9404541,3.6808e-08
298.0775146,3.6499e-08
298.21459960000004,3.6864e-08
298.3516846,3.677e-08
298.4887695,3.5985e-08
298.6258301,3.5273e-08
298.762915,3.6649e-08
298.8999756,3.7159e-08
299.0370605,3.7496e-08
299.1741211,3.7805997e-08
299.3111816,3.773e-08
299.4482422,3.7692e-08
299.5853027,3.7682e-08
299.7223877,3.7769002e-08
299.8594482,3.7636e-08
299.9965088,3.7283996e-08
300.1335449,3.6895e-08
300.2706055,3.6522e-08
300.407666,3.659e-08
300.5447266,3.7364998e-08
300.6817627,3.775e-08
300.8188232,3.762e-08
300.9558594,3.7574e-08
301.0929199,3.7732e-08
301.2299561,3.7716998e-08
301.3669922,3.7798998e-08
301.5040527,3.7779003e-08
301.6410889,3.7435e-08
301.778125,3.6984e-08
301.9151611,3.7120998e-08
302.0521973,3.6743e-08
302.18923340000003,3.6448e-08
302.32626949999997,3.7213e-08
302.4632812,3.7485e-08
302.6003174,3.7174e-08
302.73735350000004,3.6933002e-08
302.8743652,3.7255e-08
303.0114014,3.7117e-08
303.1484131,3.6833e-08
303.2854248,3.6781998e-08
303.4224609,3.6699e-08
303.5594727,3.6957e-08
303.69648440000003,3.6978e-08
303.8334961,3.6823e-08
303.9705078,3.6906002e-08
304.10751949999997,3.6814e-08
304.2445312,3.6525e-08
304.381543,3.6688e-08
304.5185547,3.6907e-08
304.655542,3.6859e-08
304.7925537,3.6516e-08
304.92954100000003,3.6311e-08
305.0665527,3.6336e-08
305.20354000000003,3.659e-08
305.34052729999996,3.6832e-08
305.4775391,3.6912e-08
305.61452640000005,3.6604998e-08
305.7515137,3.622e-08
305.888501,3.5895e-08
306.0254883,3.6042998e-08
306.1624756,3.6484998e-08
306.2994629,3.6495e-08
306.4364258,3.6418e-08
306.6998535,3.6042998e-08
306.9744385,3.6051e-08
307.2490234,3.5597e-08
307.5236084,3.5425e-08
307.79821780000003,3.5735e-08
308.0728027,3.6326e-08
308.3473877,3.6373e-08
308.6219971,3.6029e-08
308.89658199999997,3.5565e-08
309.1711914,3.5431e-08
309.44580080000003,3.5497003e-08
309.7204102,3.5723e-08
309.9950195,3.5673e-08
310.2696289,3.5437e-08
310.5442383,3.5451e-08
310.8188477,3.5865e-08
311.093457,3.585e-08
311.3680908,3.5835e-08
311.6427002,3.5276e-08
311.917334,3.4909e-08
312.1919434,3.5179e-08
312.4665771,3.5088e-08
312.7412109,3.5120998e-08
313.0158447,3.5051e-08
313.2904785,3.5211002e-08
313.5651123,3.5335e-08
313.8397461,3.5724e-08
314.1143799,3.5772e-08
314.3890381,3.5557e-08
314.6636719,3.5425e-08
314.9383057,3.5524e-08
315.21296390000003,3.5493e-08
315.4876221,3.5312e-08
315.7622559,3.4968e-08
316.0369141,3.4482e-08
316.31157229999997,3.4732e-08
316.5862305,3.5042e-08
316.8608887,3.501e-08
317.1355469,3.5366e-08
317.4102051,3.5264e-08
317.6848877,3.4793e-08
317.9595459,3.3914e-08
318.23422850000003,3.4150002e-08
318.5088867,3.464e-08
318.7835693,3.4555e-08
319.05822750000004,3.436e-08
319.3329102,3.4187e-08
319.6075928,3.4258e-08
319.88227539999997,3.4786e-08
320.156958,3.494e-08
320.4316406,3.4958e-08
320.7063232,3.4647e-08
320.9810059,3.4225998e-08
321.2557129,3.3979e-08
321.5303955,3.4017e-08
321.80510250000003,3.4106e-08
322.0797852,3.4274e-08
322.3544922,3.4197e-08
322.6291748,3.381e-08
322.9038818,3.3514e-08
323.1785889,3.3661e-08
323.4532959,3.336e-08
323.7280029,3.3229e-08
324.00271,3.36e-08
324.277417,3.4099e-08
324.552124,3.4263e-08
324.8268555,3.3987998e-08
325.1015625,3.3762998e-08
325.3762695,3.3707e-08
325.651001,3.3975e-08
325.925708,3.4079e-08
326.2004395,3.4175002e-08
326.4751709,3.4297003e-08
326.7499023,3.4227e-08
327.02460940000003,3.4048e-08
327.2993408,3.3929e-08
327.5740723,3.3699e-08
327.8488037,3.3583e-08
328.1235596,3.3818e-08
328.39829100000003,3.3962998e-08
328.6730225,3.3759e-08
328.9477539,3.3977e-08
329.2225098,3.4179e-08
329.4972412,3.4129e-08
329.7719971,3.4162998e-08
330.0467529,3.4183e-08
330.32148440000003,3.4059e-08
330.5962402,3.396e-08
330.8709961,3.397e-08
331.145752,3.3692e-08
331.4205078,3.3806e-08
331.6952637,3.3851e-08
331.9700195,3.3732e-08
332.2447754,3.3325e-08
332.51953119999996,3.3323e-08
332.7943115,3.3344e-08
333.0690674,3.3324e-08
333.3438232,3.3206e-08
333.6186035,3.2864e-08
333.8933594,3.2803e-08
334.1681396,3.2726e-08
334.4429199,3.2891002e-08
334.7176758,3.2677e-08
334.99245609999997,3.2577002e-08
335.26723630000004,3.3077e-08
335.5420166,3.3216e-08
335.8167969,3.2717e-08
336.0915771,3.2564e-08
336.3663574,3.2916002e-08
336.6411377,3.2939e-08
336.9159424,3.2755e-08
337.19072270000004,3.2728e-08
337.4655029,3.2944e-08
337.7403076,3.2907e-08
338.01508789999997,3.2574e-08
338.2898926,3.2598997e-08
338.5646729,3.2801e-08
338.83947750000004,3.2841e-08
339.1142822,3.2706e-08
339.3890869,3.2584e-08
339.6638916,3.2808998e-08
339.93867190000003,3.302e-08
340.21347660000004,3.2839e-08
340.48828119999996,3.2797e-08
340.7631104,3.2632e-08
341.037915,3.2835e-08
341.3127197,3.2989e-08
341.5875244,3.2897e-08
341.8623291,3.2777e-08
342.13715820000004,3.2550002e-08
342.4119629,3.2647e-08
342.686792,3.2864e-08
342.96159670000003,3.2921e-08
343.2364258,3.2797e-08
343.5112549,3.2625e-08
343.7860596,3.2554e-08
344.06088869999996,3.2219e-08
344.3357178,3.2106e-08
344.61054690000003,3.2335e-08
344.885376,3.2517e-08
345.1602051,3.2688e-08
345.4350342,3.2630002e-08
345.7098633,3.2442998e-08
345.9846924,3.2156e-08
346.2595215,3.2107e-08
346.53435060000004,3.2354e-08
346.8092041,3.2353e-08
347.0840332,3.2331002e-08
347.3588623,3.1939e-08
347.6337158,3.1881e-08
347.90854490000004,3.2048e-08
348.1833984,3.2047e-08
348.458252,3.1859e-08
348.7330811,3.1828e-08
349.0079346,3.1691002e-08
349.2827881,3.1726e-08
349.5576172,3.1737997e-08
349.83247070000004,3.1867e-08
350.1073242,3.1847e-08
350.3821777,3.1737e-08
350.6570312,3.1637e-08
350.9318848,3.1606998e-08
351.2067383,3.1533002e-08
351.4815918,3.1595e-08
351.75646969999997,3.1862e-08
352.0313232,3.1936e-08
352.3061768,3.1866e-08
352.5810547,3.1832e-08
352.85590820000004,3.1703e-08
353.1307617,3.1648e-08
353.4056396,3.1564e-08
353.6804932,3.1647e-08
353.9553711,3.1679e-08
354.230249,3.1762e-08
354.5051025,3.1737e-08
354.7799805,3.1806e-08
355.0548584,3.185e-08
355.3297119,3.1727e-08
355.6045898,3.1507e-08
355.87946780000004,3.1523e-08
356.1543457,3.1597e-08
356.4292236,3.1422e-08
356.7041016,3.1237e-08
356.97897950000004,3.1141e-08
357.2538574,3.1001e-08
357.5287354,3.1142e-08
357.80363769999997,3.1143e-08
358.0785156,3.1069e-08
358.3533936,3.0919e-08
358.6282715,3.0970998e-08
358.9031738,3.1149e-08
359.1780518,3.1161e-08
359.4529297,3.1163e-08
359.727832,3.1206e-08
360.00271,3.1147998e-08
360.2776123,3.1016e-08
360.5525146,3.0964e-08
360.8273926,3.0942e-08
361.1022949,3.0906e-08
361.3771729,3.0874e-08
361.6520752,3.0918e-08
361.9269775,3.0902e-08
362.2018799,3.0937e-08
362.4767822,3.089e-08
362.7516846,3.0857e-08
363.0265625,3.0708e-08
363.30146479999996,3.0677e-08
363.5763672,3.0806e-08
363.8512695,3.0826e-08
364.1261963,3.0719e-08
364.40109859999995,3.0742e-08
364.676001,3.0755e-08
364.9509033,3.0686998e-08
365.2258057,3.062e-08
365.500708,3.0631e-08
365.7756348,3.0688e-08
366.05053710000004,3.0628e-08
366.3254395,3.0650998e-08
366.6003662,3.0789998e-08
366.87526859999997,3.0664e-08
367.1501953,3.0573e-08
367.42509770000004,3.056e-08
367.70002439999996,3.0505e-08
367.9749268,3.042e-08
368.24985350000003,3.0431e-08
368.5247559,3.0301e-08
368.7996826,3.0282e-08
369.0746094,3.0618e-08
369.3495117,3.0884998e-08
369.6244385,3.0814e-08
369.89936520000003,3.1151e-08
370.1742676,3.1312e-08
370.4491943,3.0503998e-08
370.7241211,3.1791e-08
370.9990479,3.1547e-08
371.27397460000003,3.0753e-08
371.54890140000003,3.3419e-08
371.8238281,3.4158e-08
372.0987549,3.1221e-08
372.3736816,3.1652e-08
372.6486084,3.6203e-08
372.9235352,3.8071e-08
373.1984619,3.4521e-08
373.4733887,3.0928998e-08
373.7483154,3.4129e-08
374.0232422,4.0474003e-08
374.2981934,4.3256996e-08
374.5731201,4.004e-08
374.8480469,3.3782e-08
375.12297359999997,3.1579e-08
375.3979248,3.7150002e-08
375.6728516,4.4268e-08
375.9477783,4.8454e-08
376.2227295,4.8883e-08
376.4976562,4.5199002e-08
376.7726074,3.8226e-08
377.04753420000003,3.2505e-08
377.3224854,3.5008e-08
377.59741210000004,4.3552003e-08
377.8723633,5.2326e-08
378.14729,5.8656e-08
378.42224120000003,6.1661e-08
378.69716800000003,6.071e-08
378.9721191,5.6207e-08
379.2470459,4.8544e-08
379.5219971,3.9468002e-08
379.7969482,3.3537e-08
380.071875,3.6614e-08
380.3468262,4.5412996e-08
380.62177729999996,5.4462998e-08
380.8967285,6.2535e-08
381.1716553,6.8426e-08
381.4466064,7.1235e-08
381.7215576,7.312e-08
381.9965088,7.211e-08
382.27146,6.8695996e-08
382.5464111,6.27e-08
382.8213379,5.4672e-08
383.09628910000004,4.5394998e-08
383.3712402,3.6737e-08
383.6461914,3.3526998e-08
383.9211426,3.9152003e-08
384.1960938,4.8734996e-08
384.47104490000004,5.8411e-08
384.7459961,6.6515e-08
385.0209473,7.2728e-08
385.2958984,7.7344e-08
385.57084960000003,7.9971e-08
385.8458008,8.1988e-08
386.120752,8.3066e-08
386.3957031,8.3523005e-08
386.67065429999997,8.323801e-08
386.9456299,8.186e-08
387.2205811,7.8795e-08
387.49553219999996,7.4404e-08
387.7704834,6.8345e-08
388.0454346,6.0609e-08
388.3203857,5.1737e-08
388.5953369,4.2052e-08
388.8703125,3.4861e-08
389.1452637,3.6233e-08
389.4202148,4.4191e-08
389.69516600000003,5.3439997e-08
389.9701416,6.1735996e-08
390.2450928,6.8992e-08
390.5200439,7.4933e-08
390.7949951,7.9638e-08
391.0699707,8.2877996e-08
391.34492190000003,8.4498e-08
391.619873,8.6076e-08
391.8948486,8.7550006e-08
392.1697998,8.8206e-08
392.444751,8.8715e-08
392.7197266,8.8459004e-08
392.9946777,8.6434e-08
393.2696289,8.178701e-08
393.5446045,8.1132e-08
393.8195557,8.5139e-08
394.0945068,8.6416996e-08
394.36948240000004,8.5479e-08
394.6444336,8.3791996e-08
394.9194092,8.1639e-08
395.1943604,7.8662e-08
395.4693115,7.4518e-08
395.7442871,6.9079e-08
396.0192383,6.2298e-08
396.29421390000005,5.4265e-08
396.569165,4.5188997e-08
396.8441406,3.6313e-08
397.1190918,3.3581e-08
397.394043,3.9104002e-08
397.66901859999996,4.8034998e-08
397.94396969999997,5.6452997e-08
398.2189453,6.3898e-08
398.4938965,6.9893e-08
398.7688721,7.4422005e-08
399.0438232,7.8247e-08
399.3187988,8.1094996e-08
399.59375,8.2693e-08
399.8687256,8.4111e-08
400.1436768,8.5119e-08
400.41865229999996,8.5821e-08
400.6936035,8.6398e-08
400.9685547,8.6942e-08
401.24353030000003,8.7094e-08
401.51848140000004,8.7046e-08
401.793457,8.7552e-08
402.0684082,8.7477005e-08
402.34338379999997,8.7241e-08
402.618335,8.7006995e-08
402.8933105,8.6846e-08
403.1682617,8.7035005e-08
403.4432373,8.7125e-08
403.7181885,8.7324e-08
403.9931641,8.6947e-08
404.2681152,8.6318e-08
404.5430664,8.5854e-08
404.818042,8.5721005e-08
405.0929932,8.5661e-08
405.3679688,8.5254e-08
405.64291990000004,8.4726004e-08
405.9178955,8.4007e-08
406.1928467,8.3105e-08
406.4677979,8.2728e-08
406.7427734,8.2271e-08
407.0177246,8.110901e-08
407.2927002,8.0076e-08
407.56765140000005,7.8972e-08
407.842627,7.7349e-08
408.1175781,7.5343e-08
408.3925293,7.239e-08
408.6675049,6.84e-08
408.94245609999996,6.347e-08
409.21740719999997,5.7323e-08
409.4923828,5.0117e-08
409.767334,4.1838e-08
410.0422852,3.4526e-08
410.3172363,3.3023e-08
410.59223629999997,3.8499e-08
410.8671875,4.5905e-08
411.14213870000003,5.3167998e-08
411.41708980000004,5.9374997e-08
411.69204099999996,6.4351e-08
411.9669922,6.8355e-08
412.2419434,7.1517e-08
412.51689450000003,7.3751e-08
412.7918945,7.5024e-08
413.0668457,7.632e-08
413.3417969,7.7586e-08
413.61674800000003,7.8945e-08
413.89169920000006,7.9553004e-08
414.1666504,8.0079005e-08
414.4416016,8.0021e-08
414.7165527,8.0423995e-08
414.99150390000005,8.0459e-08
415.2664551,8.0538e-08
415.5414062,8.0511e-08
415.8163574,8.0796994e-08
416.0913574,8.0674994e-08
416.36630859999997,8.0072994e-08
416.6412598,8.0182005e-08
416.9162109,8.0118e-08
417.19116210000004,7.9647e-08
417.46611329999996,7.9159e-08
417.7410645,7.9063e-08
418.0160156,7.923e-08
418.29096680000004,7.9421e-08
418.56591799999995,7.9606004e-08
418.84086909999996,7.9574e-08
419.11577150000005,7.9432e-08
419.39072269999997,7.9257994e-08
419.6656738,7.8954e-08
419.940625,7.8764e-08
420.21557620000004,7.8655006e-08
420.49052730000005,7.8436e-08
420.7654785,7.8637e-08
421.0404297,7.8583e-08
421.31538090000004,7.8206e-08
421.59033200000005,7.7921e-08
421.86528319999996,7.7891e-08
422.14018550000003,7.7844e-08
422.41513670000006,7.7422e-08
422.6900879,7.6747e-08
422.9650391,7.6831995e-08
423.2399902,7.6388e-08
423.5148926,7.6397995e-08
423.7898438,7.6827e-08
424.06479490000004,7.6732e-08
424.33974609999996,7.6379e-08
424.6146973,7.6041e-08
424.8895996,7.5903e-08
425.1645508,7.5606e-08
425.439502,7.5584e-08
425.7144043,7.5614004e-08
425.9893555,7.5467995e-08
426.26430659999994,7.5222e-08
426.5392578,7.5009005e-08
426.81416019999995,7.4886e-08
427.08911129999996,7.4357004e-08
427.36401370000004,7.4086e-08
427.63896480000005,7.4043e-08
427.913916,7.3629e-08
428.18881840000006,7.3494e-08
428.4637695,7.3373e-08
428.7386719,7.3201e-08
429.013623,7.244e-08
429.2885742,7.1944e-08
429.5634766,7.1434e-08
429.8384277,7.0702995e-08
430.1133301,6.9563995e-08
430.3882812,6.9311e-08
430.66318359999997,6.8999e-08
430.9381348,6.8269e-08
431.2130371,6.7409e-08
431.4879395,6.5937e-08
431.7628906,6.4664e-08
432.03779299999997,6.2833e-08
432.3127441,6.0427e-08
432.5876465,5.6963998e-08
432.86254879999996,5.2327e-08
433.1375,4.8190998e-08
433.41240230000005,4.2645997e-08
433.6873047,3.6052e-08
433.96225590000006,3.0244e-08
434.23715819999995,2.9498e-08
434.5120605,3.4313e-08
434.7869629,4.0498e-08
435.0619141,4.5956e-08
435.33681640000003,5.0798e-08
435.6117188,5.5062998e-08
435.88662109999996,5.849e-08
436.16152339999996,6.0972e-08
436.4364746,6.2572e-08
436.71137699999997,6.3942e-08
436.98627930000004,6.4904e-08
437.2611816,6.6051e-08
437.536084,6.6666004e-08
437.81098629999997,6.7199004e-08
438.08588870000005,6.7533e-08
438.36079099999995,6.6957e-08
438.63569340000004,6.6894e-08
438.9105957,6.7444e-08
439.185498,6.7746996e-08
439.46040039999997,6.7655e-08
439.73530270000003,6.7723e-08
440.0102051,6.7962e-08
440.2851074,6.8063e-08
440.5600098,6.8149e-08
440.8349121,6.8459e-08
441.1097656,6.8429e-08
441.384668,6.8223e-08
441.6595703,6.7829e-08
441.93447269999996,6.7731996e-08
442.209375,6.8110005e-08
442.4842285,6.8274e-08
442.75913090000006,6.8112996e-08
443.03403319999995,6.7945e-08
443.3088867,6.8008e-08
443.5837891,6.7725e-08
443.85869140000005,6.7529e-08
444.1335449,6.7430996e-08
444.4084473,6.6916e-08
444.68334960000004,6.6847e-08
444.9582031,6.6887e-08
445.23310549999997,6.6933e-08
445.507959,6.6639004e-08
445.7828613,6.6403e-08
446.05771480000004,6.6252e-08
446.3326172,6.6166e-08
446.60747069999996,6.5944e-08
446.88237300000003,6.5486e-08
447.1572266,6.5152e-08
447.4320801,6.5242e-08
447.7069824,6.5037e-08
447.98183589999996,6.4174e-08
448.2566895,6.2865e-08
448.5315918,6.4171005e-08
448.8064453,6.49e-08
449.08129879999996,6.4709e-08
449.3561523,6.4667e-08
449.63100590000005,6.4941e-08
449.9059082,6.4834e-08
450.18076170000006,6.4407e-08
450.4556152,6.4444e-08
450.73046880000004,6.4392e-08
451.0053223,6.4305e-08
451.28017579999994,6.4298e-08
451.5550293,6.4069e-08
451.8298828,6.3789e-08
452.10473629999996,6.3457996e-08
452.3795898,6.3076e-08
452.65444340000005,6.3236e-08
452.9292969,6.3217e-08
453.2041504,6.3282e-08
453.47900390000007,6.2750004e-08
453.75380859999996,6.2935996e-08
454.0286621,6.3195e-08
454.30351559999997,6.2943e-08
454.5783691,6.2639e-08
454.8531738,6.2031e-08
455.12802730000004,6.1313e-08
455.4028809,6.1681e-08
455.6776855,6.1527004e-08
455.9525391,6.1506e-08
456.2273926,6.1826e-08
456.5021973,6.1708e-08
456.7770508,6.1625e-08
457.0518555,6.1604e-08
457.32670900000005,6.1286e-08
457.60151370000005,6.1249004e-08
457.8763672,6.1508e-08
458.1511719,6.1285e-08
458.4259766,6.0613e-08
458.70083009999996,6.0757e-08
458.97563479999997,6.0773e-08
459.25043949999997,6.0874996e-08
459.525293,6.0935996e-08
459.8000977,6.07e-08
460.0749023,6.0954e-08
460.349707,6.0956e-08
460.6245117,6.0663e-08
460.89931640000003,6.0202e-08
461.17416990000004,6.0382e-08
461.44897460000004,6.0513e-08
461.72377930000005,6.009e-08
461.99858400000005,5.9922996e-08
462.27338870000005,5.9981e-08
462.54819340000006,6.0091e-08
462.822998,5.9771004e-08
463.09775390000004,5.9493e-08
463.37255859999993,5.9317e-08
463.64736329999994,5.9446e-08
463.92216799999994,5.9462e-08
464.19697269999995,5.936e-08
464.4717285,5.922e-08
464.7465332,5.9012e-08
465.0213379,5.9093e-08
465.2960938,5.8916e-08
465.5708984,5.8824998e-08
465.8457031,5.8614e-08
466.12045900000004,5.8593002e-08
466.39526370000004,5.8454003e-08
466.6700195,5.8259e-08
466.9448242,5.8325e-08
467.2195801,5.8334997e-08
467.4943848,5.8283e-08
467.7691406,5.8206e-08
468.0438965,5.8081e-08
468.3187012,5.7885998e-08
468.59345700000006,5.7857e-08
468.8682129,5.7726e-08
469.1429688,5.7739e-08
469.41772460000004,5.7638e-08
469.69252930000005,5.738e-08
469.9672852,5.7251e-08
470.242041,5.7221e-08
470.51679690000003,5.7163998e-08
470.7915527,5.7107997e-08
471.06630859999996,5.7035e-08
471.3410645,5.676e-08
471.6158203,5.6445998e-08
471.89052730000003,5.6438e-08
472.1652832,5.6473e-08
472.44003910000004,5.6149002e-08
472.7147949,5.6272e-08
472.98955079999996,5.6113e-08
473.2642578,5.5999003e-08
473.53901370000005,5.5869e-08
473.81376950000003,5.5644e-08
474.08847660000004,5.5609e-08
474.3632324,5.5604e-08
474.6379395,5.5439e-08
474.9126953,5.5271002e-08
475.18740230000003,5.519e-08
475.4621582,5.4984e-08
475.7368652,5.5011e-08
476.0115723,5.4966e-08
476.2863281,5.4829997e-08
476.5610352,5.4481003e-08
476.8357422,5.4482e-08
477.11044920000006,5.4418e-08
477.3852051,5.4326e-08
477.65991210000004,5.4220003e-08
477.93461909999996,5.4104e-08
478.2093262,5.4114004e-08
478.4840332,5.3733e-08
478.75874020000003,5.3451e-08
479.0334473,5.3234e-08
479.3081543,5.3045e-08
479.5828613,5.2989e-08
479.8575195,5.2908e-08
480.1322266,5.2626e-08
480.40693359999995,5.2329998e-08
480.6816406,5.2195e-08
480.95629879999996,5.1866998e-08
481.2310059,5.1653004e-08
481.5057129,5.1296e-08
481.78037109999997,5.1003003e-08
482.0550781,5.0723e-08
482.3297363,5.0327998e-08
482.60444340000004,4.9742003e-08
482.8791016,4.9434e-08
483.15380859999993,4.9032998e-08
483.4284668,4.8284e-08
483.703125,4.7575e-08
483.9777832,4.6031e-08
484.2524902,4.4614e-08
484.5271484,4.2743e-08
484.80180659999996,4.0192e-08
485.07646480000005,3.7429004e-08
485.35112300000003,3.4149e-08
485.6257812,3.0297002e-08
485.9004395,2.6094e-08
486.1750977,2.3308e-08
486.4497559,2.4969001e-08
486.7244141,2.8819e-08
486.99907229999997,3.2594002e-08
487.2736816,3.5683e-08
487.5483398,3.8442e-08
487.822998,4.0787e-08
488.0976074,4.2811998e-08
488.3722656,4.4327e-08
488.64692379999997,4.5437e-08
488.9215332,4.6125002e-08
489.19619140000003,4.6732e-08
489.47080079999995,4.7394e-08
489.7454102,4.786e-08
490.0200684,4.8219e-08
490.2946777,4.8486e-08
490.5692871,4.8726e-08
490.8439453,4.8603003e-08
491.1185547,4.8777e-08
491.39316410000004,4.8809e-08
491.6677734,4.8886e-08
491.9423828,4.863e-08
492.2169922,4.8527e-08
492.4916016,4.8377e-08
492.7662109,4.8845997e-08
493.0408203,4.9011e-08
493.3154297,4.8977e-08
493.5899902,4.8818e-08
493.8645996,4.8957e-08
494.13920900000005,4.8773e-08
494.41376950000006,4.8778e-08
494.68837890000003,4.8865e-08
494.96298829999995,4.8906e-08
495.23754879999996,4.8693998e-08
495.5121582,4.8514003e-08
495.7867188,4.8563e-08
496.0612793,4.8515002e-08
496.33588870000005,4.8478e-08
496.61044920000006,4.8344e-08
496.8850098,4.8276e-08
497.1596191,4.8334996e-08
497.4341797,4.8359002e-08
497.7087402,4.8175004e-08
497.98330079999994,4.8242e-08
498.25786129999995,4.8003002e-08
498.53242190000003,4.7942002e-08
498.80698240000004,4.7842e-08
499.08154299999995,4.7727e-08
499.3560547,4.7784997e-08
499.6306152,4.7620002e-08
499.90517579999994,4.7593e-08
500.17973629999995,4.7371e-08
500.454248,4.7304e-08
500.7288086,4.7445997e-08
501.0033203,4.7393e-08
501.2778809,4.7092e-08
501.55239259999996,4.6828e-08
501.82695309999997,4.644e-08
502.10146480000003,4.6547e-08
502.3759766,4.6892e-08
502.6505371,4.7039e-08
502.92504879999996,4.6942002e-08
503.1995605,4.676e-08
503.4740723,4.6628e-08
503.74858400000005,4.647e-08
504.0230957,4.6367997e-08
504.2976074,4.6352e-08
504.57211909999995,4.6305e-08
504.84663090000004,4.6218e-08
505.1211426,4.5988997e-08
505.39565430000005,4.588e-08
505.6701172,4.555e-08
505.94462890000005,4.5566e-08
506.2191406,4.5706997e-08
506.49360349999995,4.574e-08
506.7681152,4.5756e-08
507.0425781,4.5693e-08
507.3170898,4.5434e-08
507.5915527,4.5545e-08
507.86601559999997,4.5622997e-08
508.14052730000003,4.5523e-08
508.41499020000003,4.5473996e-08
508.6894531,4.5382002e-08
508.963916,4.5186002e-08
509.23837890000004,4.5131003e-08
509.51284180000005,4.4949e-08
509.7873047,4.4809e-08
510.0617676,4.4793e-08
510.33623049999994,4.4767997e-08
510.61069340000006,4.4745e-08
510.88510740000004,4.4726e-08
511.1595703,4.4731003e-08
511.4340332,4.4611e-08
511.7084473,4.4555e-08
511.9829102,4.4513e-08
512.2573242000001,4.4399002e-08
512.5317871,4.4298e-08
512.8062012,4.4223e-08
513.0806152,4.4147e-08
513.3550781,4.4072e-08
513.6294922,4.4004e-08
513.9039061999999,4.3893e-08
514.1783203,4.3895998e-08
514.4527344,4.3723e-08
514.7271484,4.3686e-08
515.0015625,4.3583e-08
515.2759766,4.3438e-08
515.5503906,4.3315e-08
515.8248047,4.3231e-08
516.0991699,4.314e-08
516.373584,4.2852e-08
516.647998,4.2332e-08
516.9223632999999,4.1739998e-08
517.1967773,4.1889997e-08
517.4711426,4.2259e-08
517.7455566,4.2493e-08
518.0199219,4.2402e-08
518.2942871,4.2011997e-08
518.5686523,4.1944e-08
518.8430664,4.2131e-08
519.1174315999999,4.2217e-08
519.3917969,4.2259e-08
519.6661621000001,4.211e-08
519.9405273,4.2133998e-08
520.2148926,4.2193e-08
520.4892090000001,4.2191e-08
520.7635742,4.2006e-08
521.0379395,4.1915e-08
521.3123047,4.195e-08
521.5866211,4.1889e-08
521.8609862999999,4.1844e-08
522.1353027,4.1803002e-08
522.409668,4.1574e-08
522.6839844,4.1408e-08
522.9583008,4.1193e-08
523.2326172,4.1156998e-08
523.5069824,4.105e-08
523.7812988,4.1078998e-08
524.0556152,4.1211997e-08
524.3299316,4.1211e-08
524.604248,4.1114e-08
524.8785645,4.1049e-08
525.1528809,4.1111e-08
525.4271484,4.1197e-08
525.7014648,4.1e-08
525.9757812,4.0838998e-08
526.2500488,4.0661998e-08
526.5243652,4.0400998e-08
526.7986328,4.0357e-08
527.0729492,4.0332e-08
527.3472168000001,4.0209002e-08
527.6215331999999,4.0092e-08
527.8958008,4.0158e-08
528.1700684,4.0171997e-08
528.4443358999999,4.0063e-08
528.7186035,4.0085002e-08
528.9928711,4.0099998e-08
529.2671387,3.9977e-08
529.5414062,3.9933997e-08
529.8156738,3.9802003e-08
530.0899414,3.9836003e-08
530.3641602,3.9813003e-08
530.6384277,3.9689997e-08
530.9126465,3.9698e-08
531.1869141,3.9622996e-08
531.4611328,3.9374e-08
531.7354004,3.9068002e-08
532.0096191,3.9099e-08
532.2838379,3.9196003e-08
532.5581055,3.9085002e-08
532.8323242,3.8886e-08
533.106543,3.8897e-08
533.3807617,3.8976e-08
533.6549805,3.8905e-08
533.9291992000001,3.893e-08
534.2033690999999,3.8866e-08
534.4775879,3.8965e-08
534.7518066,3.8905e-08
535.0260254,3.879e-08
535.3001953,3.8686e-08
535.5744141,3.8741e-08
535.8485840000001,3.8696e-08
536.1227539,3.8558e-08
536.3969727,3.8381998e-08
536.6711425999999,3.8388e-08
536.9453125,3.8336e-08
537.2194824000001,3.8349e-08
537.4936523,3.8277e-08
537.7678223,3.8149e-08
538.0419922,3.8150997e-08
538.3161621,3.8011997e-08
538.590332,3.7871e-08
538.864502,3.7929002e-08
539.138623,3.7943998e-08
539.412793,3.7682998e-08
539.6869141,3.7652e-08
539.961084,3.7628e-08
540.2352051,3.7567e-08
540.509375,3.7533997e-08
540.7834961,3.7497003e-08
541.0576172,3.7381e-08
541.3317383,3.7344996e-08
541.6058594,3.7321e-08
541.8799805,3.733e-08
542.1541016,3.7239e-08
542.4282227,3.7051e-08
542.7023438,3.7091e-08
542.9764648,3.7023998e-08
543.2505371,3.6957e-08
543.5246582,3.6905e-08
543.7987304999999,3.6942e-08
544.0728516,3.6924e-08
544.3469238,3.6866e-08
544.6210449,3.6716e-08
544.8951172,3.6818e-08
545.1291016,3.6658e-08
545.6162108999999,3.662e-08
546.1033203,3.6498e-08
546.5904297,3.6318e-08
547.0775391,3.6254e-08
547.5646484,3.6204e-08
548.0517578,3.5993e-08
548.538916,3.6009e-08
549.0260254,3.5929e-08
549.5131835999999,3.5849e-08
550.0003418,3.5729e-08
550.4875,3.557e-08
550.9746582,3.5452e-08
551.4618164000001,3.5417e-08
551.9489746,3.5318e-08
552.4361328,3.5265e-08
552.9233398,3.5164e-08
553.410498,3.5063e-08
553.8977050999999,3.5039e-08
554.3849121000001,3.4973e-08
554.8721191,3.4884998e-08
555.3593262,3.4762998e-08
555.8465332,3.4651e-08
556.3337402,3.4545e-08
556.8209473,3.4562e-08
557.3082031,3.4453002e-08
557.7954102,3.428e-08
558.282666,3.4167e-08
558.7699219,3.4101998e-08
559.2571777,3.3996e-08
559.7444336,3.3845e-08
560.2316895,3.3728e-08
560.7189453,3.364e-08
561.2062012,3.3618e-08
561.6935059,3.3462e-08
562.1807617000001,3.3391e-08
562.6680664,3.318e-08
563.1553710999999,3.3186e-08
563.642627,3.3206e-08
564.1299316,3.3153e-08
564.6172363,3.3086e-08
565.1045898,3.2989e-08
565.5918945000001,3.2863e-08
566.0791992000001,3.2812e-08
566.5665527,3.2698e-08
567.0538574,3.257e-08
567.5412109,3.2478e-08
568.0285645,3.2332e-08
568.5159179999999,3.2312e-08
569.0032715,3.2223e-08
569.490625,3.216e-08
569.9779785,3.2125e-08
570.465332,3.2087e-08
570.9527344,3.1959e-08
571.4400879,3.1927e-08
571.9274902,3.1859e-08
572.4148438,3.1771e-08
572.9022461,3.1680003e-08
573.3896483999999,3.1595e-08
573.8770508,3.1574e-08
574.3644531,3.1519e-08
574.8518554999999,3.1435e-08
575.3393066,3.1164e-08
575.826709,3.0985e-08
576.3141602,3.098e-08
576.8015625,3.1011e-08
577.2890137,3.0984e-08
577.7764648,3.0928998e-08
578.263916,3.0841e-08
578.7513672,3.0742e-08
579.2388184,3.073e-08
579.7262695000001,3.06e-08
580.2137207,3.0414e-08
580.7012207,3.0318e-08
581.1886719,3.03e-08
581.6761719,3.0185e-08
582.163623,3.0067e-08
582.651123,2.9985e-08
583.138623,2.9961e-08
583.626123,2.9854e-08
584.113623,2.9833e-08
584.601123,2.9775e-08
585.0886719,2.9692998e-08
585.5761719,2.9641e-08
586.0636719,2.9431e-08
586.5512206999999,2.9399e-08
587.0387695000001,2.9303e-08
587.5262695,2.9274002e-08
588.0138184,2.9205001e-08
588.5013672,2.9058999e-08
588.988916,2.8778e-08
589.4764648,2.8671e-08
589.9640625,2.8800999e-08
590.4516113,2.8864001e-08
590.9391602,2.8841e-08
591.4267578,2.8783e-08
591.9143065999999,2.8644001e-08
592.4019043000001,2.8573e-08
592.889502,2.8532e-08
593.3770996000001,2.8485001e-08
593.8646973,2.8371002e-08
594.3522949000001,2.8267e-08
594.8398926,2.8167e-08
595.3274902,2.8109e-08
595.8150879,2.8064001e-08
596.3027344,2.797e-08
596.790332,2.7992e-08
597.2779785,2.7908001e-08
597.765625,2.7763e-08
598.2532226999999,2.7672e-08
598.7408690999999,2.7608e-08
599.2285156,2.7558e-08
599.7161621,2.7492e-08
600.2038086,2.7475e-08
600.6915039,2.7363999e-08
601.1791504,2.7288001e-08
601.6667969,2.7188001e-08
602.1544922,2.7121e-08
602.6421387,2.7054e-08
603.1298340000001,2.7031e-08
603.6175293,2.6913e-08
604.1052246,2.6809e-08
604.5929199,2.682e-08
605.0806152,2.6738e-08
605.5683105,2.6612e-08
606.0560059000001,2.6592e-08
606.5437012,2.6583999e-08
607.0313965,2.6539999e-08
607.5191406,2.6433e-08
608.0068358999999,2.6186001e-08
608.4945801,2.6243e-08
608.9823242,2.6167e-08
609.4700195,2.6091001e-08
609.9577637,2.6072e-08
610.4455078,2.6077e-08
610.933252,2.5977e-08
611.4209960999999,2.5874002e-08
611.9087891,2.5813002e-08
612.3965332,2.5814e-08
612.8842773,2.5743e-08
613.3720703,2.5722e-08
613.8598145,2.5628e-08
614.3476074,2.5508001e-08
614.8354004,2.5336998e-08
615.3231445,2.5239999e-08
615.8109375,2.5155e-08
616.2987304999999,2.5253e-08
616.7865234,2.5305999e-08
617.2743164000001,2.5222e-08
617.7621094,2.5127001e-08
618.2499512,2.5056e-08
618.7377441,2.4964999e-08
619.2255371,2.4931e-08
619.7133789000001,2.4912e-08
620.2011719,2.4878e-08
620.6890137,2.486e-08
621.1768555,2.478e-08
621.6646973,2.4554001e-08
622.1525391,2.4512e-08
622.6403320000001,2.4464999e-08
623.1282226999999,2.4418e-08
623.6160645,2.4255e-08
624.1039062,2.4122999e-08
624.591748,2.4104e-08
625.0796387,2.4107e-08
625.5674805,2.416e-08
626.0553223,2.4117e-08
626.5432129,2.4057002e-08
627.0311035,2.4037e-08
627.5189453,2.4013001e-08
628.0068358999999,2.4027e-08
628.4947266,2.4064e-08
628.9826172,2.3983e-08
629.4705078,2.388e-08
629.9583984,2.3768001e-08
630.4462891000001,2.3589e-08
630.9342285,2.3477e-08
631.4221190999999,2.3422999e-08
631.9100098,2.3261e-08
632.3979492000001,2.3188e-08
632.8858398,2.3086999e-08
633.3737793,2.3005999e-08
633.8617188000001,2.2963999e-08
634.3496582,2.2926e-08
634.8375487999999,2.2857002e-08
635.3254883,2.2922999e-08
635.8134277,2.2939e-08
636.3013672,2.2858998e-08
636.7893554999999,2.2807e-08
637.2772949,2.2721e-08
637.7652344,2.2741e-08
638.2531738,2.2686999e-08
638.7411621,2.2615001e-08
639.2291016,2.2536998e-08
639.7170898,2.2463e-08
640.2050293,2.2354001e-08
640.6930176,2.2275e-08
641.1810059000001,2.2254001e-08
641.6689941,2.2288999e-08
642.1569824000001,2.2278e-08
642.6449706999999,2.2232001e-08
643.132959,2.2119e-08
643.6209473,2.2079e-08
644.1089355,2.1988e-08
644.5969238,2.1937002e-08
645.0849608999999,2.1881e-08
645.5729492,2.1757e-08
646.0609375,2.1726e-08
646.5489746000001,2.1712001e-08
647.0369628999999,2.1644999e-08
647.525,2.1631e-08
648.0130371,2.1502e-08
648.5010742000001,2.1402e-08
648.9890625,2.1369999e-08
649.4770996,2.1283e-08
649.9651367,2.122e-08
650.4531738,2.1147999e-08
650.9412109,2.0993001e-08
651.4292969,2.0829e-08
651.917334,2.0622e-08
652.4053710999999,2.0448e-08
652.893457,2.0205e-08
653.3814940999999,1.9873001e-08
653.8695312,1.9377e-08
654.3576172,1.8675e-08
654.8457031,1.7709e-08
655.3337402,1.6402e-08
655.8218262,1.4911e-08
656.3099121,1.3758999e-08
656.797998,1.4293001e-08
657.2860840000001,1.5749e-08
657.7741699000001,1.7062e-08
658.2622559,1.8041e-08
658.7503418,1.8691e-08
659.2384277,1.9137001e-08
659.7265137,1.9436e-08
660.2146484,1.9681e-08
660.7027344,1.9813001e-08
661.1908203,1.9883998e-08
661.6789550999999,1.9908e-08
662.1670409999999,1.9966e-08
662.6551757999999,1.9975e-08
663.1433105,1.9965e-08
663.6313965,2.0013001e-08
664.1195312,1.9963998e-08
664.607666,1.9865e-08
665.0958008,1.9854001e-08
665.5839355,1.9837001e-08
666.0720703,1.9853e-08
666.5602051,1.98e-08
667.0483398,1.9761e-08
667.5364746,1.9727999e-08
668.0246094,1.9709e-08
668.5127441,1.9603e-08
669.0009277,1.9484002e-08
669.4890625,1.9523e-08
669.9772461,1.9521e-08
670.4653809,1.9501002e-08
670.9535645,1.9497e-08
671.4416992,1.9449e-08
671.9298828,1.9363e-08
672.4180664,1.9344e-08
672.90625,1.9281e-08
673.3943848,1.9268e-08
673.8825684000001,1.9215001e-08
674.370752,1.9197e-08
674.8589355,1.9135001e-08
675.3471191,1.911e-08
675.8353027,1.9022e-08
676.3234863,1.8881e-08
676.8117188,1.8917e-08
677.2999023,1.8897e-08
677.7880858999999,1.8827999e-08
678.2763184,1.8805e-08
678.764502,1.8778e-08
679.2526855,1.8775e-08
679.740918,1.8713e-08
680.2291504,1.8665e-08
680.717334,1.8662e-08
681.2055664000001,1.8536001e-08
681.6937988,1.8526e-08
682.1819824,1.8506e-08
682.6702148,1.8471999e-08
683.1584473,1.8438e-08
683.6466797,1.84e-08
684.1349121000001,1.8361e-08
684.6231445000001,1.8345e-08
685.111377,1.8339e-08
685.5996094,1.8268999e-08
686.0878418,1.8257001e-08
686.5760742,1.8192e-08
687.0643554999999,1.8129999e-08
687.5525878999999,1.8027e-08
688.0408203,1.8007999e-08
688.5291016,1.7984e-08
689.017334,1.7879e-08
689.5056152,1.7941e-08
689.9938477,1.7938e-08
690.4821289,1.7858e-08
690.9703612999999,1.7787e-08
691.4586426,1.7761e-08
691.9469237999999,1.7737e-08
692.4351561999999,1.768e-08
692.9234375,1.7635e-08
693.4117188,1.7595e-08
693.9,1.7532e-08
694.3882811999999,1.752e-08
694.8765625,1.748e-08
695.3648438,1.7472999e-08
695.853125,1.7419e-08
696.3414061999999,1.7414001e-08
696.8296875,1.7388e-08
697.3180176,1.7348e-08
697.8062987999999,1.732e-08
698.2945801,1.7259e-08
698.7828612999999,1.7186e-08
699.2711914,1.7123e-08
699.7594727,1.7072e-08
700.2478027,1.7006e-08
700.736084,1.7031e-08
701.2244141,1.7028e-08
701.7126953,1.6972999e-08
702.2010253999999,1.6885e-08
702.6893066,1.6849e-08
703.1776367,1.681e-08
703.6659668,1.677e-08
704.1542969,1.6769e-08
704.6425781,1.6790999e-08
705.1309082,1.6778e-08
705.6192383,1.6693e-08
706.1075684,1.6632e-08
706.5958984,1.6539e-08
707.0842285,1.649e-08
707.5725586,1.6471e-08
708.0608887000001,1.6442e-08
708.5492188000001,1.6449e-08
709.0375488,1.6421e-08
709.5259277,1.6358001e-08
710.0142578,1.6329999e-08
710.5025879,1.625e-08
710.990918,1.6218e-08
711.4792969,1.6145e-08
711.967627,1.6126e-08
712.455957,1.6157e-08
712.9443358999999,1.6131e-08
713.4326659999999,1.6119e-08
713.9210449,1.603e-08
714.409375,1.5957e-08
714.8977539,1.591e-08
715.3861328,1.5904e-08
715.8744629,1.5908e-08
716.3628418000001,1.5866e-08
716.8512207,1.5849e-08
717.3395508,1.5818e-08
717.8279297,1.5824e-08
718.3163086,1.5794e-08
718.8046875,1.5763e-08
719.2930664,1.5711e-08
719.7813965,1.5645e-08
720.2697754,1.5618e-08
720.7581543,1.5576001e-08
721.2465331999999,1.554e-08
721.7349121,1.5533e-08
722.223291,1.5475e-08
722.7117188,1.5465e-08
723.2000977,1.5433e-08
723.6884766000001,1.541e-08
724.1768555,1.5368e-08
724.6652344,1.5346e-08
725.1536133,1.5306e-08
725.642041,1.5240001e-08
726.1304199,1.5253e-08
726.6187987999999,1.5229e-08
727.1072266,1.5208e-08
727.5956054999999,1.5126e-08
728.0839844,1.5013e-08
728.5724121000001,1.5047e-08
729.060791,1.4989e-08
729.5492188000001,1.4936e-08
730.0375977,1.4976e-08
730.5260254,1.4921e-08
731.0144043,1.4921e-08
731.502832,1.4896e-08
731.9912598,1.4837001e-08
732.4796387,1.4808999e-08
732.9680664,1.47799994e-08
733.4564941,1.4746e-08
733.944873,1.4708999e-08
734.4333008,1.4682e-08
734.9217285,1.4656e-08
735.4101562,1.4643e-08
735.898584,1.4645e-08
736.3869629,1.4605001e-08
736.8753906,1.4567e-08
737.3638184,1.4547e-08
737.8522461,1.4517e-08
738.3406738,1.4445e-08
738.8291016000001,1.4395e-08
739.3175293,1.43720005e-08
739.805957,1.4353e-08
740.2943848,1.4328e-08
740.7828125,1.4303e-08
741.2712402,1.4258999e-08
741.7596679999999,1.4236e-08
742.2480957,1.41809995e-08
742.7365723,1.4137001e-08
743.225,1.4128e-08
743.7134277,1.4096e-08
744.2018555,1.40209995e-08
744.6902832,1.40220004e-08
745.1787598,1.4034e-08
745.6671875,1.4008e-08
746.1556152,1.39830005e-08
746.644043,1.393e-08
747.1325195000001,1.3924e-08
747.6209473,1.3897e-08
748.109375,1.3851e-08
748.5978516,1.38309995e-08
749.0862793,1.3808e-08
749.574707,1.37830005e-08
750.0631836,1.3772e-08
750.5516113,1.3729e-08
751.0400879,1.3675e-08
751.5285156,1.365e-08
752.0169922,1.365e-08
752.5054199,1.3618e-08
752.9938965,1.3536e-08
753.4823242,1.3511e-08
753.9708008,1.3517e-08
754.4592285,1.351e-08
754.9477051,1.3496e-08
755.4361815999999,1.3491e-08
755.9246094,1.3411e-08
756.4130858999999,1.3318e-08
756.9015137,1.33019995e-08
757.3899902,1.3315001e-08
757.8784668000001,1.3275e-08
758.3668945000001,1.32230005e-08
758.8553711,1.3258999e-08
759.3438477,1.32419995e-08
759.8323242,1.3176001e-08
760.320752,1.3168e-08
760.8092285,1.315e-08
761.2977051,1.3135e-08
761.7861816,1.30930005e-08
762.2746094,1.30230005e-08
762.7630859,1.2997e-08
763.2515625,1.2987e-08
763.7400391,1.2956e-08
764.2285156,1.2925e-08
764.7169434,1.2918e-08
765.2054199,1.2937999e-08
765.6938965,1.291e-08
766.182373,1.28840005e-08
766.6708496,1.2828e-08
767.1593262,1.2808e-08
767.6478027,1.2780999e-08
768.1362793000001,1.2717e-08
768.6247070000001,1.2679e-08
769.1131836,1.26540005e-08
769.6016602,1.2649e-08
770.0901367,1.2641e-08
770.5786132999999,1.264e-08
771.0670898000001,1.26e-08
771.5555664000001,1.2557e-08
772.044043,1.25529995e-08
772.5325195,1.2552e-08
773.0209960999999,1.2491e-08
773.5094727,1.245e-08
773.9979492,1.24540005e-08
774.4864258,1.2445e-08
774.9749023,1.2422e-08
775.4633789000001,1.2415001e-08
775.9518555,1.23440005e-08
776.440332,1.2239e-08
776.9288085999999,1.20840005e-08
777.4172851999999,1.184e-08
777.9057617000001,1.1887e-08
778.3942383,1.20029995e-08
778.8827148,1.2069e-08
779.3711914,1.2125e-08
779.8596679999999,1.2149e-08
780.3481445,1.2125e-08
780.8366211,1.2118e-08
781.3250977,1.2123e-08
781.8135742000001,1.2089e-08
782.3020508,1.2035e-08
782.7905273,1.1991e-08
783.2790039,1.1941999e-08
783.7674804999999,1.1908e-08
784.2559570000001,1.1849e-08
784.7444336,1.18529995e-08
785.232959,1.1869e-08
785.7214355,1.1911e-08
786.2099121,1.1902e-08
786.6983887,1.18529995e-08
787.1868652,1.1791e-08
787.6753418000001,1.1734e-08
788.1638184000001,1.1687e-08
788.6522949,1.1722e-08
789.1407715,1.17150005e-08
789.629248,1.1678e-08
790.1177246,1.1623e-08
790.6062012,1.16429995e-08
791.0946777,1.1641e-08
791.5831543,1.1593e-08
792.0716309000001,1.1573e-08
792.5601074,1.1577001e-08
793.048584,1.1541e-08
793.5370605,1.1513e-08
794.0255371000001,1.1497e-08
794.5140137000001,1.1476001e-08
795.0024902,1.1432e-08
795.4909668,1.1420999e-08
795.9794434,1.1388001e-08
796.4679199,1.1333e-08
796.9563965,1.1318e-08
797.444873,1.1342999e-08
797.9333496,1.1352999e-08
798.4218262,1.1322e-08
798.9103027,1.1311e-08
799.3987793,1.1261e-08
799.8872559,1.1219e-08
800.3757324000001,1.1194e-08
800.8642090000001,1.12039995e-08
801.3526855,1.1169e-08
801.8411621,1.1137001e-08
802.3296387,1.1112e-08
802.8181152,1.1051e-08
803.3065918,1.10139995e-08
803.7950684,1.09739995e-08
804.2834961,1.0972e-08
804.7719727,1.0979e-08
805.2604492,1.1007e-08
805.7489257999999,1.097e-08
806.2374023,1.0952e-08
806.7258789,1.0934e-08
807.2143555,1.0889e-08
807.7027832,1.08139995e-08
808.1912598,1.0793e-08
808.6797363,1.0802e-08
809.1682129,1.0791e-08
809.6566895,1.0801e-08
810.1451172,1.0829e-08
810.6335938,1.0797e-08
811.1220703,1.0772e-08
811.6105469,1.0726e-08
812.0989746,1.0705e-08
812.5874512,1.0698001e-08
813.0759277,1.0658e-08
813.5643554999999,1.0609e-08
814.0528320000001,1.0559001e-08
814.5413086,1.0515e-08
815.0297363,1.0519e-08
815.5182129,1.0548e-08
816.0066895,1.055e-08
816.4951172,1.0527001e-08
816.9835938,1.0515e-08
817.4720215,1.0484e-08
817.960498,1.0422e-08
818.4489258,1.0374e-08
818.9374023,1.0332e-08
819.4258788999999,1.0352999e-08
819.9142578000001,1.03660005e-08
820.4027344,1.0345e-08
820.8912109,1.0302e-08
821.3796875,1.0244e-08
821.8680664,1.02160005e-08
822.3565430000001,1.02060005e-08
822.8450194999999,1.0173e-08
823.3333984000001,1.0139e-08
823.821875,1.0112e-08
824.3103515999999,1.01660005e-08
824.7987305,1.01660005e-08
825.287207,1.01560005e-08
825.7756836000001,1.0128e-08
826.2640625,1.0115e-08
826.7525390999999,1.0088001e-08
827.2410156,1.0063e-08
827.7293944999999,1.0062e-08
828.2178711,1.0038001e-08
828.70625,9.9957e-09
829.1947266,9.964401e-09
829.6831055,9.971e-09
830.171582,9.9778e-09
830.6600586000001,9.9544994e-09
831.1484375,9.9174e-09
831.6369140999999,9.9164e-09
832.125293,9.8937e-09
832.6137695,9.8522e-09
833.1021484,9.823e-09
833.590625,9.7753e-09
834.0790039,9.7626e-09
834.5673828000001,9.7371e-09
835.0558594,9.7533e-09
835.5442383,9.7778e-09
836.0327148,9.773899e-09
836.5210938,9.753601e-09
837.0094727,9.7556e-09
837.4979492,9.7544e-09
837.9863281,9.747801e-09
838.4748046999999,9.7325e-09
838.9631836000001,9.6987e-09
839.4515625,9.6843e-09
839.9400390999999,9.6705e-09
840.4284180000001,9.6237995e-09
840.9167969,9.5662e-09
841.4051757999999,9.5369e-09
841.8936523,9.534899e-09
842.3820312,9.520599e-09
842.8704101999999,9.5087005e-09
843.3587891,9.4402e-09
843.8472656,9.3736e-09
844.3356445,9.2923e-09
844.8240234000001,9.234e-09
845.3124023,9.3288e-09
845.8007812,9.4253005e-09
846.2891602,9.4029e-09
846.7775390999999,9.3689e-09
847.2660156,9.354e-09
847.7543945,9.371201e-09
848.2427734,9.3819e-09
848.7311523000001,9.3409005e-09
849.2195312,9.2716e-09
849.7079102,9.1313e-09
850.1962891,9.0181e-09
850.6846680000001,9.0696e-09
851.1730469,9.181901e-09
851.6614258,9.2913e-09
852.1498046999999,9.369599e-09
852.6381836,9.3593e-09
853.1265625,9.3009e-09
853.6149413999999,9.1654e-09
854.1032227,8.9194e-09
854.5916015999999,8.7698e-09
855.0799805,8.8791e-09
855.5683594,9.0529e-09
856.0567383,9.2171e-09
856.5451171999999,9.3307e-09
857.0333984000001,9.3733e-09
857.5217773,9.3491e-09
858.0101562,9.2329e-09
858.4985352,9.0711e-09
858.9868164,8.8628e-09
859.4751953000001,8.633901e-09
859.9635742,8.4886e-09
860.4518555000001,8.5958005e-09
860.9402344,8.8486e-09
861.4286132999999,9.0776e-09
861.9168944999999,9.2278e-09
862.4052734,9.3213e-09
862.8935546999999,9.3342e-09
863.3819336,9.3134e-09
863.8703125,9.2472e-09
864.3585938,9.1257e-09
864.8469726999999,8.9478e-09
865.3352539,8.6905e-09
865.8236328,8.3797005e-09
866.3119141,8.0669e-09
866.8001953,8.0052e-09
867.2885742000001,8.2225995e-09
867.7768555,8.511e-09
868.2652344,8.751e-09
868.7535156,9.0122e-09
869.2417969,9.2137995e-09
869.7300781,9.3103e-09
870.218457,9.3654995e-09
870.7067383,9.37e-09
871.1950195,9.3428e-09
871.6833984000001,9.3053e-09
872.1716796999999,9.2598e-09
872.6599609000001,9.128501e-09
873.1482421999999,8.8904e-09
873.6365234000001,8.5933e-09
874.1248046999999,8.2563005e-09
874.6130859000001,7.9213e-09
875.1013671999999,7.6718e-09
875.5897461000001,7.7866e-09
876.0780273,8.0933e-09
876.5663086000001,8.4022e-09
877.0545898,8.6582e-09
877.5428711000001,8.881e-09
878.0310546999999,9.0518e-09
878.5193359000001,9.188e-09
879.0076171999999,9.284e-09
879.4958984000001,9.3646e-09
879.9841796999999,9.4201e-09
880.4724609000001,9.4181996e-09
880.9607421999999,9.397e-09
881.4489258,9.3495e-09
881.937207,9.2671995e-09
882.4254883,9.1642e-09
882.9137695,9.0585e-09
883.4019531,8.9294e-09
883.8902344,8.76e-09
884.3785156,8.5202e-09
884.8666992000001,8.16e-09
885.3549805,7.7721e-09
885.8432617000001,7.4415003e-09
886.3314453,7.1792e-09
886.8197266,7.2982997e-09
887.3079101999999,7.6696e-09
887.7961914,7.9967e-09
888.284375,8.2859e-09
888.7725586,8.5058e-09
889.2608398,8.6918e-09
889.7490234,8.8353005e-09
890.2373046999999,8.9522e-09
890.7254882999999,9.0405e-09
891.2136719,9.0976995e-09
891.7019531,9.1899e-09
892.1901367,9.2266e-09
892.6783203000001,9.1997e-09
893.1665039,9.1435e-09
893.6546875,9.1102e-09
894.1429688000001,9.0907e-09
894.6311523,9.1095e-09
895.1193359000001,9.1517e-09
895.6075195,9.1428e-09
896.0957031,9.093e-09
896.5838867,9.0103e-09
897.0720703000001,8.8905e-09
897.5602538999999,8.7823e-09
898.0484375,8.7425e-09
898.5366211,8.6414e-09
899.0248046999999,8.4388e-09
899.5129883,8.1274e-09
900.0010742000001,7.7618e-09
900.4892578000001,7.4196e-09
900.9774414,7.0687998e-09
901.465625,6.7976003e-09
901.9537109,6.8658004e-09
902.4418945,7.1793e-09
902.9300781,7.486499e-09
903.4181640999999,7.7693e-09
903.9063477,8.0172e-09
904.3945312,8.1971e-09
904.8826171999999,8.3012e-09
905.3708008,8.4119005e-09
905.8588867000001,8.476e-09
906.3470703,8.4984e-09
906.8351562,8.6353005e-09
907.3233398,8.7422e-09
907.8114257999999,8.745101e-09
908.2995117,8.7203e-09
908.7876953000001,8.6231005e-09
909.2757812,8.543e-09
909.7638671999999,8.5644e-09
910.2519531,8.6651e-09
910.7401367,8.6801e-09
911.2282227,8.6429e-09
911.7163086,8.6382e-09
912.2043944999999,8.6475e-09
912.6924805000001,8.6621e-09
913.1805664,8.672901e-09
913.6686523000001,8.7358e-09
914.1567382999999,8.7578e-09
914.6448242,8.7826e-09
915.1329102,8.7741e-09
915.6209961000001,8.7438e-09
916.109082,8.6842995e-09
916.597168,8.58e-09
917.0851562,8.4442e-09
917.5732421999999,8.3378e-09
918.0613281,8.2768e-09
918.5494140999999,8.223299e-09
919.0374023,8.1413996e-09
919.5254883,8.0293e-09
920.0135742,7.8722e-09
920.5015625,7.6424005e-09
920.9896484000001,7.373e-09
921.4776367000001,7.0848e-09
921.9657227,6.8201e-09
922.4537109,6.5994996e-09
922.9417969,6.3994e-09
923.4297852,6.4344e-09
923.9177734000001,6.674e-09
924.4058594,6.8924e-09
924.8938476999999,7.1268005e-09
925.3818359,7.3508e-09
925.8698242,7.5245e-09
926.3579102,7.5688e-09
926.8458984000001,7.6513e-09
927.3338867,7.7927e-09
927.821875,7.9041005e-09
928.3098633,7.9864e-09
928.7978516,8.0869995e-09
929.2858398000001,8.1980005e-09
929.7738281,8.2337e-09
930.2618163999999,8.2431e-09
930.7498046999999,8.2051e-09
931.237793,8.151099e-09
931.7257812,8.0986e-09
932.2136719,8.0791e-09
932.7016602,8.0711e-09
933.1896484000001,8.0689e-09
933.6775390999999,8.0578e-09
934.1655273,8.0169995e-09
934.6535156,7.9679e-09
935.1414062,7.9344e-09
935.6293945,7.9485005e-09
936.1172852,7.9717e-09
936.6052734000001,7.9795e-09
937.0931641,7.9784e-09
937.5811523,7.9599e-09
938.0690430000001,7.9575e-09
938.5569336000001,7.9628e-09
939.0448242,7.966e-09
939.5328125,7.9903e-09
940.0207031,8.0126e-09
940.5085938,7.9609e-09
940.9964844,7.9105e-09
941.484375,7.8830995e-09
941.9722656,7.829001e-09
942.4601562,7.7827e-09
942.9480469,7.7974e-09
943.4359375,7.8085e-09
943.9238281,7.771e-09
944.4117188,7.751099e-09
944.8996094,7.728199e-09
945.3875,7.6977e-09
945.875293,7.6812e-09
946.3631836000001,7.7025e-09
946.8510742000001,7.748e-09
947.3388671999999,7.7562e-09
947.8267578000001,7.7146005e-09
948.3146484000001,7.6308995e-09
948.8024413999999,7.5495e-09
949.2903319999999,7.4861e-09
949.778125,7.4226e-09
950.265918,7.3355997e-09
950.7538086000001,7.259e-09
951.2416016,7.1582003e-09
951.7293944999999,7.0031e-09
952.2172852,6.8039e-09
952.7050781,6.5931e-09
953.1928711,6.3539e-09
953.6806641,6.0964e-09
954.168457,5.8147e-09
954.65625,5.6198e-09
955.144043,5.7026e-09
955.6318359,5.9737997e-09
956.1196289,6.2743e-09
956.6074219,6.5316e-09
957.0952148,6.6941004e-09
957.5830078000001,6.8133e-09
958.0707031,6.9133996e-09
958.5584961000001,7.0023e-09
959.0462891,7.0584e-09
959.5340819999999,7.0993e-09
960.0217773,7.1235e-09
960.5095703000001,7.1442003e-09
960.9972656,7.1918e-09
961.4850586,7.2028e-09
961.9727538999999,7.2215e-09
962.4604492000001,7.2251e-09
962.9482421999999,7.2771e-09
963.4359375,7.2864e-09
963.9236328000001,7.2357e-09
964.4114258,7.2099e-09
964.8991211,7.1901e-09
965.3868163999999,7.1828e-09
965.8745117000001,7.113e-09
966.3622069999999,7.0926e-09
966.8499023,7.1354e-09
967.3375977,7.1319e-09
967.8252930000001,7.1458e-09
968.3129882999999,7.1866e-09
968.8006836000001,7.2378996e-09
969.2882812,7.3155997e-09
969.7759765999999,7.3104998e-09
970.2636719,7.2799002e-09
970.7512694999999,7.2155997e-09
971.2389648000001,7.1494997e-09
971.7266602,7.1133e-09
972.2142578,7.0864e-09
972.7019531,7.082e-09
973.1895508,7.1061e-09
973.6771484000001,7.0792e-09
974.1648438,7.0548998e-09
974.6524413999999,7.0270003e-09
975.1400391,7.0098998e-09
975.6277344,6.9915003e-09
976.115332,6.9577997e-09
976.6029296999999,6.9599997e-09
977.0905273000001,6.963e-09
977.578125,6.9687003e-09
978.0657226999999,6.9803003e-09
978.5533203000001,6.9894e-09
979.040918,6.9692003e-09
979.5284180000001,7.0095e-09
980.0160156,7.0331003e-09
980.5036133,7.0248003e-09
980.9912109,6.9831003e-09
981.4787109000001,6.9270003e-09
981.9663086,6.8766997e-09
982.4539062,6.839e-09
982.9414062,6.8387003e-09
983.4290039,6.8014e-09
983.9165039,6.7635e-09
984.4040038999999,6.7591e-09
984.8916016,6.7667e-09
985.3791015999999,6.7632e-09
985.8666016,6.7801995e-09
986.3541015999999,6.7664003e-09
986.8416015999999,6.7608004e-09
987.3291992000001,6.7986e-09
987.8166992,6.8080004e-09
988.3041992000001,6.8191e-09
988.7916992,6.8176997e-09
989.2791015999999,6.7642e-09
989.7666016,6.718e-09
990.2541015999999,6.6726003e-09
990.7416016,6.6504002e-09
991.2290039,6.6432997e-09
991.7165038999999,6.6225e-09
992.2040039,6.6007e-09
992.6914062,6.5682997e-09
993.1789062,6.5481998e-09
993.6663086000001,6.5266996e-09
994.1538086,6.5034e-09
994.6412109,6.4633996e-09
995.1286133,6.4453e-09
995.6161132999999,6.4168e-09
996.1035156,6.4159e-09
996.5909180000001,6.3820997e-09
997.0783203000001,6.3535e-09
997.5657226999999,6.3498002e-09
998.053125,6.3237997e-09
998.5405273,6.3120997e-09
999.0279297,6.2697e-09
999.515332,6.2451e-09
1000.0027344,6.2471e-09
1000.4900390999999,6.2338e-09
1000.9774414,6.2133996e-09
1001.4648438,6.1453997e-09
1001.9521484,6.0116e-09
1002.4395508,5.8892002e-09
1002.9268555000001,5.7863e-09
1003.4142578000001,5.6302003e-09
1003.9015625,5.4893e-09
1004.3888671999999,5.3352e-09
1004.8762694999999,5.1598996e-09
1005.3635742,5.1184e-09
1005.8508789,5.1971e-09
1006.3381836000001,5.3378004e-09
1006.8254883,5.4658003e-09
1007.312793,5.5955e-09
1007.8000976999999,5.6786997e-09
1008.2874023,5.7499e-09
1008.7747069999999,5.8162e-09
1009.2620117,5.8476e-09
1009.7493164,5.8713e-09
1010.2365234000001,5.9074e-09
1010.7238281,5.9424e-09
1011.2110352,5.9753003e-09
1011.6983398,5.9855996e-09
1012.1856445,6.0096e-09
1012.6728516,6.0482e-09
1013.1600586000001,6.1050995e-09
1013.6473632999999,6.1151e-09
1014.1345703000001,6.082e-09
1014.6217773000001,6.0817e-09
1015.1089844,6.0836e-09
1015.5961914,6.0841e-09
1016.0833984000001,6.0888e-09
1016.5706055,6.0976e-09
1017.0578125,6.0785e-09
1017.5450195,6.0896e-09
1018.0322266,6.1032e-09
1018.5194336000001,6.1002e-09
1019.0066406,6.0789e-09
1019.49375,6.0657e-09
1019.980957,6.0834e-09
1020.60929095,6.0228955e-09
1021.63245296,6.0038534e-09
1022.65664068,5.984811e-09
1023.6818551600002,5.9649756e-09
1024.70809741,5.94514e-09
1025.73536848,5.9253042e-09
1026.76366938,5.906262e-09
1027.79300116,5.8864265e-09
1028.82336484,5.865797e-09
1029.85476146,5.8459615e-09
1030.88719206,5.8261262e-09
1031.92065768,5.8047034e-09
1032.95515934,5.7809006e-09
1033.99069809,5.7618585e-09
1035.02727497,5.7451963e-09
1036.06489102,5.7245675e-09
1037.10354729,5.702352e-09
1038.1432448,5.6848966e-09
1039.18398462,5.6666476e-09
1040.22576777,5.646812e-09
1041.26859532,5.6277694e-09
1042.3124683,5.6087273e-09
1043.35738777,5.5888916e-09
1044.40335476,5.5642957e-09
1045.45037035,5.5309717e-09
1046.49843556,5.511136e-09
1047.54755146,5.503995e-09
1048.59771911,5.4897136e-09
1049.64893954,5.4682907e-09
1050.70121383,5.4444884e-09
1051.75454302,5.4254463e-09
1052.80892818,5.408784e-09
1053.86437036,5.388948e-09
1054.92087062,5.3699063e-09
1055.97843002,5.3548312e-09
1057.03704963,5.3373754e-09
1058.09673051,5.31516e-09
1059.15747371,5.293737e-09
1060.21928032,5.277869e-09
1061.28215138,5.2627938e-09
1062.34608798,5.2453384e-09
1063.41109117,5.2255027e-09
1064.47716203,5.2080473e-09
1065.54430163,5.1882116e-09
1066.61251103,5.1628217e-09
1067.68179132,5.1080757e-09
1068.75214356,5.0382543e-09
1069.82356883,5.0398414e-09
1070.89606821,5.058883e-09
1071.96964276,5.0557096e-09
1073.04429358,5.0342868e-09
1074.12002174,5.0247664e-09
1075.19682831,5.012071e-09
1076.27471439,4.9977893e-09
1077.35368104,4.9850946e-09
1078.43372937,4.965259e-09
1079.51486044,4.9446296e-09
1080.59707535,4.922414e-09
1081.68037517,4.896231e-09
1082.76476101,4.8692543e-09
1083.85023395,4.8486255e-09
1084.93679507,4.8264095e-09
1086.02444548,4.7891184e-09
1087.11318625,4.7407194e-09
1088.20301849,4.689147e-09
1089.29394328,4.6121844e-09
1090.38596173,4.482856e-09
1091.47907493,4.2654573e-09
1092.57328398,3.931425e-09
1093.66858997,3.5870784e-09
1094.76499401,3.6227823e-09
1095.86249719,3.9726835e-09
1096.96110062,4.255143e-09
1098.06080541,4.409861e-09
1099.16161264,4.492377e-09
1100.26352344,4.5336352e-09
1101.36653891,4.5502975e-09
1102.47066015,4.5550577e-09
1103.57588827,4.5558513e-09
1104.68222439,4.5502975e-09
1105.78966961,4.54157e-09
1106.89822504,4.5304613e-09
1108.0078918,4.51856e-09
1109.11867101,4.5050723e-09
1110.23056377,4.491584e-09
1111.3435712,4.4765085e-09
1112.45769443,4.4606403e-09
1113.57293457,4.445565e-09
1114.68929273,4.432077e-09
1115.80677005,4.4185886e-09
1116.92536764,4.4035136e-09
1118.04508662,4.387645e-09
1119.16592813,4.3717767e-09
1120.28789328,4.357495e-09
1121.4109832,4.3432133e-09
1122.53519901,4.3289314e-09
1123.66054186,4.3138564e-09
1124.78701287,4.2971946e-09
1125.91461316,4.2805324e-09
1127.04334387,4.2622834e-09
1128.17320614,4.2210253e-09
1129.30420109,4.1742134e-09
1130.43632987,4.1726267e-09
1131.56959361,4.1892885e-09
1132.70399345,4.1765937e-09
1133.83953053,4.160725e-09
1134.97620598,4.1583452e-09
1136.11402095,4.147237e-09
1137.25297658,4.1313686e-09
1138.39307402,4.1170867e-09
1139.5343144,4.1035984e-09
1140.67669888,4.0885233e-09
1141.8202286,4.076622e-09
1142.96490471,4.0639274e-09
1144.11072836,4.0456785e-09
1145.2577007,4.0290167e-09
1146.40582289,4.020289e-09
1147.55509606,4.0083874e-09
1148.70552138,3.994899e-09
1149.85710001,3.9806176e-09
1151.00983309,3.9663357e-09
1152.16372179,3.9528474e-09
1153.31876727,3.938566e-09
1154.47497068,3.9250776e-09
1155.63233318,3.910796e-09
1156.79085595,3.8965147e-09
1157.95054013,3.8830263e-09
1159.1113869,3.867951e-09
1160.27339741,3.850496e-09
1161.43657285,3.83066e-09
1162.60091437,3.813205e-09
1163.76642314,3.8036836e-09
1164.93310034,3.783848e-09
1166.10094713,3.753698e-09
1167.26996469,3.7457633e-09
1168.44015419,3.7513175e-09
1169.61151681,3.74735e-09
1170.78405372,3.7362424e-09
1171.9577661,3.722754e-09
1173.13265513,3.7052987e-09
1174.30872198,3.6703882e-09
1175.48596785,3.6307168e-09
1176.6643939,3.6378576e-09
1177.84400133,3.6465853e-09
1179.02479131,3.6378576e-09
1180.20676504,3.6251626e-09
1181.3899237,3.6132612e-09
1182.57426848,3.5958059e-09
1183.75980056,3.5743835e-09
1184.94652114,3.5648622e-09
1186.13443141,3.560102e-09
1187.32353257,3.5482004e-09
1188.51382579,3.5291583e-09
1189.70531229,3.5101162e-09
1190.89799325,3.5077359e-09
1192.09186988,3.504562e-09
1193.28694337,3.491867e-09
1194.48321492,3.4744119e-09
1195.68068574,3.4593368e-09
1196.87935702,3.452196e-09
1198.07922997,3.4379142e-09
1199.2803058,3.4236325e-09
1200.48258571,3.4164918e-09
1201.6860709,3.4061773e-09
1202.89076259,3.3895153e-09
1204.09666198,3.3776137e-09
1205.30377029,3.370473e-09
1206.51208872,3.3585716e-09
1207.7216185,3.3411163e-09
1208.93236083,3.3252479e-09
1210.14431693,3.3173135e-09
1211.35748802,3.3077923e-09
1212.57187532,3.2990646e-09
1213.78748004,3.2887502e-09
1215.0043034,3.2776424e-09
1216.22234664,3.2657408e-09
1217.44161096,3.2530458e-09
1218.66209759,3.2411447e-09
1219.88380777,3.2300367e-09
1221.10674271,3.2189287e-09
1222.33090364,3.2078207e-09
1223.5562918,3.195126e-09
1224.78290841,3.1816376e-09
1226.0107547,3.1697365e-09
1227.23983192,3.1586285e-09
1228.47014128,3.1499006e-09
1229.70168403,3.1395861e-09
1230.9344614,3.1276848e-09
1232.16847464,3.11499e-09
1233.40372497,3.1030887e-09
1234.64021364,3.0919804e-09
1235.8779419,3.0832528e-09
1237.11691098,3.073732e-09
1238.35712212,3.0626237e-09
1239.59857658,3.0523093e-09
1240.8412756,3.0419947e-09
1242.08522043,3.0308867e-09
1243.33041231,3.0197789e-09
1244.5768525,3.0078775e-09
1245.82454225,2.9928025e-09
1247.0734828,2.9793141e-09
1248.32367543,2.9737601e-09
1249.57512137,2.9658258e-09
1250.82782188,2.9555114e-09
1252.08177823,2.9444034e-09
1253.33699168,2.9332954e-09
1254.59346347,2.921394e-09
1255.85119489,2.9063187e-09
1257.11018717,2.8928306e-09
1258.3704416,2.884103e-09
1259.63195944,2.8753753e-09
1260.89474195,2.8626803e-09
1262.1587904,2.852366e-09
1263.42410606,2.8460185e-09
1264.6906902,2.8372908e-09
1265.95854409,2.8253893e-09
1267.22766901,2.813488e-09
1268.49806622,2.8007932e-09
1269.76973702,2.7880984e-09
1271.04268266,2.7738167e-09
1272.31690443,2.7579483e-09
1273.59240361,2.7381124e-09
1274.86918148,2.7135163e-09
1276.14723932,2.6801925e-09
1277.42657842,2.6286198e-09
1278.70720006,2.5453102e-09
1279.98910552,2.4024935e-09
1281.27229609,2.2104845e-09
1282.55677306,2.1565314e-09
1283.84253772,2.3096627e-09
1285.12959136,2.4620004e-09
1286.41793528,2.5445168e-09
1287.70757076,2.5849813e-09
1288.9984991,2.6040237e-09
1290.2907216,2.6119578e-09
1291.58423955,2.6135447e-09
1292.87905426,2.6111646e-09
1294.17516702,2.6056104e-09
1295.47257914,2.599263e-09
1296.77129191,2.5929157e-09
1298.07130664,2.5849813e-09
1299.37262464,2.5778406e-09
1300.67524721,2.569113e-09
1301.97917567,2.5611788e-09
1303.28441131,2.5524511e-09
1304.59095545,2.5437232e-09
1305.89880941,2.5349955e-09
1307.20797449,2.5262679e-09
1308.51845201,2.5175404e-09
1309.83024328,2.5088127e-09
1311.14334963,2.5000848e-09
1312.45777237,2.4897704e-09
1313.77351281,2.4810425e-09
1315.09057229,2.470728e-09
1316.40895213,2.4588267e-09
1317.72865364,2.4516857e-09
1319.04967815,2.4469253e-09
1320.37202699,2.438991e-09
1321.69570149,2.4302635e-09
1323.02070297,2.4215359e-09
1324.34703277,2.4136015e-09
1325.67469221,2.4048739e-09
1327.00368264,2.396146e-09
1328.33400538,2.3874183e-09
1329.66566177,2.3794842e-09
1330.99865315,2.3707565e-09
1332.33298085,2.3628222e-09
1333.66864622,2.3540945e-09
1335.00565059,2.345367e-09
1336.34399531,2.3374325e-09
1337.68368173,2.328705e-09
1339.02471118,2.3207707e-09
1340.36708502,2.312043e-09
1341.71080458,2.3033153e-09
1343.05587123,2.295381e-09
1344.40228631,2.2874467e-09
1345.75005117,2.2779256e-09
1347.09916716,2.269198e-09
1348.44963565,2.262057e-09
1349.80145798,2.2533295e-09
1351.15463552,2.2446018e-09
1352.50916962,2.2374609e-09
1353.86506164,2.2295268e-09
1355.22231294,2.2207989e-09
1356.58092489,2.2136581e-09
1357.94089885,2.205724e-09
1359.30223619,2.1977895e-09
1360.66493827,2.1906488e-09
1362.02900645,2.1827145e-09
1363.39444212,2.1747801e-09
1364.76124664,2.1660527e-09
1366.12942138,2.1581184e-09
1367.49896772,2.1509774e-09
1368.86988703,2.1414563e-09
1370.24218069,2.1319353e-09
1371.61585008,2.1263813e-09
1372.99089657,2.120034e-09
1374.36732154,2.1105127e-09
1375.74512639,2.103372e-09
1377.12431248,2.0970246e-09
1378.50488121,2.090677e-09
1379.88683396,2.0835362e-09
1381.27017212,2.0763955e-09
1382.65489708,2.0684612e-09
1384.04101023,2.0613204e-09
1385.42851296,2.0541795e-09
1386.81740666,2.0470385e-09
1388.20769273,2.0398978e-09
1389.59937256,2.0319637e-09
1390.99244755,2.0248228e-09
1392.3869191,2.0168887e-09
1393.78278861,2.0089543e-09
1395.18005748,2.0018134e-09
1396.57872712,1.995466e-09
1397.97879892,1.9891186e-09
1399.3802743,1.9811843e-09
1400.78315466,1.9740436e-09
1402.1874414,1.9676962e-09
1403.59313595,1.9605553e-09
1405.00023971,1.9534145e-09
1406.40875409,1.9462738e-09
1407.8186805,1.9399262e-09
1409.23002037,1.9327855e-09
1410.64277511,1.9256445e-09
1412.05694614,1.9185036e-09
1413.47253488,1.9113628e-09
1414.88954274,1.9050155e-09
1416.30797116,1.8978747e-09
1417.72782155,1.8907338e-09
1419.14909535,1.8843864e-09
1420.57179397,1.8772455e-09
1421.99591885,1.870898e-09
1423.42147142,1.8637574e-09
1424.84845311,1.8574099e-09
1426.27686534,1.8510625e-09
1427.70670956,1.8439217e-09
1429.13798721,1.8375743e-09
1430.57069971,1.8304335e-09
1432.0048485,1.824086e-09
1433.44043503,1.8177386e-09
1434.87746074,1.8113911e-09
1436.31592707,1.8050439e-09
1437.75583546,1.7979029e-09
1439.19718736,1.7875884e-09
1440.63998422,1.7764805e-09
1442.08422749,1.7693397e-09
1443.52991861,1.7653725e-09
1444.97705904,1.7629922e-09
1446.42565022,1.7590251e-09
1447.87569363,1.7534711e-09
1449.3271907,1.7463303e-09
1450.7801429,1.7399828e-09
1452.23455168,1.7328421e-09
1453.69041852,1.7233209e-09
1455.14774486,1.7161801e-09
1456.60653217,1.7137998e-09
1458.06678192,1.7098327e-09
1459.52849557,1.7034852e-09
1460.99167459,1.6971379e-09
1462.45632045,1.689997e-09
1463.92243461,1.6820628e-09
1465.39001856,1.6780957e-09
1466.85907376,1.673335e-09
1468.3296017,1.6677812e-09
1469.80160384,1.6622271e-09
1471.27508166,1.6566731e-09
1472.75003665,1.6503259e-09
1474.22647028,1.6439784e-09
1475.70438403,1.637631e-09
1477.1837794,1.6312836e-09
1478.66465786,1.6249362e-09
1480.14702091,1.6201757e-09
1481.63087002,1.615415e-09
1483.1162067,1.6098611e-09
1484.60303242,1.6035138e-09
1486.0913487,1.5971663e-09
1487.58115701,1.589232e-09
1489.07245885,1.5852648e-09
1490.56525573,1.5820911e-09
1492.05954914,1.5773306e-09
1493.55534058,1.5717766e-09
1495.05263155,1.5662227e-09
1496.55142356,1.5598753e-09
1498.0517181,1.5543212e-09
1499.5535167,1.5495607e-09
1501.05682085,1.5440067e-09
1502.56163206,1.5360725e-09
1504.06795185,1.5289315e-09
1505.57578173,1.5249645e-09
1507.08512321,1.5217907e-09
1508.5959778,1.5162369e-09
1510.10834703,1.5106828e-09
1511.62223241,1.5059223e-09
1513.13763546,1.5003683e-09
1514.65455771,1.4948143e-09
1516.17300067,1.4900537e-09
1517.69296587,1.4844997e-09
1519.21445484,1.4781523e-09
1520.7374691,1.4733919e-09
1522.26201019,1.4686313e-09
1523.78807963,1.4630773e-09
1525.31567896,1.4551431e-09
1526.84480971,1.4487956e-09
1528.37547341,1.445622e-09
1529.9076716,1.4424483e-09
1531.44140583,1.4361008e-09
1532.97667763,1.4265797e-09
1534.51348853,1.417852e-09
1536.0518401,1.4154717e-09
1537.59173386,1.4162651e-09
1539.13317136,1.4130914e-09
1540.67615416,1.4051572e-09
1542.22068381,1.391669e-09
1543.76676184,1.3781808e-09
1545.31438982,1.3758005e-09
1546.8635693,1.380561e-09
1548.41430183,1.3829413e-09
1549.96658898,1.3813545e-09
1551.52043229,1.3734202e-09
1553.07583333,1.3583451e-09
1554.63279367,1.3361291e-09
1556.19131486,1.3218475e-09
1557.75139847,1.3281949e-09
1559.31304606,1.3408897e-09
1560.87625921,1.347237e-09
1562.44103948,1.347237e-09
1564.00738845,1.3416832e-09
1565.57530768,1.3313686e-09
1567.14479875,1.311533e-09
1568.71586324,1.2790025e-09
1570.28850272,1.2528194e-09
1571.86271878,1.2615471e-09
1573.43851299,1.2853498e-09
1575.01588693,1.3004251e-09
1576.5948422,1.3051855e-09
1578.17538037,1.3059789e-09
1579.75750303,1.3028052e-09
1581.34121177,1.2964578e-09
1582.92650818,1.2837631e-09
1584.51339385,1.2615471e-09
1586.10187037,1.2218758e-09
1587.69193935,1.1758572e-09
1589.28360237,1.1710966e-09
1590.87686104,1.2075941e-09
1592.47171695,1.2393311e-09
1594.0681717,1.2544064e-09
1595.6662269,1.2599604e-09
1597.26588416,1.2607537e-09
1598.86714507,1.2583734e-09
1600.47001125,1.2536129e-09
1602.0744843,1.2472655e-09
1603.68056584,1.2393311e-09
1605.28825748,1.2250495e-09
1606.89756083,1.2004533e-09
1608.50847751,1.1568149e-09
1610.12100913,1.0965145e-09
1611.73515732,1.0727118e-09
1613.3509237,1.1131764e-09
1614.96830988,1.1599887e-09
1616.5873175,1.1869651e-09
1618.20794817,1.1988665e-09
1619.83020353,1.2036271e-09
1621.4540852,1.2044205e-09
1623.07959481,1.2028336e-09
1624.706734,1.2004533e-09
1626.33550439,1.1964862e-09
1627.96590763,1.1917256e-09
1629.59794535,1.1861717e-09
1631.2316192,1.1790308e-09
1632.8669308,1.1687162e-09
1634.5038818,1.1528477e-09
1636.14247385,1.1282516e-09
1637.78270859,1.0862e-09
1639.4245876600003,1.0243127e-09
1641.06811273,9.822612e-10
1642.7132854199997,1.0100311e-09
1644.36010741,1.0647775e-09
1646.00858033,1.1004817e-09
1647.6587058600003,1.1187304e-09
1649.3104856300001,1.1274581e-09
1650.96392132,1.1306318e-09
1652.6190145799999,1.1314253e-09
1654.27576707,1.1298384e-09
1655.93418045,1.1274581e-09
1657.5942564000002,1.1242844e-09
1659.2559965799999,1.1203173e-09
1660.9194026500002,1.1171436e-09
1662.58447629,1.1123831e-09
1664.25121916,1.1076224e-09
1665.9196329500003,1.102862e-09
1667.58971933,1.0973079e-09
1669.26147997,1.0909605e-09
1670.93491655,1.0822329e-09
1672.61003075,1.071125e-09
1674.2868242600002,1.0560498e-09
1675.9652987599998,1.0314536e-09
1677.64545592,9.925758e-10
1679.32729745,9.338622e-10
1681.0108250199999,8.9419094e-10
1682.69604034,9.211675e-10
1684.38294508,9.727401e-10
1686.07154095,1.0068575e-09
1687.76182964,1.0227259e-09
1689.45381284,1.0298667e-09
1691.1474922599998,1.0346273e-09
1692.8428695899997,1.0362142e-09
1694.53994654,1.0354207e-09
1696.23872482,1.0330404e-09
1697.93920612,1.0298667e-09
1699.64139215,1.0266931e-09
1701.34528463,1.0235193e-09
1703.05088526,1.0203457e-09
1704.75819576,1.0163785e-09
1706.46721784,1.0132049e-09
1708.1779532200003,1.0084443e-09
1709.89040361,1.0036837e-09
1711.60457074,1.00051e-09
1713.3204563200002,9.973363e-10
1715.0380620700003,9.941626e-10
1716.75738973,9.89402e-10
1718.4784410200002,9.85435e-10
1720.20121766,9.806743e-10
1721.92572139,9.751204e-10
1723.65195393,9.695664e-10
1725.3799170300001,9.632191e-10
1727.10961241,9.544913e-10
1728.84104181,9.433834e-10
1730.5742069699998,9.267214e-10
1732.30910963,8.9895147e-10
1734.04575153,8.5372626e-10
1735.78413442,8.0294693e-10
1737.5242600400002,7.9977325e-10
1739.2661301399999,8.4420515e-10
1741.00974647,8.83083e-10
1742.75511077,9.0291863e-10
1744.5022248,9.116463e-10
1746.25109032,9.1482e-10
1748.0017090699998,9.1720026e-10
1749.75408282,9.164069e-10
1751.5082133299998,9.1482e-10
1753.2641023600002,9.1323316e-10
1755.02175167,9.1085284e-10
1756.78116302,9.0847263e-10
1758.54233819,9.052989e-10
1760.30527893,9.0212515e-10
1762.06998703,8.981581e-10
1763.83646425,8.9498436e-10
1765.6047123599997,8.918106e-10
1767.3747331500003,8.894304e-10
1769.14652838,8.862567e-10
1770.92009984,8.8387636e-10
1772.6954493,8.7990926e-10
1774.4725785599999,8.767356e-10
1776.25148939,8.7276847e-10
1778.03218358,8.6959473e-10
1779.81466292,8.6642105e-10
1781.59892919,8.632473e-10
1783.3849842,8.600736e-10
1785.17282973,8.568999e-10
1786.9624675700002,8.5372626e-10
1788.7538995299997,8.505525e-10
1790.5471274,8.4737883e-10
1792.34215299,8.4420515e-10
1794.13897808,8.410314e-10
1795.9376044999997,8.3785767e-10
1797.73803405,8.338906e-10
1799.54026852,8.299234e-10
1801.34430974,8.235761e-10
1803.1501595100003,8.188155e-10
1804.95781965,8.164352e-10
1806.7672919700003,8.1088125e-10
1808.5785782899998,8.037404e-10
1810.39168043,7.934259e-10
1812.2066002,7.7755735e-10
1814.02333943,7.5050155e-10
1815.84189994,7.0813255e-10
1817.66228357,6.7480865e-10
1819.4844921299998,6.9170863e-10
1821.3085274500002,7.298725e-10
1823.13439138,7.5399254e-10
1824.9620857300001,7.662907e-10
1826.79161235,7.729555e-10
1828.6229730700002,7.7549445e-10
1830.45616974,7.750977e-10
1832.2912041800002,7.7327283e-10
1834.1280782500003,7.719241e-10
1835.96679379,7.703372e-10
1837.80735265,7.6795686e-10
1839.6497566600003,7.6541795e-10
1841.4940076899998,7.6272033e-10
1843.34010758,7.599433e-10
1845.18805819,7.571663e-10
1847.03786137,7.5430995e-10
1848.88951898,7.51533e-10
1850.74303288,7.4851797e-10
1852.59840493,7.452649e-10
1854.4556369899997,7.419325e-10
1856.3147309299998,7.3875883e-10
1858.17568862,7.358231e-10
1860.03851191,7.325701e-10
1861.90320269,7.2844425e-10
1863.7697628199999,7.240011e-10
1865.6381941799998,7.186851e-10
1867.50849865,7.111476e-10
1869.3806780999998,6.997223e-10
1871.2547344099999,6.79966e-10
1873.13066946,6.4457917e-10
1875.00848515,6.066534e-10
1876.8881833400003,6.143496e-10
1878.76976593,6.514026e-10
1880.6532348200003,6.7512607e-10
1882.5385918799998,6.8536127e-10
1884.42583901,6.889317e-10
1886.3149781200002,6.9043915e-10
1888.20601108,6.9067724e-10
1890.0989398099998,6.894871e-10
1891.9937662,6.8702743e-10
1893.89049216,6.848059e-10
1895.78911959,6.8345707e-10
1897.68965039,6.8171147e-10
1899.5920864799998,6.794899e-10
1901.49642976,6.7718897e-10
1903.40268215,6.747294e-10
1905.31084556,6.7234907e-10
1907.22092191,6.698894e-10
1909.13291311,6.673505e-10
1911.0468210799997,6.6489086e-10
1912.96264775,6.623519e-10
1914.8803950400002,6.59813e-10
1916.80006487,6.5727396e-10
1918.7216591700003,6.546557e-10
1920.64517987,6.5203737e-10
1922.5706289000002,6.4933975e-10
1924.4980081999997,6.4656275e-10
1926.4273196999998,6.4362704e-10
1928.35856534,6.405327e-10
1930.2917470500001,6.372797e-10
1932.22686678,6.3347116e-10
1934.1639264600003,6.2879e-10
1936.10292806,6.225219e-10
1938.0438735,6.1323885e-10
1939.98676475,5.9832245e-10
1941.93160374,5.727741e-10
1943.87839244,5.40085e-10
1945.8271328000003,5.3318217e-10
1947.77782677,5.592859e-10
1949.73047631,5.833267e-10
1951.68508339,5.9562477e-10
1953.64164996,6.0109945e-10
1955.6001779900002,6.031623e-10
1957.5606694499998,6.03321e-10
1959.52312631,6.026069e-10
1961.48755053,6.0125815e-10
1963.45394409,5.996713e-10
1965.42230896,5.9784633e-10
1967.39264712,5.960215e-10
1969.36496054,5.9395866e-10
1971.33925121,5.9157834e-10
1973.3155211099997,5.893568e-10
1975.29377222,5.875318e-10
1977.27400653,5.855483e-10
1979.25622603,5.8348537e-10
1981.24043271,5.8134314e-10
1983.2266285500002,5.792009e-10
1985.21481556,5.770586e-10
1987.20499573,5.749957e-10
1989.1971710600003,5.728535e-10
1991.1913435399997,5.707112e-10
1993.1875151899999,5.6856897e-10
1995.185688,5.6650606e-10
1997.18586398,5.643638e-10
1999.18804514,5.623009e-10
2001.1922334799997,5.6015864e-10
2003.19843103,5.5809574e-10
2005.2066398,5.559535e-10
2007.21686179,5.538906e-10
2009.2290990400002,5.51907e-10
2011.24335355,5.498441e-10
2013.25962736,5.477019e-10
2015.27792249,5.45639e-10
2017.2982409600002,5.436554e-10
2019.3205848000002,5.415925e-10
2021.34495604,5.395296e-10
2023.37135672,5.37546e-10
2025.39978886,5.355625e-10
2027.43025451,5.334996e-10
2029.46275571,5.314366e-10
2031.49729449,5.294531e-10
2033.5338729,5.2754884e-10
2035.5724929800003,5.2556526e-10
2037.6131567799998,5.2358173e-10
2039.6558663399999,5.2159815e-10
2041.70062373,5.1969395e-10
2043.74743099,5.177897e-10
2045.79629017,5.158062e-10
2047.84720334,5.139019e-10
2049.90017255,5.1191834e-10
2051.95519986,5.1001414e-10
2054.01228734,5.081099e-10
2056.07143706,5.062057e-10
2058.13265107,5.043015e-10
2060.19593146,5.023179e-10
2062.26128028,5.004137e-10
2064.32869962,4.9850946e-10
2066.39819155,4.966846e-10
2068.46975815,4.948597e-10
2070.5434015,4.929555e-10
2072.61912367,4.911306e-10
2074.69692676,4.893057e-10
2076.77681285,4.8748083e-10
2078.85878403,4.8565596e-10
2080.94284239,4.838311e-10
2083.02899001,4.820062e-10
2085.11722901,4.8018134e-10
2087.20756146,4.7835647e-10
2089.29998948,4.7653154e-10
2091.39451515,4.7462734e-10
2093.49114059,4.728818e-10
2095.58986791,4.712156e-10
2097.69069919,4.694701e-10
2099.79363657,4.675659e-10
2101.89868214,4.655823e-10
2104.00583802,4.6383675e-10
2106.11510633,4.6232923e-10
2108.22648918,4.6066306e-10
2110.33998869,4.5891752e-10
2112.45560699,4.5709264e-10
2114.5733462,4.5526777e-10
2116.69320845,4.533635e-10
2118.81519586,4.5138e-10
2120.93931057,4.495551e-10
2123.0655547,4.4812692e-10
2125.1939304,4.4622273e-10
2127.32443979,4.4439782e-10
2129.45708502,4.4296966e-10
2131.59186824,4.4146214e-10
2133.72879157,4.398753e-10
2135.86785717,4.3805043e-10
2138.00906719,4.3622553e-10
2140.15242378,4.3455933e-10
2142.29792908,4.3273446e-10
2144.44558525,4.3090959e-10
2146.59539445,4.290054e-10
2148.74735884,4.2694243e-10
2150.90148058,4.246415e-10
2153.05776182,4.2194387e-10
2155.21620474,4.1853215e-10
2157.3768115,4.1393028e-10
2159.53958427,4.0671008e-10
2161.70452522,3.9449136e-10
2163.87163653,3.7505243e-10
2166.04092037,3.612468e-10
2168.21237892,3.7100595e-10
2170.38601436,3.8774722e-10
2172.56182887,3.9734768e-10
2174.73982464,4.0155282e-10
2176.92000385,4.031397e-10
2179.10236869,4.0329837e-10
2181.28692136,4.0290163e-10
2183.47366404,4.020289e-10
2185.66259894,4.0099743e-10
2187.85372825,3.9972797e-10
2190.04705416,3.9845846e-10
2192.24257889,3.9718898e-10
2194.44030463,3.957608e-10
2196.6402336,3.94412e-10
2198.84236799,3.9298384e-10
2201.04671003,3.9155568e-10
2203.25326193,3.9004816e-10
2205.46202589,3.8854064e-10
2207.67300415,3.8711245e-10
2209.88619891,3.8576364e-10
2212.1016124,3.8433548e-10
2214.31924685,3.827486e-10
2216.53910448,3.8100312e-10
2218.76118752,3.7981296e-10
2220.9854982,3.7862283e-10
2223.21203875,3.7727402e-10
2225.44081141,3.758458e-10
2227.67181842,3.7441766e-10
2229.90506202,3.7298947e-10
2232.14054445,3.7164066e-10
2234.37826795,3.702125e-10
2236.61823477,3.6878434e-10
2238.86044716,3.6743553e-10
2241.10490737,3.6608666e-10
2243.35161765,3.6465853e-10
2245.60058026,3.633097e-10
2247.85179747,3.6196088e-10
2250.10527152,3.6053271e-10
2252.36100468,3.591839e-10
2254.61899921,3.5775574e-10
2256.87925739,3.5640688e-10
2259.14178148,3.5513742e-10
2261.40657375,3.537886e-10
2263.67363648,3.5243977e-10
2265.94297194,3.5117026e-10
2268.21458241,3.4982145e-10
2270.48847018,3.4847264e-10
2272.76463752,3.4720316e-10
2275.04308672,3.4593367e-10
2277.32382007,3.4458486e-10
2279.60683985,3.4331538e-10
2281.89214837,3.4196657e-10
2284.17974791,3.4069705e-10
2286.46964077,3.3950692e-10
2288.76182926,3.381581e-10
2291.05631566,3.368886e-10
2293.35310229,3.3561914e-10
2295.65219145,3.34429e-10
2297.95358545,3.331595e-10
2300.2572866,3.319694e-10
2302.56329721,3.306999e-10
2304.87161961,3.2950975e-10
2307.18225609,3.2824027e-10
2309.495209,3.270501e-10
2311.81048064,3.2578065e-10
2314.12807334,3.2459052e-10
2316.44798944,3.2340036e-10
2318.77023125,3.2221026e-10
2321.09480111,3.210201e-10
2323.42170136,3.1982997e-10
2325.75093432,3.1863984e-10
2328.08250235,3.1744968e-10
2330.41640777,3.1625955e-10
2332.75265294,3.150694e-10
2335.0912402,3.1387926e-10
2337.43217189,3.1268915e-10
2339.77545037,3.1157832e-10
2342.12107799,3.1038822e-10
2344.4690571,3.0919806e-10
2346.81939007,3.0808728e-10
2349.17207924,3.0689712e-10
2351.52712699,3.0578634e-10
2353.88453568,3.046755e-10
2356.24430768,3.034854e-10
2358.60644534,3.0237457e-10
2360.97095106,3.012638e-10
2363.33782719,3.0015299e-10
2365.70707612,2.9896285e-10
2368.07870022,2.9785205e-10
2370.45270188,2.9674127e-10
2372.82908348,2.9563046e-10
2375.20784741,2.945197e-10
2377.58899604,2.9340888e-10
2379.97253179,2.9237746e-10
2382.35845703,2.9126662e-10
2384.74677416,2.9015584e-10
2387.13748558,2.8904504e-10
2389.5305937,2.8793423e-10
2391.92610091,2.8690278e-10
2394.32400961,2.85792e-10
2396.72432223,2.8476055e-10
2399.12704116,2.8364974e-10
2401.53216881,2.8253894e-10
2403.93970761,2.8142816e-10
2406.34965998,2.803967e-10
2408.76202832,2.7944458e-10
2411.17681506,2.783338e-10
2413.59402263,2.77223e-10
2416.01365346,2.7611222e-10
2418.43570996,2.751601e-10
2420.86019458,2.74208e-10
2423.28710975,2.731765e-10
2425.71645791,2.7214506e-10
2428.14824149,2.7095493e-10
2430.58246293,2.6984412e-10
2433.01912469,2.688127e-10
2435.4582292,2.679399e-10
2437.89977891,2.6706715e-10
2440.34377629,2.6611502e-10
2442.79022377,2.6500424e-10
2445.23912382,2.6373476e-10
2447.69047889,2.6246527e-10
2450.14429145,2.6143382e-10
2452.60056396,2.6071975e-10
2455.05929889,2.6000566e-10
2457.5204987,2.5921224e-10
2459.98416587,2.582601e-10
2462.45030287,2.5706998e-10
2464.91891217,2.5572117e-10
2467.38999625,2.5421365e-10
2469.8635576,2.5294417e-10
2472.3395987,2.5223007e-10
2474.81812203,2.5183336e-10
2477.29913009,2.5135732e-10
2479.78262536,2.5064323e-10
2482.26861033,2.4977045e-10
2484.75708751,2.4865968e-10
2487.24805939,2.4746952e-10
2489.74152847,2.4588268e-10
2492.23749726,2.440578e-10
2494.73596826,2.4247093e-10
2497.23694398,2.4183622e-10
2499.74042693,2.4183622e-10
