90.04520000000001,1.2837949e-16
90.1354,1.7374299e-16
90.2258,1.8457115e-16
90.31630000000001,1.890829e-16
90.4068,1.9343057e-16
90.49740000000001,1.9876263e-16
90.5882,2.0417671e-16
90.679,2.0934471e-16
90.7699,2.1467677e-16
90.86090000000002,2.2009086e-16
90.952,2.2558698e-16
91.04310000000001,2.3132917e-16
91.13440000000001,2.3748154e-16
91.2258,2.4584877e-16
91.31720000000001,2.689817e-16
91.4088,4.886624e-16
91.50040000000001,3.7701737e-15
91.59210000000002,2.4388001e-14
91.68400000000001,7.099017e-14
91.77590000000001,1.1943804e-13
91.8679,1.5930542e-13
91.96000000000001,2.0105952e-13
92.05220000000001,2.3042684e-13
92.14450000000001,2.7193482e-13
92.23680000000002,3.0080997e-13
92.3293,3.2435304e-13
92.42190000000001,4.7684984e-13
92.5145,4.839046e-13
92.60730000000001,3.750486e-13
92.7001,5.2385396e-13
92.793,7.779879e-13
92.88600000000001,8.0628885e-13
92.9792,5.8513155e-13
93.07240000000002,4.1417767e-13
93.16570000000002,6.2475285e-13
93.2591,9.737154e-13
93.3526,1.1935601e-12
93.4462,1.2600058e-12
93.53980000000001,1.1730523e-12
93.6336,9.0070724e-13
93.7275,5.5477985e-13
93.82140000000001,5.519088e-13
93.91550000000001,9.548481e-13
94.00970000000001,1.333014e-12
94.10390000000001,1.5454759e-12
94.1982,1.6750857e-12
94.29270000000001,1.7464534e-12
94.3872,1.7694222e-12
94.4818,1.6775468e-12
94.57650000000001,1.6119214e-12
94.6714,1.6463747e-12
94.7663,1.4905146e-12
94.86130000000001,1.0409813e-12
94.9564,6.515772e-13
95.05160000000001,9.113713e-13
95.1468,1.5315304e-12
95.24220000000001,1.9392276e-12
95.3377,2.1574318e-12
95.4333,2.3961436e-12
95.529,2.6414183e-12
95.6247,2.8579819e-12
95.7206,3.0220449e-12
95.81660000000001,3.073725e-12
95.9126,3.0934127e-12
96.00880000000001,3.0819282e-12
96.105,3.1459128e-12
96.2014,3.2246632e-12
96.2978,3.2016943e-12
96.3943,3.040092e-12
96.491,3.032709e-12
96.5877,3.3116166e-12
96.68450000000001,3.5060318e-12
96.78150000000001,3.4929067e-12
96.8785,3.3255623e-12
96.9756,2.9531386e-12
97.0728,2.2722761e-12
97.1701,1.3420374e-12
97.2675,9.392621e-13
97.3651,1.6258669e-12
97.4627,2.661106e-12
97.56040000000002,3.4297422e-12
97.65820000000001,3.903885e-12
97.7561,4.140136e-12
97.85410000000002,4.2910744e-12
97.9522,4.440372e-12
98.05040000000001,4.531427e-12
98.1487,4.583927e-12
98.2471,4.6807246e-12
98.3456,4.7717798e-12
98.44420000000001,4.729944e-12
98.5428,4.7561937e-12
98.64160000000001,4.9022097e-12
98.7405,4.7529125e-12
98.8395,4.4050982e-12
98.93860000000001,4.100761e-12
99.0378,4.055644e-12
99.1371,4.531427e-12
99.2365,4.9095927e-12
99.33590000000001,5.026898e-12
99.4355,4.788186e-12
99.5352,4.8365847e-12
99.635,5.1146717e-12
99.73490000000001,5.2327973e-12
99.8349,5.340259e-12
99.93490000000001,5.4583846e-12
100.0351,5.6224474e-12
100.1354,5.805378e-12
100.2358,5.9431913e-12
100.33630000000001,6.0588557e-12
100.43690000000001,6.1056143e-12
100.5376,6.1064344e-12
100.63830000000002,6.100692e-12
100.73920000000001,6.1482703e-12
100.84020000000001,6.233583e-12
100.94130000000001,6.293466e-12
101.0425,6.4271774e-12
101.1438,6.5485846e-12
101.24520000000001,6.6002646e-12
101.3467,6.712648e-12
101.4483,6.793039e-12
101.55000000000001,6.9029613e-12
101.65180000000001,7.1031184e-12
101.75370000000001,7.1662823e-12
101.85570000000001,7.087533e-12
101.9578,6.963665e-12
102.0601,6.7577654e-12
102.1624,6.45835e-12
102.26480000000001,5.749597e-12
102.3673,4.3960747e-12
102.46990000000001,2.5905588e-12
102.57270000000001,1.5815697e-12
102.67550000000001,2.6184493e-12
102.77840000000002,4.519122e-12
102.88150000000002,6.136786e-12
102.9846,7.2597987e-12
103.0878,7.8791374e-12
103.19120000000001,8.334413e-12
103.2946,8.7527745e-12
103.3982,8.998869e-12
103.5018,8.982463e-12
103.60560000000001,8.498476e-12
103.7095,8.473867e-12
103.8134,9.318792e-12
103.9175,9.868405e-12
104.02170000000001,1.008989e-11
104.126,1.0262157e-11
104.23030000000001,1.0303172e-11
104.3348,1.0286766e-11
104.4394,1.0450829e-11
104.54410000000001,1.0680518e-11
104.64890000000001,1.0885597e-11
104.7539,1.09348156e-11
104.8589,1.1008644e-11
104.96400000000001,1.1361381e-11
105.06920000000001,1.1615678e-11
105.1745,1.169771e-11
105.28,1.1820757e-11
105.38550000000001,1.2025836e-11
105.4912,1.21899e-11
105.5969,1.2444197e-11
105.70280000000001,1.2739511e-11
105.8088,1.2919981e-11
105.9148,1.2887169e-11
106.02100000000002,1.294459e-11
106.12729999999999,1.3239904e-11
106.2337,1.31906855e-11
106.34020000000001,1.310045e-11
106.44680000000001,1.3486e-11
106.55350000000001,1.3584437e-11
106.6603,1.34367795e-11
106.7673,1.3420374e-11
106.8743,1.3699281e-11
106.98140000000001,1.43309245e-11
107.0887,1.4749285e-11
107.19600000000001,1.4929755e-11
107.30350000000001,1.5003585e-11
107.41110000000002,1.5257882e-11
107.51880000000001,1.55614e-11
107.62650000000002,1.587312e-11
107.73440000000001,1.6299684e-11
107.8424,1.662781e-11
107.95060000000001,1.6931328e-11
108.0588,1.719383e-11
108.1671,1.7275861e-11
108.27550000000002,1.7267658e-11
108.38409999999999,1.6931328e-11
108.4927,1.6800077e-11
108.60150000000002,1.7521954e-11
108.7104,1.8457114e-11
108.8194,1.8826258e-11
108.92850000000001,1.9023134e-11
109.0377,1.9080555e-11
109.147,1.9252822e-11
109.25640000000001,1.9745013e-11
109.36590000000001,2.0163374e-11
109.47560000000001,2.0138766e-11
109.58530000000002,1.9252822e-11
109.6952,1.8350476e-11
109.8051,1.8924697e-11
109.91520000000001,1.9892667e-11
110.02539999999999,2.1196971e-11
110.1357,2.319034e-11
110.24610000000001,2.5167302e-11
110.35660000000001,2.7004812e-11
110.46730000000001,2.8440365e-11
110.578,3.045834e-11
110.68889999999999,3.433844e-11
110.7998,4.48631e-11
110.9109,7.789723e-11
111.02210000000001,1.5339913e-10
111.13340000000001,2.4035268e-10
111.24480000000001,3.4043127e-10
111.35630000000002,3.8809161e-10
111.46800000000002,4.7701393e-10
111.5797,8.4492574e-10
111.6916,8.5230856e-10
111.80350000000001,8.244178e-10
111.9156,1.1738726e-09
112.02780000000001,1.1427005e-09
112.14010000000002,7.428784e-10
112.25260000000002,7.21058e-10
112.36510000000001,1.3256309e-09
112.47770000000001,1.63407e-09
112.5905,1.6701639e-09
112.70340000000002,1.3863345e-09
112.81630000000001,8.506679e-10
112.92940000000002,6.154833e-10
113.0427,1.0007859e-09
113.156,1.506921e-09
113.2694,1.5618822e-09
113.383,1.3707485e-09
113.4966,1.5061007e-09
113.61040000000001,1.8653992e-09
113.7243,1.8284849e-09
113.8383,1.2993808e-09
113.95250000000001,7.205658e-10
114.0667,7.592027e-10
114.181,1.0754346e-09
114.2955,1.104966e-09
114.41010000000001,1.1459818e-09
114.52480000000001,1.4946162e-09
114.6396,1.5946948e-09
114.75450000000001,1.5159445e-09
114.86959999999999,1.6422731e-09
114.9847,1.7497346e-09
115.10000000000001,1.7448126e-09
115.21999511718751,1.6539532e-09
115.34000244140626,2.2702444e-09
115.69000244140625,3.3604537e-09
115.80999755859375,3.924694e-09
115.93000488281251,2.1081092e-09
116.04000244140626,1.147143e-09
116.15999755859376,2.2118978e-09
116.2800048828125,2.6021731e-09
116.4,1.2735659e-09
116.5199951171875,4.3404486e-10
116.99000244140626,4.1648274e-10
117.10999755859376,6.639244e-10
117.21999511718751,1.6285569e-10
117.34000244140626,6.800851e-10
117.45999755859376,1.126578e-09
117.5800048828125,5.5921334e-10
118.5199951171875,2.0557439e-10
119.8199951171875,1.2107902e-10
119.94000244140625,2.3443017e-10
120.16999511718751,0.0
120.29000244140626,0.0
120.40999755859376,0.0
120.5300048828125,0.0
120.65,0.0
120.75999755859375,0.0
120.8800048828125,0.0
121.0,0.0
121.1199951171875,0.0
121.24000244140626,0.0
121.35000000000001,0.0
121.46999511718751,0.0
121.59000244140626,0.0
121.70999755859376,0.0
121.8300048828125,0.0
121.94000244140625,0.0
122.05999755859375,0.0
122.18000488281251,0.0
122.30000000000001,0.0
122.41999511718751,0.0
122.5300048828125,0.0
122.65,0.0
122.7699951171875,0.0
122.89000244140625,0.0
123.0,2.8810457e-10
123.1199951171875,3.784103e-10
123.24000244140626,6.5176564e-10
123.35999755859376,5.3981775e-10
123.48000488281251,5.662476e-10
123.59000244140626,3.6127973e-10
123.70999755859376,3.1754366e-10
123.8300048828125,8.454448e-10
123.95,1.1469266e-09
124.0699951171875,8.428707e-10
124.18000488281251,1.3200679e-09
124.30000000000001,1.6233109e-09
124.41999511718751,8.211135e-10
124.54000244140626,5.62639e-10
124.65999755859376,7.5581663e-10
124.7699951171875,9.2849495e-10
124.89000244140625,1.1445929e-09
125.00999755859375,1.7623654e-09
125.1300048828125,2.1128856e-09
125.25,2.2860909e-09
125.35999755859376,2.5622722e-09
125.48000488281251,2.772411e-09
125.60000000000001,3.0940697e-09
125.71999511718751,3.1002152e-09
125.84000244140626,3.1672829e-09
125.95,3.0447713e-09
126.0699951171875,3.4495438e-09
126.19000244140625,5.559875e-09
126.30999755859375,5.9658705e-09
126.43000488281251,5.550391e-09
126.54000244140626,6.5615384e-09
126.65999755859376,7.63573e-09
126.7800048828125,1.0447155e-08
126.9,1.2404043e-08
127.0199951171875,1.2223936e-08
127.1300048828125,1.2780558e-08
127.25,1.2262959e-08
127.3699951171875,1.1092815e-08
127.49000244140626,1.0670095e-08
127.60999755859376,1.1531116e-08
127.71999511718751,1.3528273e-08
127.84000244140626,1.5640689e-08
127.95999755859376,1.8226334e-08
128.08000488281252,2.1169795e-08
128.20000000000002,2.320958e-08
128.30999755859375,2.4409212e-08
128.4300048828125,2.3685804e-08
128.55,2.185937e-08
128.6699951171875,2.1338671e-08
128.79000244140624,2.1335332e-08
128.9,2.3418082e-08
129.0199951171875,2.5726901e-08
129.14000244140627,2.7629438e-08
129.25999755859377,2.96105e-08
129.3800048828125,3.0530387e-08
129.49000244140626,3.115573e-08
129.60999755859376,3.0961285e-08
129.7300048828125,3.0186055e-08
129.85,2.8637373e-08
129.9699951171875,2.6503432e-08
130.08000488281252,2.2272388e-08
130.20000000000002,1.9958827e-08
130.31999511718752,2.0087874e-08
130.44000244140625,2.0484148e-08
130.55999755859375,2.0434047e-08
130.6699951171875,2.1247144e-08
130.79000244140624,2.184044e-08
130.90999755859374,2.1836414e-08
131.0300048828125,2.4158808e-08
131.15,2.8151545e-08
131.25999755859377,3.2872094e-08
131.3800048828125,3.7405194e-08
131.5,4.06372e-08
131.6199951171875,4.173178e-08
131.7300048828125,4.2457774e-08
131.85,4.3906105e-08
131.9699951171875,4.5034465e-08
132.09000244140626,4.50056e-08
132.20999755859376,4.3933724e-08
132.31999511718752,4.3920597e-08
132.44000244140625,4.2201794e-08
132.55999755859375,4.2182016e-08
132.6800048828125,4.2469097e-08
132.8,4.2439883e-08
132.90999755859374,4.1680934e-08
133.0300048828125,4.2860474e-08
133.15,3.952985e-08
133.2699951171875,3.5967787e-08
133.39000244140627,3.459261e-08
133.5,3.770094e-08
133.6199951171875,4.202225e-08
133.74000244140626,4.9423395e-08
133.85999755859376,5.3680303e-08
133.9800048828125,5.5590025e-08
134.09000244140626,5.624823e-08
134.20999755859376,5.6056095e-08
134.33000488281252,5.778967e-08
134.45000000000002,5.5905517e-08
134.56999511718752,5.6060173e-08
134.6800048828125,5.5452794e-08
134.8,5.4964126e-08
134.9199951171875,5.377312e-08
135.04000244140624,5.115175e-08
135.15999755859374,4.9212375e-08
135.2699951171875,4.6804768e-08
135.39000244140627,4.6511275e-08
135.50999755859377,4.5281986e-08
135.6300048828125,4.593136e-08
135.75,4.7291387e-08
135.85999755859376,5.084741e-08
135.9800048828125,5.140476e-08
136.1,5.0101722e-08
136.2199951171875,5.134888e-08
136.34000244140626,5.074312e-08
136.45000000000002,5.0046726e-08
136.56999511718752,5.1181726e-08
136.69000244140625,5.133473e-08
136.80999755859375,5.064011e-08
136.9300048828125,5.1441518e-08
137.04000244140624,5.2679813e-08
137.15999755859374,5.2960026e-08
137.2800048828125,5.441906e-08
137.4,5.6711382e-08
137.5199951171875,5.751017e-08
137.6300048828125,5.627408e-08
137.75,5.5368705e-08
137.8699951171875,5.63642e-08
137.99000244140626,5.4098837e-08
138.10999755859376,5.3417466e-08
138.2199951171875,5.70833e-08
138.34000244140626,5.7109975e-08
138.45999755859376,5.554865e-08
138.58000488281252,5.5225826e-08
138.70000000000002,5.55765e-08
138.80999755859375,5.7179644e-08
138.9300048828125,5.69228e-08
139.05,5.704404e-08
139.1699951171875,5.6221815e-08
139.29000244140624,5.5204694e-08
139.4,5.446548e-08
139.5199951171875,5.457545e-08
139.64000244140627,5.3630643e-08
139.75999755859377,5.2442335e-08
139.8800048828125,5.3945087e-08
139.99000244140626,5.6918733e-08
140.10999755859376,5.7474033e-08
140.2300048828125,5.7559063e-08
140.35,5.786952e-08
140.4699951171875,5.9319063e-08
140.58000488281252,6.252008e-08
140.70000000000002,6.219912e-08
140.81999511718752,5.972072e-08
140.94000244140625,5.8609615e-08
141.05,5.8902188e-08
141.1699951171875,6.000023e-08
141.29000244140624,6.2589194e-08
141.40999755859374,6.3308256e-08
141.5300048828125,6.246981e-08
141.64000244140627,6.544722e-08
141.75999755859377,6.503575e-08
141.8800048828125,6.493393e-08
142.0,6.514165e-08
142.1199951171875,6.4719394e-08
142.2300048828125,6.4981435e-08
142.35,6.6068914e-08
142.4699951171875,6.6754794e-08
142.59000244140626,6.684692e-08
142.70999755859376,6.705527e-08
142.81999511718752,6.4390925e-08
142.94000244140625,6.149477e-08
143.05999755859375,5.9738596e-08
143.1800048828125,5.7345666e-08
143.3,5.8859186e-08
143.40999755859374,6.215509e-08
143.5300048828125,6.1154886e-08
143.65,6.359484e-08
143.7699951171875,6.631264e-08
143.89000244140627,6.422607e-08
144.0,6.630426e-08
144.1199951171875,6.7522684e-08
144.24000244140626,6.6226036e-08
144.35999755859376,6.6792076e-08
144.4800048828125,6.841915e-08
144.59000244140626,7.006951e-08
144.70999755859376,7.191532e-08
144.83000488281252,7.16265e-08
144.95000000000002,7.240618e-08
145.06999511718752,7.228457e-08
145.1800048828125,7.2462875e-08
145.3,7.2496576e-08
145.4199951171875,7.216261e-08
145.54000244140624,7.209371e-08
145.65999755859374,7.205525e-08
145.7699951171875,7.204788e-08
145.89000244140627,6.9875895e-08
146.00999755859377,6.9237586e-08
146.1300048828125,7.1325104e-08
146.25,6.927002e-08
146.35999755859376,6.620909e-08
146.4800048828125,6.475186e-08
146.6,6.674398e-08
146.7199951171875,6.673514e-08
146.84000244140626,6.4695925e-08
146.95000000000002,6.4702235e-08
147.06999511718752,6.428611e-08
147.19000244140625,6.2086144e-08
147.30999755859375,6.268462e-08
147.4300048828125,6.38676e-08
147.54000244140624,6.62849e-08
147.65999755859374,6.868227e-08
147.7800048828125,6.920851e-08
147.9,6.6773744e-08
148.0199951171875,6.450164e-08
148.1300048828125,6.515552e-08
148.25,6.5118556e-08
148.3699951171875,6.478235e-08
148.49000244140626,6.70454e-08
148.60999755859376,7.068455e-08
148.7199951171875,7.421465e-08
148.84000244140626,7.448575e-08
148.95999755859376,7.159071e-08
149.08000488281252,6.9189795e-08
149.20000000000002,6.899825e-08
149.30999755859375,6.951496e-08
149.4300048828125,7.030072e-08
149.55,7.3570604e-08
149.6699951171875,7.831464e-08
149.7800048828125,7.9352134e-08
149.9,7.874039e-08
150.0199951171875,7.860292e-08
150.14000244140627,7.769902e-08
150.25999755859377,7.6922895e-08
150.3699951171875,7.605252e-08
150.49000244140626,7.326915e-08
150.60999755859376,7.0492106e-08
150.7300048828125,6.717264e-08
150.85,6.553268e-08
150.95999755859376,6.472989e-08
151.08000488281252,6.439364e-08
151.20000000000002,6.613482e-08
151.31999511718752,6.836361e-08
151.44000244140625,6.9558155e-08
151.55,7.073118e-08
151.6699951171875,7.135709e-08
151.79000244140624,7.29763e-08
151.90999755859374,7.689749e-08
152.0300048828125,7.779028e-08
152.14000244140627,7.429379e-08
152.25999755859377,7.277298e-08
152.3800048828125,7.142627e-08
152.5,6.893125e-08
152.6199951171875,6.8459684e-08
152.7300048828125,6.802398e-08
152.85,6.6879615e-08
152.9699951171875,6.944997e-08
153.09000244140626,6.90993e-08
153.20999755859376,6.625707e-08
153.31999511718752,6.6272136e-08
153.44000244140625,6.802062e-08
153.55999755859375,7.199561e-08
153.6800048828125,7.272046e-08
153.8,7.354649e-08
153.90999755859377,7.495436e-08
154.0300048828125,7.370631e-08
154.15,7.200613e-08
154.2699951171875,7.214413e-08
154.39000244140627,7.254494e-08
154.5,7.129571e-08
154.6199951171875,7.109397e-08
154.74000244140626,7.415109e-08
154.85999755859376,7.514526e-08
154.98000488281252,7.3764205e-08
155.09000244140626,7.152755e-08
155.20999755859376,7.186131e-08
155.33000488281252,7.210213e-08
155.45000000000002,7.111998e-08
155.56999511718752,6.8222505e-08
155.6800048828125,6.506961e-08
155.8,6.4200755e-08
155.9199951171875,6.3793244e-08
156.04000244140627,6.391662e-08
156.15999755859377,6.6533204e-08
156.2699951171875,6.822677e-08
156.39000244140627,6.88948e-08
156.50999755859377,7.1907664e-08
156.6300048828125,7.319038e-08
156.75,7.266142e-08
156.85999755859376,7.019154e-08
156.98000488281252,6.778102e-08
157.10000000000002,6.883829e-08
157.21999511718752,6.866085e-08
157.34000244140626,6.8184576e-08
157.45000000000002,6.9501134e-08
157.56999511718752,6.992005e-08
157.69000244140625,7.152259e-08
157.80999755859375,7.352293e-08
157.9300048828125,7.4543074e-08
158.04000244140627,7.428872e-08
158.15999755859377,7.469005e-08
158.2800048828125,7.383019e-08
158.4,7.343742e-08
158.50999755859377,7.4019646e-08
158.6300048828125,7.29593e-08
158.75,7.3158496e-08
158.8699951171875,7.287297e-08
158.99000244140626,7.291787e-08
159.10000000000002,7.285614e-08
159.21999511718752,7.071342e-08
159.34000244140626,7.1483484e-08
159.45999755859376,7.2213496e-08
159.58000488281252,7.249323e-08
159.69000244140625,7.325211e-08
159.80999755859375,7.303903e-08
159.9300048828125,7.164186e-08
160.05,7.1449236e-08
160.1699951171875,7.132112e-08
160.2800048828125,6.93421e-08
160.4,7.060881e-08
160.5199951171875,7.129295e-08
160.64000244140627,7.192671e-08
160.75999755859377,7.1876634e-08
160.8699951171875,7.247454e-08
160.99000244140626,7.263581e-08
161.10999755859376,7.192306e-08
161.23000488281252,7.200161e-08
161.35000000000002,7.30323e-08
161.45999755859376,7.251704e-08
161.58000488281252,7.408073e-08
161.70000000000002,7.366812e-08
161.81999511718752,7.2505806e-08
161.94000244140625,7.222101e-08
162.05,7.3575805e-08
162.1699951171875,7.438669e-08
162.29000244140627,7.392743e-08
162.40999755859377,7.285314e-08
162.5300048828125,7.2118176e-08
162.64000244140627,7.2393995e-08
162.75999755859377,7.215889e-08
162.8800048828125,7.146744e-08
163.0,7.156358e-08
163.1199951171875,7.159941e-08
163.23000488281252,7.0909735e-08
163.35000000000002,7.0803395e-08
163.46999511718752,7.2598034e-08
163.59000244140626,7.224119e-08
163.70999755859376,7.084316e-08
163.81999511718752,7.308604e-08
163.94000244140625,7.3154396e-08
164.05999755859375,7.106581e-08
164.1800048828125,7.136066e-08
164.3,7.1824545e-08
164.40999755859377,7.151604e-08
164.5300048828125,7.288477e-08
164.65,7.346648e-08
164.7699951171875,7.262528e-08
164.89000244140627,7.1993014e-08
165.0,7.1071035e-08
165.1199951171875,6.90328e-08
165.24000244140626,6.6458796e-08
165.35999755859376,6.372889e-08
165.48000488281252,5.8229915e-08
165.59000244140626,5.4607888e-08
165.70999755859376,5.6305506e-08
165.83000488281252,5.9256422e-08
165.95000000000002,6.345824e-08
166.06999511718752,6.414828e-08
166.1800048828125,6.422022e-08
166.3,6.526135e-08
166.4199951171875,7.0833714e-08
166.54000244140627,7.015677e-08
166.65999755859377,6.772085e-08
166.7699951171875,6.666212e-08
166.89000244140627,6.626776e-08
167.00999755859377,6.47231e-08
167.1300048828125,6.517789e-08
167.25,6.5982974e-08
167.35999755859376,6.504951e-08
167.48000488281252,6.651833e-08
167.61153560000002,6.9003e-08
167.7486328,6.9983e-08
167.8857422,6.9429e-08
168.0228516,7.0139e-08
168.15996090000002,7.1034e-08
168.2970703,7.0693e-08
168.43417970000002,6.9768e-08
168.5712891,6.8028e-08
168.70839840000002,6.7674996e-08
168.84552000000002,6.8569996e-08
168.9826294,6.8455e-08
169.119751,6.7712e-08
169.2568726,6.7266e-08
169.39399410000001,6.6613e-08
169.53111570000002,6.5856e-08
169.66823730000002,6.5269e-08
169.80535890000002,6.6359e-08
169.9424927,6.6801e-08
170.0796143,6.6033e-08
170.21674800000002,6.5288e-08
170.3538818,6.5478e-08
170.4910156,6.583e-08
170.6281494,6.5025e-08
170.7652832,6.4139e-08
170.902417,6.4759e-08
171.03955080000003,6.5532e-08
171.1766968,6.5582e-08
171.3138428,6.5636996e-08
171.4509766,6.5572e-08
171.58812260000002,6.6199e-08
171.72526860000002,6.5481e-08
171.86241460000002,6.3859e-08
171.99956050000003,6.2455e-08
172.1367188,6.349e-08
172.2738647,6.4318996e-08
172.41101070000002,6.2845004e-08
172.5481689,6.1778e-08
172.6853271,6.4507e-08
172.8224854,6.6373e-08
172.95964360000002,6.6144004e-08
173.0968018,6.4359e-08
173.23396000000002,6.3917e-08
173.3711182,6.3836e-08
173.50828860000001,6.4445004e-08
173.6454468,6.4683e-08
173.7826172,6.5079e-08
173.9197876,6.65e-08
174.0569458,6.5337e-08
174.19411620000002,6.4082e-08
174.3312866,6.4266004e-08
174.46846920000002,6.3877e-08
174.60563960000002,6.376e-08
174.7428101,6.3922e-08
174.8799927,6.4513e-08
175.01717530000002,6.4995e-08
175.15434570000002,6.5055005e-08
175.2915283,6.6148e-08
175.42871090000003,6.7659e-08
175.5658936,6.8594005e-08
175.70307620000003,6.7704e-08
175.84027100000003,6.6249e-08
175.9774536,6.3618e-08
176.1146362,6.2624e-08
176.2518311,6.2889e-08
176.3890259,6.2208e-08
176.5262207,6.2257996e-08
176.66340330000003,6.3436e-08
176.8005981,6.394e-08
176.9378052,6.431e-08
177.07500000000002,6.4644e-08
177.21219480000002,6.4651e-08
177.3494019,6.5141e-08
177.4865967,6.518e-08
177.62380370000002,6.5941e-08
177.7610107,6.6695e-08
177.8982056,6.7229e-08
178.0354126,6.6643e-08
178.17261960000002,6.5578e-08
178.30983890000002,6.5427e-08
178.4470459,6.4268e-08
178.58425290000002,6.3240996e-08
178.7214722,6.3257e-08
178.8586792,6.4883004e-08
178.99589840000002,6.7102e-08
179.1331177,6.8347e-08
179.27033690000002,6.8445004e-08
179.4075439,6.8607e-08
179.54477540000002,6.8614995e-08
179.68199460000002,6.7422e-08
179.81921390000002,6.725e-08
179.95643310000003,6.8117004e-08
180.0936646,6.8679e-08
180.23088380000002,6.8063e-08
180.36811520000003,6.6863e-08
180.50534670000002,6.6122e-08
180.6425781,6.4703e-08
180.77980960000002,6.312e-08
180.917041,6.4343e-08
181.05427250000002,6.6106e-08
181.19150390000001,6.6517e-08
181.32873540000003,6.6074996e-08
181.465979,6.4852e-08
181.6032104,6.4002e-08
181.74045410000002,6.3429e-08
181.87769780000002,6.3949e-08
182.0149414,6.3409e-08
182.1521851,6.3713e-08
182.28942870000003,6.4083004e-08
182.42667240000003,6.3918996e-08
182.563916,6.3024e-08
182.7011597,6.2379996e-08
182.8384155,6.2457e-08
182.9756592,6.2247e-08
183.11291500000002,6.088e-08
183.25015870000001,6.1004e-08
183.38741460000003,6.2406e-08
183.5246704,6.2767e-08
183.6619263,6.3011e-08
183.79918210000002,6.2572e-08
183.936438,6.1002e-08
184.0736938,5.9241e-08
184.21096190000003,5.8239998e-08
184.34821780000001,5.9301e-08
184.4854858,5.9492e-08
184.6227417,5.8749002e-08
184.7600098,5.8816e-08
184.8972778,6.0675e-08
185.0345459,6.139e-08
185.171814,6.0149e-08
185.309082,5.9654e-08
185.44635010000002,5.9989e-08
185.58361820000002,6.0831e-08
185.7208862,6.0937005e-08
185.8581665,6.0148004e-08
185.9954346,5.9582e-08
186.13271480000003,5.9989e-08
186.2699829,5.9922996e-08
186.40726320000002,6.0364e-08
186.54454350000003,6.082e-08
186.6818237,6.1554005e-08
186.819104,6.2146e-08
186.9563843,6.2523e-08
187.0936646,6.3078e-08
187.2309448,6.3326e-08
187.36823730000003,6.3029e-08
187.50551760000002,6.1712e-08
187.64281010000002,6.0812e-08
187.7800903,6.1197e-08
187.9173828,6.2192e-08
188.0546753,6.1776e-08
188.19196780000001,6.2287e-08
188.32926030000002,6.2958e-08
188.46655270000002,6.3289e-08
188.60384520000002,6.2973e-08
188.7411377,6.2574e-08
188.87843020000003,6.1922e-08
189.0157349,6.2064e-08
189.15302730000002,6.2013e-08
189.290332,6.1861996e-08
189.4276245,6.1456e-08
189.56492920000002,6.0848e-08
189.7022339,6.043e-08
189.8395386,5.9912e-08
189.97683110000003,5.9873e-08
190.11413570000002,5.9513997e-08
190.2514526,6.0111e-08
190.3887573,6.0538e-08
190.52606200000002,6.0169e-08
190.6633667,6.0463e-08
190.8006836,5.9655e-08
190.93798830000003,5.8612e-08
191.0753052,5.8374997e-08
191.21260990000002,5.9773e-08
191.34992680000002,6.0214e-08
191.48724370000002,5.9657e-08
191.62456050000003,6.0087004e-08
191.7618774,5.9845e-08
191.8991943,6.044e-08
192.0365112,6.1043e-08
192.1738281,6.0722e-08
192.311145,6.0632004e-08
192.4484741,6.0542e-08
192.585791,5.8745e-08
192.7231079,5.8719e-08
192.86043700000002,5.9176003e-08
192.9977661,5.7668e-08
193.135083,5.6811e-08
193.2724121,5.9125e-08
193.4097412,6.0341996e-08
193.5470703,6.041e-08
193.68439940000002,6.0314e-08
193.8217285,6.0901e-08
193.95905760000002,6.0939996e-08
194.0963867,6.0865005e-08
194.233728,6.1563e-08
194.37105710000003,6.1629e-08
194.50838620000002,6.1197e-08
194.64572750000002,6.0661e-08
194.78306880000002,6.0646e-08
194.9203979,6.0293004e-08
195.0577393,6.0488e-08
195.1950806,6.0548004e-08
195.3324219,6.0252e-08
195.469751,6.0225e-08
195.6070923,6.0451995e-08
195.7444458,6.0663e-08
195.8817871,6.083e-08
196.0191284,6.1132e-08
196.1564697,6.092e-08
196.293811,6.0455e-08
196.43116460000002,6.0388004e-08
196.5685059,6.0443e-08
196.7058594,6.0350004e-08
196.84321290000003,5.9658e-08
196.98055420000003,5.9951e-08
197.11790770000002,6.0175e-08
197.2552612,6.0699e-08
197.3926147,6.0527e-08
197.5299683,5.9877e-08
197.6673218,5.9998e-08
197.8046753,5.946e-08
197.9420288,5.895e-08
198.07938230000002,5.9419996e-08
198.2167358,5.9739e-08
198.3541016,5.9039998e-08
198.49145510000002,5.8673997e-08
198.6288208,5.8582003e-08
198.7661743,5.925e-08
198.90354000000002,5.8789e-08
199.0408936,5.8047e-08
199.1782593,5.8074e-08
199.315625,5.7627002e-08
199.45299070000002,5.7363e-08
199.59035640000002,5.8034e-08
199.72772220000002,5.8615e-08
199.86508790000002,5.7722e-08
200.0024536,5.5968e-08
200.1398193,5.6787e-08
200.2771851,5.7618e-08
200.41455080000003,5.6912e-08
200.55192870000002,5.6829997e-08
200.6892944,5.6666998e-08
200.8266602,5.6010002e-08
200.9640381,5.6936e-08
201.101416,5.4993002e-08
201.2387817,5.4192e-08
201.37615970000002,5.4933e-08
201.5135376,5.5493e-08
201.6509033,5.5506998e-08
201.78828120000003,5.5482e-08
201.9256592,5.5395e-08
202.0630371,5.5304e-08
202.20041500000002,5.5118e-08
202.33779300000003,5.5837003e-08
202.4751709,5.5834e-08
202.61256100000003,5.4722e-08
202.749939,5.5363998e-08
202.8873169,5.6123998e-08
203.024707,5.6593002e-08
203.16208500000002,5.6420003e-08
203.2994751,5.4936e-08
203.436853,5.4890997e-08
203.5742432,5.491e-08
203.7116211,5.4557e-08
203.8490112,5.4645e-08
203.9864014,5.4683e-08
204.1237915,5.3973e-08
204.2611694,5.5181e-08
204.3985596,5.5961998e-08
204.5359497,5.6772002e-08
204.6733398,5.72e-08
204.81074220000002,5.6822998e-08
204.9481201,5.6637003e-08
205.0855225,5.658e-08
205.2229004,5.6356e-08
205.36030270000003,5.57e-08
205.4977051,5.4094002e-08
205.635083,5.3536e-08
205.77248540000002,5.4227e-08
205.9098877,5.4466e-08
206.04729000000003,5.5149002e-08
206.18466800000002,5.4075e-08
206.3220703,5.3205e-08
206.45947270000002,5.3603003e-08
206.596875,5.3140997e-08
206.7342773,5.3043003e-08
206.87167970000002,5.3824998e-08
207.009082,5.4438e-08
207.14648440000002,5.4527e-08
207.2838867,5.4167998e-08
207.42128910000002,5.4393002e-08
207.55869140000001,5.5167e-08
207.69609380000003,5.5753002e-08
207.83349610000002,5.5795e-08
207.9708984,5.5213e-08
208.10830080000002,5.5043003e-08
208.24570310000001,5.5599003e-08
208.38310550000003,5.5552e-08
208.5205322,5.5132002e-08
208.6579346,5.5473e-08
208.7953369,5.5373e-08
208.9327393,5.5184e-08
209.07016600000003,5.4718e-08
209.2075684,5.4932002e-08
209.34497070000003,5.4474e-08
209.4823975,5.3601e-08
209.6197998,5.3833e-08
209.7572021,5.3521e-08
209.89462890000001,5.3900997e-08
210.0320312,5.4300997e-08
210.169458,5.3645e-08
210.3068604,5.3766e-08
210.4442627,5.379e-08
210.5816895,5.4714e-08
210.71911620000003,5.4103e-08
210.8565186,5.2225e-08
210.9939453,5.1594e-08
211.13134770000002,5.1661e-08
211.26877439999998,5.1763e-08
211.4062012,5.1777e-08
211.54360350000002,5.3351997e-08
211.68103030000003,5.4416e-08
211.818457,5.4151e-08
211.9558594,5.3893e-08
212.0932861,5.3909e-08
212.2307129,5.3714004e-08
212.36811520000003,5.3188998e-08
212.50554200000002,5.2496e-08
212.64296880000003,5.1689998e-08
212.7803955,5.1655e-08
212.9178223,5.0851998e-08
213.055249,4.9552e-08
213.19265140000005,4.8092e-08
213.3300781,4.6625e-08
213.4675049,4.5032e-08
213.60493160000001,4.6042e-08
213.74235840000003,4.8887003e-08
213.87978520000001,4.9561997e-08
214.0172119,4.9628998e-08
214.1546387,5.0696e-08
214.2920654,5.1676e-08
214.42949220000003,5.1959002e-08
214.56691890000002,5.2151996e-08
214.70434570000003,5.1323997e-08
214.8417725,5.1237002e-08
214.9791992,5.1227e-08
215.1166504,5.0405e-08
215.25407710000002,5.0716e-08
215.3915039,5.1857e-08
215.52893070000002,5.2277002e-08
215.66635740000004,5.2338002e-08
215.80378420000002,5.1923e-08
215.9412354,5.03e-08
216.07866210000003,5.0082e-08
216.21608890000005,4.9795e-08
216.3535156,5.0381e-08
216.4909668,5.0348e-08
216.62839359999998,4.9476e-08
216.7658203,4.8944e-08
216.90324710000002,4.8405e-08
217.0406982,4.8306e-08
217.17812500000002,4.9057e-08
217.3155518,4.9537e-08
217.4530029,4.8425e-08
217.59042970000002,4.6983e-08
217.7278809,4.8194e-08
217.86530760000002,4.9289998e-08
218.0027344,4.9798e-08
218.14018550000003,5.051e-08
218.27761230000002,5.1276e-08
218.4150635,5.0175004e-08
218.55249020000002,4.9258002e-08
218.6899414,4.8714e-08
218.82736820000002,4.7948e-08
218.96481930000002,4.9093998e-08
219.1022461,5.0068998e-08
219.2396973,4.9601e-08
219.377124,5.0108003e-08
219.5145752,5.1303e-08
219.65202640000004,5.15e-08
219.7894531,5.137e-08
219.9269043,5.1081003e-08
220.0643311,5.0513e-08
220.2017822,4.9735e-08
220.3392334,5.0717e-08
220.47666020000003,5.0649e-08
220.61411130000002,4.9152e-08
220.7515625,4.7668e-08
220.88898930000002,4.7853e-08
221.0264404,4.7125003e-08
221.1638916,4.6104e-08
221.3013184,4.6860002e-08
221.4387695,4.6180002e-08
221.57622070000002,4.6562e-08
221.7136719,4.6376e-08
221.8510986,4.7081002e-08
221.98854980000002,4.7419e-08
222.126001,4.6732e-08
222.2634521,4.7245997e-08
222.4008789,4.6138e-08
222.5383301,4.5866e-08
222.6757812,4.6221e-08
222.81323240000003,4.5903e-08
222.95068360000002,4.7563e-08
223.0881104,4.8662997e-08
223.22556150000003,4.8117e-08
223.3630127,4.8732e-08
223.50046390000003,4.8577e-08
223.63791500000002,4.8731003e-08
223.7753662,4.8624e-08
223.9128174,4.8123997e-08
224.05024410000001,4.7853e-08
224.1876953,4.6765003e-08
224.3251465,4.5733998e-08
224.46259770000003,4.5276998e-08
224.60004880000002,4.5280004e-08
224.7375,4.5260002e-08
224.8749512,4.4148003e-08
225.0124023,4.3544e-08
225.14985350000003,4.437e-08
225.28730470000002,4.4935e-08
225.4247559,4.36e-08
225.562207,4.2785004e-08
225.69965820000004,4.2856996e-08
225.83710940000003,4.4458e-08
225.97456050000002,4.5123e-08
226.1120117,4.4619e-08
226.2494629,4.5938002e-08
226.3869141,4.5834998e-08
226.52436520000003,4.4965e-08
226.66181640000002,4.4861e-08
226.7992676,4.5165002e-08
226.93671880000002,4.5272998e-08
227.07416990000002,4.6672e-08
227.2116211,4.7794e-08
227.3490723,4.8254e-08
227.4865234,4.8001997e-08
227.62397460000003,4.6954e-08
227.7614258,4.6522e-08
227.898877,4.6801997e-08
228.0363281,4.6842e-08
228.17377929999998,4.7765e-08
228.31123050000002,4.8027e-08
228.44868160000001,4.7027e-08
228.5861328,4.7424e-08
228.723584,4.6786003e-08
228.86103520000003,4.7434e-08
228.99848630000002,4.858e-08
229.1359375,4.8427e-08
229.2733887,4.7237002e-08
229.4108398,4.5975e-08
229.5483154,4.5870003e-08
229.6857666,4.4194998e-08
229.82321780000004,4.1832e-08
229.96066890000003,4.2756998e-08
230.09812010000002,4.4216e-08
230.2355713,4.5184997e-08
230.3730225,4.4712e-08
230.51047359999998,4.4932e-08
230.64792480000003,4.5594998e-08
230.785376,4.5475e-08
230.9228271,4.5759002e-08
231.06030270000002,4.6363e-08
231.1977539,4.4173e-08
231.3352051,4.2255998e-08
231.4726562,4.2298e-08
231.61010740000003,4.3398e-08
231.74755860000002,4.4234e-08
231.8850098,4.3864002e-08
232.0224609,4.3526e-08
232.15991210000004,4.4097e-08
232.29736330000003,4.5036003e-08
232.43483890000005,4.5008e-08
232.57229000000004,4.2642e-08
232.70974120000002,4.1228997e-08
232.8471924,4.2252e-08
232.9846436,4.3731e-08
233.1220947,4.2943e-08
233.25954590000003,4.2245e-08
233.39699710000002,4.1906997e-08
233.5344482,4.2383e-08
233.6718994,4.3211e-08
233.80935060000002,4.2052e-08
233.9468262,4.2230003e-08
234.0842773,4.2116e-08
234.22172850000004,4.1594998e-08
234.35917970000003,3.9893e-08
234.4966309,3.7691002e-08
234.634082,3.9498e-08
234.77153320000002,4.0908002e-08
234.9089844,4.0967997e-08
235.04643550000003,4.3125002e-08
235.18388670000002,4.3118e-08
235.3213379,4.3143e-08
235.45878910000002,4.2065e-08
235.5962402,4.1493998e-08
235.7336914,4.2499998e-08
235.871167,4.2354e-08
236.0086182,3.9716e-08
236.14606930000002,3.9472e-08
236.2835205,4.0981e-08
236.42097170000002,4.0838e-08
236.5584229,4.0472997e-08
236.695874,4.0886e-08
236.8333252,4.1349e-08
236.97077640000003,4.1533e-08
237.10822750000003,4.1321e-08
237.2456787,4.2251e-08
237.3831299,4.1292e-08
237.5205811,4.0733e-08
237.65803219999998,4.1438e-08
237.79548340000002,4.2017998e-08
237.9329346,3.9747e-08
238.0703857,3.8433e-08
238.2078369,3.5851e-08
238.34528810000003,3.4149e-08
238.4827148,3.778e-08
238.62016600000004,4.0497e-08
238.75761720000003,4.0194998e-08
238.8950684,3.7927997e-08
239.0325195,3.8646e-08
239.16997070000002,4.0893e-08
239.3074219,4.1908002e-08
239.44487300000003,4.0955e-08
239.58232420000002,3.7805e-08
239.7197754,3.8603e-08
239.85722660000002,4.0198998e-08
239.99465329999998,3.9237e-08
240.13210450000003,3.9743e-08
240.2695557,4.0441e-08
240.4070068,3.9575e-08
240.544458,3.7649997e-08
240.68190920000004,3.7698e-08
240.81936040000002,3.852e-08
240.95678710000004,3.9166e-08
241.09423830000003,3.7916e-08
241.23168950000002,3.8429e-08
241.3691406,3.9852e-08
241.5065918,4.0254e-08
241.64401859999998,4.0465e-08
241.7814697,3.9839996e-08
241.91892090000002,4.0817998e-08
242.0563721,4.2478998e-08
242.19379880000002,4.3262e-08
242.33125,4.2086e-08
242.4687012,3.9874003e-08
242.60612790000002,3.9969002e-08
242.7435791,4.076e-08
242.88103030000002,3.9536e-08
243.018457,3.8760998e-08
243.15590820000003,4.0174e-08
243.2933594,4.0059e-08
243.43078609999998,3.8455997e-08
243.56823730000002,3.8214e-08
243.7056885,3.872e-08
243.84311520000003,3.8915e-08
243.98056640000001,4.0703e-08
244.1179932,4.1788e-08
244.25544430000002,4.2887002e-08
244.3928711,4.2741e-08
244.5303223,4.0767e-08
244.6677734,3.8912e-08
244.8052002,3.9173e-08
244.94265140000005,4.0274003e-08
245.0800781,3.956e-08
245.2175293,4.0112e-08
245.35495609999998,4.0954e-08
245.4923828,4.0299e-08
245.629834,4.1058e-08
245.7672607,4.1200998e-08
245.9047119,4.1005e-08
246.0421387,4.0386002e-08
246.1795898,4.0057003e-08
246.3170166,3.9209e-08
246.4544434,3.9064002e-08
246.5918945,3.9004e-08
246.7293213,3.9016e-08
246.86674800000003,3.9461e-08
247.00419920000002,3.9328e-08
247.141626,3.902e-08
247.27905270000002,3.8994e-08
247.41647950000004,3.8894e-08
247.55393070000002,3.9969002e-08
247.69135740000002,3.9719e-08
247.82878420000003,3.8987e-08
247.9662109,3.8706e-08
248.10366210000004,3.9496e-08
248.24108890000002,3.9569002e-08
248.37851560000001,3.8602003e-08
248.5159424,3.8918003e-08
248.65336910000002,4.0406e-08
248.79079590000003,4.1150997e-08
248.92822270000002,4.0729e-08
249.06564939999998,3.8604e-08
249.2030762,3.7603e-08
249.34050290000002,3.8838e-08
249.4779297,3.991e-08
249.61535640000002,4.1959e-08
249.75278320000004,4.1756e-08
249.89021,4.0604e-08
250.02763670000002,4.1059998e-08
250.1650635,4.1825e-08
250.30249020000002,4.1054e-08
250.43991700000004,4.0261e-08
250.57734380000002,4.0285002e-08
250.7147705,3.9364e-08
250.8521973,3.9767997e-08
250.98962400000002,4.0808e-08
251.12702640000003,4.0028e-08
251.2644531,3.9075e-08
251.4018799,3.9855e-08
251.53930660000003,3.9698e-08
251.676709,3.9630002e-08
251.8141357,3.9291002e-08
251.95156250000002,3.8978996e-08
252.08896479999999,3.8171e-08
252.2263916,3.8221e-08
252.3638184,3.7968e-08
252.50122070000003,3.7276e-08
252.6386475,3.5112e-08
252.7760742,3.4669e-08
252.91347660000002,3.5303998e-08
253.0509033,3.513e-08
253.1883057,3.7805e-08
253.32573240000002,3.9584e-08
253.4631348,3.8207002e-08
253.60056150000003,3.6683e-08
253.73796390000004,3.5883e-08
253.87536620000003,3.4451e-08
254.01279300000002,3.4225e-08
254.1501953,3.6343998e-08
254.28762210000002,3.6366e-08
254.42502439999998,3.6789e-08
254.56242680000003,3.7069e-08
254.69985350000002,3.6362e-08
254.8372559,3.6351e-08
254.97465820000002,3.3828e-08
255.1120605,3.4526e-08
255.2494629,3.8381998e-08
255.38688960000002,4.0661998e-08
255.52429200000003,4.0684e-08
255.66169430000002,3.9958003e-08
255.79909670000004,3.9525002e-08
255.93649900000003,3.9423e-08
256.0739014,3.8532e-08
256.21130370000003,3.8935003e-08
256.3487061,3.7377e-08
256.48610840000003,3.7694e-08
256.6235107,4.0011997e-08
256.76091310000004,3.9219003e-08
256.8983154,4.0183e-08
257.03571780000004,4.0557e-08
257.1731201,4.0051e-08
257.3105225,4.007e-08
257.4479004,3.9902e-08
257.5853027,3.9958003e-08
257.7227051,3.9167e-08
257.8601074,3.9183e-08
257.9974854,3.9816e-08
258.1348877,4.0388e-08
258.27229000000005,3.9741003e-08
258.409668,3.9074003e-08
258.54707030000003,3.9686e-08
258.6844727,3.7935003e-08
258.8218506,3.9314003e-08
258.9592529,3.9731e-08
259.0966309,3.9771997e-08
259.23403320000006,3.9125002e-08
259.3714111,3.9048e-08
259.50881350000003,3.9253003e-08
259.6461914,4.0227e-08
259.7835938,3.9961996e-08
259.92097170000005,3.5906e-08
260.05834960000004,3.5683e-08
260.195752,3.9874003e-08
260.3331299,4.0944997e-08
260.4705078,3.9805997e-08
260.6078857,3.6971e-08
260.7452637,3.5475e-08
260.88266600000003,3.6958e-08
261.0200439,3.7360998e-08
261.15742190000003,3.6521e-08
261.2947998,3.617e-08
261.4321777,3.7071e-08
261.5695557,3.8458e-08
261.7069336,4.025e-08
261.8443115,3.876e-08
261.9816895,3.8449997e-08
262.1190674,3.7979003e-08
262.2564453,3.8621998e-08
262.3938232,3.9104002e-08
262.5311768,3.862e-08
262.6685547,3.6849e-08
262.8059326,3.8303e-08
262.9433105,3.7619003e-08
263.08066410000004,3.6353e-08
263.218042,3.4615e-08
263.3554199,3.8027e-08
263.4927734,4.0651e-08
263.63015140000005,4.1143e-08
263.7675293,4.1037e-08
263.9048828,4.0080003e-08
264.0422607,4.086e-08
264.1796143,4.1111e-08
264.31696780000004,4.1630003e-08
264.45434570000003,4.2154e-08
264.5916992,4.2014e-08
264.7290771,4.2054e-08
264.8664307,4.2230003e-08
265.00378420000004,4.1981e-08
265.1411377,4.1651e-08
265.2785156,4.1346002e-08
265.4158691,4.1043002e-08
265.55322270000005,4.1414e-08
265.6905762,4.1471e-08
265.8279297,4.0994998e-08
265.96528320000004,4.0282e-08
266.1026367,4.0745e-08
266.2399902,3.9919e-08
266.3773438,3.8682e-08
266.5146973,3.8049997e-08
266.65205080000004,3.8360998e-08
266.7894043,3.8435e-08
266.9267578,3.9519e-08
267.0640869,3.9455e-08
267.2014404,3.9282e-08
267.33879390000004,3.8489e-08
267.47614749999997,3.9952003e-08
267.6134766,4.0306e-08
267.7508301,3.9828997e-08
267.8881592,3.9378996e-08
268.0255127,3.9493e-08
268.16284179999997,4.0078998e-08
268.3001953,4.0741e-08
268.4375244,4.0353e-08
268.5748779,3.9335003e-08
268.712207,3.9244e-08
268.84953609999997,3.8616e-08
268.9868896,3.852e-08
269.12421880000005,3.8664002e-08
269.26154790000004,3.7968e-08
269.398877,3.7973e-08
269.53623050000004,3.9423e-08
269.67355960000003,3.9722e-08
269.8108887,3.8289997e-08
269.9482178,3.754e-08
270.0855469,3.8905e-08
270.222876,3.8461e-08
270.3602051,3.8907004e-08
270.4975342,3.8468002e-08
270.6348633,3.8493e-08
270.772168,3.8064e-08
270.9094971,3.7634e-08
271.0468262,3.7075e-08
271.18415530000004,3.7158e-08
271.32146,3.7497003e-08
271.45878910000005,3.8564e-08
271.59611820000003,3.8531e-08
271.7334229,3.8186002e-08
271.870752,3.7802003e-08
272.00805660000003,3.7680003e-08
272.1453857,3.8209002e-08
272.28269040000004,3.8183998e-08
272.4199951,3.7893e-08
272.5573242,3.8000998e-08
272.6946289,3.7948e-08
272.8319336,3.7135e-08
272.96923830000003,3.8441e-08
273.1065674,3.8916e-08
273.24387210000003,3.8960998e-08
273.3811768,3.9293e-08
273.51848140000004,3.9764e-08
273.6557861,3.9108002e-08
273.7930908,3.7777998e-08
273.9303955,3.7600998e-08
274.0677002,3.67e-08
274.2050049,3.7211002e-08
274.34228520000005,3.6270002e-08
274.4795898,3.6423e-08
274.6168945,3.6236003e-08
274.7541992,3.4465998e-08
274.8914795,3.4706e-08
275.0287842,3.3061e-08
275.1660645,3.4636003e-08
275.3033691,3.6322e-08
275.4406494,3.6553e-08
275.5779541,3.5951e-08
275.71523440000004,3.5548e-08
275.8525391,3.6868e-08
275.9898193,3.7217e-08
276.1270996,3.7045e-08
276.2643799,3.6379e-08
276.4016846,3.6651e-08
276.5389648,3.737e-08
276.6762451,3.6981e-08
276.8135254,3.6465e-08
276.9508057,3.6151e-08
277.0880859,3.7123e-08
277.2253662,3.8367e-08
277.3626465,3.8815e-08
277.4999268,3.8642e-08
277.6371826,3.806e-08
277.7744629,3.7398998e-08
277.9117432,3.6794e-08
278.0490234,3.6361e-08
278.18627929999997,3.6665e-08
278.3235596,3.7117e-08
278.4608154,3.6985e-08
278.59809570000004,3.7496e-08
278.7353516,3.7945e-08
278.8726318,3.7765e-08
279.0098877,3.7341003e-08
279.1471436,3.5583e-08
279.2844238,3.5061e-08
279.4216797,3.2433e-08
279.5589355,2.6575e-08
279.69619140000003,2.5430001e-08
279.8334473,2.9789e-08
279.9707031,3.2641e-08
280.107959,3.344e-08
280.2452148,3.0294e-08
280.38247070000006,2.8147e-08
280.5197266,3.3105e-08
280.6569824,3.6399e-08
280.79421390000005,3.7947e-08
280.9314697,3.8544997e-08
281.06872560000005,3.8289e-08
281.205957,3.7829004e-08
281.34321289999997,3.7564e-08
281.48046880000004,3.8193e-08
281.6177002,3.8749e-08
281.7549316,3.8377e-08
281.89218750000003,3.8488e-08
282.02941890000005,3.9024002e-08
282.1666504,3.9089e-08
282.3039062,3.8270002e-08
282.4411377,3.8602003e-08
282.57836910000003,3.8639996e-08
282.7156006,3.8244e-08
282.852832,3.7824e-08
282.9900635,3.7600998e-08
283.12729490000004,3.7254e-08
283.2645264,3.7088e-08
283.4017578,3.7701e-08
283.5389893,3.7458e-08
283.6761963,3.6794e-08
283.81342770000003,3.7234e-08
283.9506592,3.6846e-08
284.0878662,3.5581e-08
284.22509770000005,3.5914e-08
284.36230470000004,3.6172e-08
284.4995361,3.6769e-08
284.6367432,3.7255997e-08
284.77397460000003,3.6862e-08
284.9111816,3.6e-08
285.0483887,3.5756e-08
285.1855957,3.5572e-08
285.3228271,3.5625e-08
285.46003420000005,3.6945e-08
285.59724120000004,3.6147e-08
285.73444820000003,3.4886e-08
285.87165530000004,3.5069e-08
286.0088379,3.62e-08
286.14604490000005,3.6985e-08
286.283252,3.6862e-08
286.420459,3.6983e-08
286.55766600000004,3.6283e-08
286.6948486,3.5848e-08
286.8320557,3.5652e-08
286.96923830000003,3.5864e-08
287.1064453,3.6019e-08
287.24362790000004,3.6331002e-08
287.380835,3.5923e-08
287.5180176,3.5851e-08
287.6552002,3.5417e-08
287.7923828,3.5553e-08
287.9295654,3.6135e-08
288.0667725,3.6098e-08
288.2039551,3.6112e-08
288.3411377,3.7054e-08
288.4783203,3.6981e-08
288.61547850000005,3.7316997e-08
288.7526611,3.7192002e-08
288.88984380000005,3.6471e-08
289.0270264,3.5688e-08
289.1641846,3.6121e-08
289.3013672,3.5868e-08
289.43854980000003,3.6015997e-08
289.575708,3.6061e-08
289.7128906,3.6132e-08
289.8500488,3.6337e-08
289.987207,3.7059998e-08
290.12438960000003,3.7983e-08
290.26154790000004,3.8282e-08
290.39870609999997,3.822e-08
290.5358643,3.8461e-08
290.6730225,3.8103998e-08
290.8101807,3.7621998e-08
290.94733890000003,3.7335003e-08
291.0844971,3.7339e-08
291.2216553,3.7715e-08
291.3588135,3.8282998e-08
291.4959473,3.8391e-08
291.6331055,3.7972e-08
291.7702637,3.791e-08
291.9073975,3.8128e-08
292.0445557,3.8179003e-08
292.1816895,3.7543e-08
292.3188232,3.7028002e-08
292.45598140000004,3.6484e-08
292.5931152,3.6759e-08
292.730249,3.6245e-08
292.86738280000003,3.5717e-08
293.0045166,3.6185e-08
293.1416504,3.7034e-08
293.2787842,3.6786002e-08
293.41591800000003,3.6194e-08
293.5530518,3.6447002e-08
293.69018550000004,3.6083e-08
293.8273193,3.6381e-08
293.96442870000004,3.6301e-08
294.1015625,3.6488e-08
294.2386963,3.6989e-08
294.3758057,3.7271e-08
294.512915,3.6585e-08
294.65004880000004,3.6861e-08
294.7871582,3.6367002e-08
294.9242676,3.5953e-08
295.0614014,3.6301e-08
295.1985107,3.7157e-08
295.3356201,3.6872002e-08
295.4727295,3.632e-08
295.60983890000006,3.7360998e-08
295.7469482,3.7753e-08
295.88403320000003,3.7804e-08
296.0211426,3.7461998e-08
296.158252,3.721e-08
296.2953613,3.724e-08
296.4324463,3.6853002e-08
296.5695557,3.5777e-08
296.7066406,3.6705e-08
296.84375,3.7128e-08
296.980835,3.6776e-08
297.1179199,3.5996e-08
297.2550049,3.6368e-08
297.3921143,3.7120998e-08
297.5291992,3.7512e-08
297.6662842,3.7161e-08
297.8033691,3.7211002e-08
297.9404541,3.6821e-08
298.07751460000003,3.6512e-08
298.21459960000004,3.6876997e-08
298.3516846,3.6784e-08
298.4887695,3.5999e-08
298.6258301,3.5286e-08
298.762915,3.6663e-08
298.8999756,3.7174e-08
299.0370605,3.7511e-08
299.17412110000004,3.7823e-08
299.3111816,3.7747e-08
299.44824220000004,3.7709e-08
299.5853027,3.7699e-08
299.7223877,3.7787e-08
299.85944820000003,3.7653002e-08
299.9965088,3.7301e-08
300.1335449,3.6912e-08
300.27060550000004,3.6537998e-08
300.407666,3.6606e-08
300.54472660000005,3.7382e-08
300.6817627,3.7766e-08
300.8188232,3.7635e-08
300.9558594,3.7588997e-08
301.0929199,3.7746002e-08
301.2299561,3.7731e-08
301.3669922,3.7811997e-08
301.50405270000005,3.7791e-08
301.64108890000006,3.7447002e-08
301.778125,3.6995e-08
301.9151611,3.7131002e-08
302.0521973,3.6753e-08
302.18923340000003,3.6457e-08
302.3262695,3.7222e-08
302.4632812,3.7493e-08
302.6003174,3.7181998e-08
302.73735350000004,3.6941e-08
302.8743652,3.7264e-08
303.0114014,3.7125e-08
303.1484131,3.6840998e-08
303.28542480000004,3.679e-08
303.4224609,3.6707e-08
303.5594727,3.6966e-08
303.69648440000003,3.6986002e-08
303.8334961,3.6832e-08
303.9705078,3.6915e-08
304.1075195,3.6823998e-08
304.2445312,3.6535e-08
304.381543,3.6698e-08
304.51855470000004,3.6918e-08
304.655542,3.687e-08
304.79255370000004,3.6528e-08
304.92954100000003,3.6323e-08
305.06655270000005,3.6348e-08
305.20354000000003,3.6602e-08
305.3405273,3.6844e-08
305.4775391,3.6925e-08
305.61452640000005,3.6618e-08
305.7515137,3.6233e-08
305.888501,3.5908002e-08
306.0254883,3.6056e-08
306.16247560000005,3.6499e-08
306.2994629,3.6509e-08
306.4364258,3.6432e-08
306.6998535,3.61e-08
306.9744385,3.6109e-08
307.2490234,3.5655e-08
307.52360840000006,3.5482e-08
307.79821780000003,3.5792e-08
308.0728027,3.6383e-08
308.3473877,3.6428002e-08
308.62199710000004,3.6082e-08
308.896582,3.5615e-08
309.1711914,3.5479e-08
309.44580080000003,3.5543e-08
309.72041020000006,3.5768e-08
309.9950195,3.5717e-08
310.26962890000004,3.548e-08
310.5442383,3.5493e-08
310.81884770000005,3.5908002e-08
311.093457,3.5894e-08
311.3680908,3.588e-08
311.64270020000004,3.5321e-08
311.917334,3.4955e-08
312.1919434,3.5227e-08
312.4665771,3.5138e-08
312.7412109,3.5174e-08
313.0158447,3.5106e-08
313.29047850000006,3.5268e-08
313.5651123,3.5395e-08
313.8397461,3.5786e-08
314.1143799,3.5836003e-08
314.38903810000005,3.5622e-08
314.66367190000005,3.5491e-08
314.9383057,3.5592002e-08
315.21296390000003,3.5561e-08
315.4876221,3.5379e-08
315.7622559,3.5033e-08
316.03691410000005,3.4545e-08
316.3115723,3.4794002e-08
316.58623050000006,3.5101998e-08
316.86088870000003,3.5069e-08
317.1355469,3.5423e-08
317.4102051,3.5319e-08
317.6848877,3.4845e-08
317.9595459,3.3962998e-08
318.23422850000003,3.4198e-08
318.5088867,3.4686998e-08
318.7835693,3.46e-08
319.05822750000004,3.4404e-08
319.3329102,3.4229e-08
319.6075928,3.4299e-08
319.8822754,3.4826e-08
320.15695800000003,3.4979998e-08
320.43164060000004,3.4997e-08
320.70632320000004,3.4684998e-08
320.9810059,3.4263e-08
321.2557129,3.4015e-08
321.5303955,3.4053002e-08
321.80510250000003,3.4142e-08
322.07978520000006,3.431e-08
322.35449220000004,3.4233e-08
322.62917480000004,3.3845e-08
322.9038818,3.3549e-08
323.1785889,3.3696e-08
323.45329590000006,3.3395e-08
323.72800290000004,3.3264e-08
324.00271,3.3635e-08
324.277417,3.4135e-08
324.55212400000005,3.43e-08
324.8268555,3.4023998e-08
325.1015625,3.3798997e-08
325.37626950000003,3.3743e-08
325.651001,3.4012e-08
325.925708,3.4115e-08
326.2004395,3.4212e-08
326.4751709,3.4335e-08
326.74990230000003,3.4264e-08
327.02460940000003,3.4084998e-08
327.2993408,3.3966e-08
327.5740723,3.3735e-08
327.8488037,3.362e-08
328.1235596,3.3855002e-08
328.39829100000003,3.4e-08
328.6730225,3.3796e-08
328.9477539,3.4014e-08
329.2225098,3.4216e-08
329.4972412,3.4167e-08
329.7719971,3.4201e-08
330.0467529,3.4221e-08
330.32148440000003,3.4097e-08
330.5962402,3.3998e-08
330.8709961,3.4008e-08
331.145752,3.373e-08
331.4205078,3.3844e-08
331.6952637,3.3889002e-08
331.97001950000003,3.377e-08
332.2447754,3.3362e-08
332.5195312,3.336e-08
332.79431150000005,3.3381e-08
333.0690674,3.3361e-08
333.34382320000003,3.3242998e-08
333.61860350000006,3.2901e-08
333.8933594,3.2839e-08
334.1681396,3.2762e-08
334.44291990000005,3.2926998e-08
334.71767580000005,3.2712e-08
334.9924561,3.2611002e-08
335.26723630000004,3.3112e-08
335.5420166,3.325e-08
335.81679690000004,3.2749e-08
336.0915771,3.2596e-08
336.3663574,3.2948e-08
336.6411377,3.297e-08
336.9159424,3.2786e-08
337.19072270000004,3.2758003e-08
337.46550290000005,3.2973e-08
337.74030760000005,3.2936e-08
338.0150879,3.2602003e-08
338.28989260000003,3.2627e-08
338.5646729,3.2829e-08
338.83947750000004,3.2867998e-08
339.1142822,3.2732e-08
339.3890869,3.261e-08
339.6638916,3.2835e-08
339.93867190000003,3.3047e-08
340.21347660000004,3.2866e-08
340.4882812,3.2823998e-08
340.7631104,3.2659e-08
341.03791500000005,3.2863e-08
341.3127197,3.3017e-08
341.5875244,3.2926e-08
341.8623291,3.2806e-08
342.13715820000004,3.2581e-08
342.4119629,3.2678e-08
342.686792,3.2896e-08
342.96159670000003,3.2954e-08
343.2364258,3.2831e-08
343.51125490000004,3.2659e-08
343.78605960000004,3.2589e-08
344.0608887,3.2254e-08
344.33571780000005,3.2141003e-08
344.61054690000003,3.2372e-08
344.885376,3.2554e-08
345.1602051,3.2726e-08
345.4350342,3.2667998e-08
345.70986330000005,3.2480003e-08
345.98469240000003,3.2193e-08
346.2595215,3.2144e-08
346.53435060000004,3.2391e-08
346.8092041,3.2389e-08
347.0840332,3.2368e-08
347.35886230000006,3.1974e-08
347.6337158,3.1917e-08
347.90854490000004,3.2084e-08
348.1833984,3.2082e-08
348.458252,3.1893e-08
348.7330811,3.1862e-08
349.0079346,3.1724e-08
349.28278810000006,3.1758e-08
349.55761720000004,3.1771e-08
349.83247070000004,3.19e-08
350.1073242,3.1879e-08
350.38217770000006,3.1768e-08
350.6570312,3.1669e-08
350.93188480000003,3.1639e-08
351.20673830000004,3.1564e-08
351.4815918,3.1627e-08
351.7564697,3.1894e-08
352.03132320000003,3.1968e-08
352.3061768,3.1897002e-08
352.58105470000004,3.1863e-08
352.85590820000004,3.1735e-08
353.1307617,3.1680003e-08
353.40563960000003,3.1596e-08
353.6804932,3.1679e-08
353.95537110000004,3.1711e-08
354.230249,3.1794002e-08
354.5051025,3.1769e-08
354.7799805,3.1838e-08
355.05485840000006,3.1882e-08
355.3297119,3.1759e-08
355.6045898,3.1538e-08
355.87946780000004,3.1554e-08
356.1543457,3.1628e-08
356.4292236,3.1453e-08
356.70410160000006,3.1267998e-08
356.97897950000004,3.1171e-08
357.2538574,3.1031e-08
357.5287354,3.1172e-08
357.8036377,3.1173e-08
358.0785156,3.1098e-08
358.3533936,3.0947e-08
358.6282715,3.0998997e-08
358.90317380000005,3.1177002e-08
359.17805180000005,3.1189e-08
359.4529297,3.1189998e-08
359.72783200000003,3.1233e-08
360.00271,3.1174e-08
360.27761230000004,3.104e-08
360.5525146,3.0988e-08
360.8273926,3.0964998e-08
361.10229490000006,3.0928e-08
361.3771729,3.0896e-08
361.6520752,3.094e-08
361.9269775,3.0922e-08
362.2018799,3.0957e-08
362.4767822,3.0909998e-08
362.75168460000003,3.0876e-08
363.0265625,3.0727e-08
363.3014648,3.0695e-08
363.57636720000005,3.0823998e-08
363.8512695,3.0844e-08
364.1261963,3.0737e-08
364.4010986,3.076e-08
364.67600100000004,3.0773e-08
364.9509033,3.0705e-08
365.2258057,3.0639e-08
365.50070800000003,3.0650998e-08
365.77563480000003,3.0709e-08
366.05053710000004,3.065e-08
366.3254395,3.0674e-08
366.60036620000005,3.0814e-08
366.8752686,3.069e-08
367.1501953,3.0598997e-08
367.42509770000004,3.0587e-08
367.7000244,3.0534e-08
367.97492680000005,3.045e-08
368.24985350000003,3.0462e-08
368.5247559,3.0333002e-08
368.79968260000004,3.0315e-08
369.07460940000004,3.0652e-08
369.3495117,3.092e-08
369.6244385,3.0848998e-08
369.89936520000003,3.1187e-08
370.1742676,3.1348e-08
370.44919430000004,3.0539e-08
370.72412110000005,3.1827e-08
370.99904790000005,3.1581e-08
371.27397460000003,3.0786e-08
371.54890140000003,3.3454e-08
371.8238281,3.4192e-08
372.0987549,3.1252e-08
372.37368160000005,3.1682e-08
372.64860840000006,3.6236003e-08
372.92353520000006,3.8103998e-08
373.1984619,3.4549e-08
373.4733887,3.0953e-08
373.7483154,3.4154e-08
374.0232422,4.0503e-08
374.2981934,4.3286e-08
374.57312010000004,4.0066e-08
374.84804690000004,3.3802e-08
375.1229736,3.1597e-08
375.39792480000006,3.717e-08
375.67285160000006,4.4292e-08
375.9477783,4.8479e-08
376.2227295,4.8909e-08
376.4976562,4.5222e-08
376.7726074,3.8245e-08
377.04753420000003,3.2521e-08
377.3224854,3.5025e-08
377.59741210000004,4.3573e-08
377.8723633,5.2352e-08
378.14729000000005,5.8686e-08
378.42224120000003,6.1693e-08
378.69716800000003,6.0741e-08
378.97211910000004,5.6235997e-08
379.24704590000005,4.8569003e-08
379.5219971,3.9489e-08
379.79694820000003,3.3554e-08
380.07187500000003,3.6633e-08
380.3468262,4.5437e-08
380.6217773,5.4490997e-08
380.89672850000005,6.2568e-08
381.17165530000005,6.8463e-08
381.44660640000006,7.1273e-08
381.72155760000004,7.3158e-08
381.9965088,7.2148e-08
382.27146,6.8732e-08
382.5464111,6.2733e-08
382.8213379,5.47e-08
383.09628910000004,4.5418e-08
383.37124020000005,3.6754997e-08
383.6461914,3.3543e-08
383.9211426,3.9171e-08
384.1960938,4.8758004e-08
384.47104490000004,5.8439e-08
384.7459961,6.6547e-08
385.0209473,7.2763e-08
385.2958984,7.7382005e-08
385.57084960000003,8.001e-08
385.8458008,8.2028e-08
386.12075200000004,8.3106e-08
386.3957031,8.3564004e-08
386.6706543,8.3279005e-08
386.94562990000003,8.1901e-08
387.2205811,7.8835e-08
387.4955322,7.4442e-08
387.77048340000005,6.838e-08
388.0454346,6.064e-08
388.32038570000003,5.1763e-08
388.5953369,4.2074003e-08
388.8703125,3.4879e-08
389.1452637,3.6252e-08
389.4202148,4.4215e-08
389.69516600000003,5.3468998e-08
389.97014160000003,6.1771004e-08
390.24509280000007,6.9030996e-08
390.5200439,7.4976e-08
390.79499510000005,7.9684995e-08
391.06997070000006,8.2928004e-08
391.34492190000003,8.4549e-08
391.61987300000004,8.6129e-08
391.8948486,8.760401e-08
392.1697998,8.8261e-08
392.444751,8.8771e-08
392.71972660000006,8.8516e-08
392.9946777,8.6491e-08
393.26962890000004,8.1840994e-08
393.54460450000005,8.1186e-08
393.8195557,8.5196e-08
394.09450680000003,8.6476e-08
394.36948240000004,8.5536996e-08
394.6444336,8.3850004e-08
394.9194092,8.1696e-08
395.19436040000005,7.8716994e-08
395.4693115,7.457e-08
395.74428710000007,6.9128e-08
396.01923830000004,6.2342e-08
396.29421390000005,5.4303e-08
396.56916500000005,4.5221e-08
396.8441406,3.6338e-08
397.1190918,3.3605e-08
397.394043,3.9132e-08
397.6690186,4.8069e-08
397.9439697,5.6493e-08
398.21894530000003,6.3943006e-08
398.4938965,6.9942e-08
398.7688721,7.4474e-08
399.0438232,7.83e-08
399.3187988,8.1150006e-08
399.59375,8.2748e-08
399.86872560000006,8.4167e-08
400.14367680000004,8.5174996e-08
400.4186523,8.5875996e-08
400.69360350000005,8.6453e-08
400.9685547,8.6995e-08
401.24353030000003,8.7146e-08
401.51848140000004,8.7096e-08
401.793457,8.7602e-08
402.0684082,8.7525e-08
402.3433838,8.7287006e-08
402.618335,8.7052e-08
402.89331050000004,8.689e-08
403.1682617,8.7078e-08
403.4432373,8.7166e-08
403.7181885,8.7364e-08
403.99316410000006,8.6986e-08
404.2681152,8.6355996e-08
404.54306640000004,8.5891e-08
404.81804200000005,8.5757e-08
405.0929932,8.5696e-08
405.3679688,8.5288e-08
405.64291990000004,8.476e-08
405.9178955,8.404e-08
406.1928467,8.3136996e-08
406.46779790000005,8.2759e-08
406.74277340000003,8.2301995e-08
407.01772460000007,8.114e-08
407.2927002,8.0107e-08
407.56765140000005,7.900199e-08
407.842627,7.7378e-08
408.1175781,7.5372e-08
408.3925293,7.2418004e-08
408.66750490000004,6.8427e-08
408.9424561,6.3495e-08
409.2174072,5.7346e-08
409.49238280000003,5.0137e-08
409.76733400000006,4.1855e-08
410.0422852,3.454e-08
410.3172363,3.3036002e-08
410.59223629999997,3.8515e-08
410.8671875,4.5925002e-08
411.14213870000003,5.3192004e-08
411.41708980000004,5.9401998e-08
411.692041,6.4379996e-08
411.96699220000005,6.8386e-08
412.2419434000001,7.1551e-08
412.51689450000003,7.3785e-08
412.79189450000007,7.5059e-08
413.0668457,7.6355995e-08
413.3417969,7.7623e-08
413.61674800000003,7.8983e-08
413.89169920000006,7.9591004e-08
414.1666504,8.0117e-08
414.4416016,8.0058996e-08
414.7165527,8.0461e-08
414.99150390000005,8.0496e-08
415.26645510000003,8.057499e-08
415.5414062,8.0547e-08
415.8163574,8.0833004e-08
416.09135740000005,8.0709995e-08
416.36630859999997,8.0108e-08
416.6412598,8.0216005e-08
416.9162109,8.015e-08
417.19116210000004,7.9679e-08
417.46611329999996,7.9189995e-08
417.7410645,7.9093e-08
418.0160156,7.9258996e-08
418.29096680000004,7.9448995e-08
418.565918,7.9634e-08
418.84086909999996,7.96e-08
419.11577150000005,7.9458e-08
419.39072269999997,7.9283e-08
419.6656738,7.8978e-08
419.940625,7.8788e-08
420.21557620000004,7.8678e-08
420.49052730000005,7.8457994e-08
420.7654785,7.866e-08
421.0404297,7.8606e-08
421.31538090000004,7.8228e-08
421.59033200000005,7.7943e-08
421.8652832,7.7912e-08
422.14018550000003,7.7865e-08
422.41513670000006,7.7443005e-08
422.6900879,7.6767996e-08
422.9650391,7.6854e-08
423.2399902,7.641e-08
423.5148926,7.642e-08
423.7898438,7.685e-08
424.06479490000004,7.6755e-08
424.33974609999996,7.6401996e-08
424.6146973,7.606501e-08
424.88959960000005,7.5926e-08
425.1645508,7.563e-08
425.439502,7.5608e-08
425.71440430000007,7.5638994e-08
425.9893555,7.5494e-08
426.2643066,7.5248e-08
426.53925780000003,7.5035004e-08
426.8141602,7.4911995e-08
427.0891113,7.4384005e-08
427.36401370000004,7.4113004e-08
427.63896480000005,7.4071e-08
427.913916,7.3657e-08
428.18881840000006,7.3522e-08
428.46376950000007,7.3402e-08
428.73867190000004,7.323e-08
429.01362300000005,7.247e-08
429.2885742000001,7.1974e-08
429.56347660000006,7.1464e-08
429.8384277,7.0734e-08
430.1133301,6.9594e-08
430.3882812,6.9342e-08
430.66318359999997,6.903e-08
430.9381348,6.8300004e-08
431.21303710000007,6.744e-08
431.48793950000004,6.5968e-08
431.7628906,6.4694e-08
432.03779299999997,6.2863e-08
432.3127441,6.0456e-08
432.58764650000006,5.6991e-08
432.8625488,5.2352e-08
433.13750000000005,4.8214e-08
433.41240230000005,4.2666e-08
433.6873047,3.607e-08
433.96225590000006,3.0259e-08
434.2371582,2.9512e-08
434.5120605,3.433e-08
434.7869629,4.0517996e-08
435.0619141,4.5980002e-08
435.3368164000001,5.0824e-08
435.61171880000006,5.5092002e-08
435.88662109999996,5.852e-08
436.1615234,6.1004e-08
436.43647460000005,6.2605004e-08
436.711377,6.3975e-08
436.98627930000004,6.4938e-08
437.2611816,6.6086e-08
437.5360840000001,6.6701e-08
437.81098629999997,6.7234e-08
438.08588870000005,6.7569e-08
438.360791,6.6992e-08
438.63569340000004,6.6928e-08
438.9105957,6.7478e-08
439.18549800000005,6.7782e-08
439.4604004,6.7689e-08
439.73530270000003,6.7757e-08
440.0102051,6.7996e-08
440.2851074,6.8096e-08
440.5600098,6.8182e-08
440.83491210000005,6.8492e-08
441.1097656,6.8462e-08
441.384668,6.8255005e-08
441.65957030000004,6.7861e-08
441.9344727,6.7763e-08
442.209375,6.814e-08
442.4842285,6.8304e-08
442.75913090000006,6.8142995e-08
443.0340332,6.7974e-08
443.3088867000001,6.8038005e-08
443.58378910000005,6.7755e-08
443.85869140000005,6.7559e-08
444.13354490000006,6.7461e-08
444.40844730000003,6.6946e-08
444.68334960000004,6.6877e-08
444.9582031,6.6918e-08
445.23310549999997,6.6964e-08
445.507959,6.6671e-08
445.7828613,6.6436e-08
446.05771480000004,6.6286e-08
446.3326172,6.6201e-08
446.6074707,6.598e-08
446.88237300000003,6.5523e-08
447.15722660000006,6.519e-08
447.4320801,6.5281e-08
447.7069824,6.5077e-08
447.9818359,6.4215e-08
448.2566895,6.2906e-08
448.53159180000006,6.4214e-08
448.8064453,6.4945e-08
449.0812988,6.4755e-08
449.3561523000001,6.4714e-08
449.63100590000005,6.4989e-08
449.9059082,6.4883004e-08
450.18076170000006,6.4457e-08
450.4556152,6.4494e-08
450.73046880000004,6.4443e-08
451.0053223,6.4356e-08
451.2801758,6.4349e-08
451.55502930000006,6.412e-08
451.8298828,6.384e-08
452.1047363,6.3508e-08
452.3795898000001,6.3127004e-08
452.65444340000005,6.3285995e-08
452.92929690000005,6.3267e-08
453.2041504,6.3331e-08
453.47900390000007,6.2797994e-08
453.75380859999996,6.2984e-08
454.0286621,6.3242e-08
454.3035156,6.2988e-08
454.5783691,6.2683e-08
454.8531738,6.2074e-08
455.12802730000004,6.1354e-08
455.40288090000007,6.172e-08
455.67768550000005,6.1565004e-08
455.9525391,6.1541996e-08
456.22739260000003,6.1861e-08
456.50219730000003,6.1741e-08
456.7770508,6.1656e-08
457.0518555,6.1634e-08
457.32670900000005,6.1314e-08
457.60151370000005,6.1276005e-08
457.8763672,6.1534e-08
458.1511719,6.1310004e-08
458.4259766,6.0636e-08
458.7008301,6.0779996e-08
458.9756348,6.0796e-08
459.2504395,6.0898e-08
459.525293,6.0958996e-08
459.8000977,6.0722e-08
460.0749023000001,6.0977e-08
460.3497070000001,6.098e-08
460.6245117000001,6.0689004e-08
460.8993164000001,6.0228004e-08
461.17416990000004,6.0411e-08
461.44897460000004,6.0544004e-08
461.72377930000005,6.0122e-08
461.99858400000005,5.9957e-08
462.27338870000005,6.0017e-08
462.54819340000006,6.013e-08
462.82299800000004,5.9812e-08
463.09775390000004,5.9534997e-08
463.3725586,5.9362e-08
463.6473633,5.9492e-08
463.922168,5.9509002e-08
464.1969727,5.9409004e-08
464.4717285,5.9269997e-08
464.7465332,5.9062998e-08
465.0213379,5.9144e-08
465.29609380000005,5.8967e-08
465.57089840000003,5.8876e-08
465.84570310000004,5.8665e-08
466.12045900000004,5.8643003e-08
466.39526370000004,5.8502998e-08
466.6700195000001,5.8307e-08
466.9448242000001,5.8372002e-08
467.21958010000003,5.838e-08
467.49438480000003,5.8327e-08
467.7691406,5.8249e-08
468.0438965000001,5.8122e-08
468.3187012000001,5.7926e-08
468.59345700000006,5.7895e-08
468.8682129,5.7763e-08
469.14296880000006,5.7776003e-08
469.41772460000004,5.7673e-08
469.69252930000005,5.7415e-08
469.9672852,5.7285e-08
470.242041,5.7255e-08
470.51679690000003,5.7198e-08
470.7915527,5.7141996e-08
471.06630859999996,5.7070004e-08
471.3410645,5.6795e-08
471.6158203,5.6482e-08
471.89052730000003,5.6475e-08
472.1652832,5.6512e-08
472.44003910000004,5.6188e-08
472.7147949,5.6313e-08
472.98955079999996,5.6155002e-08
473.2642578,5.6043e-08
473.53901370000005,5.5913997e-08
473.81376950000003,5.5690997e-08
474.08847660000004,5.5656997e-08
474.3632324,5.5654002e-08
474.6379395,5.549e-08
474.9126953,5.5323e-08
475.18740230000003,5.5244e-08
475.4621582,5.5039e-08
475.7368652,5.5066998e-08
476.0115723,5.5023e-08
476.2863281,5.4888e-08
476.5610352,5.454e-08
476.8357422,5.4542003e-08
477.11044920000006,5.4478e-08
477.3852051,5.4387e-08
477.65991210000004,5.4282e-08
477.93461909999996,5.4166e-08
478.2093262000001,5.4177e-08
478.4840332,5.3796e-08
478.75874020000003,5.3514e-08
479.03344730000003,5.3298002e-08
479.30815430000007,5.3109e-08
479.5828613,5.3053e-08
479.8575195000001,5.2972e-08
480.1322266,5.2689998e-08
480.4069336,5.2394e-08
480.68164060000004,5.2259e-08
480.9562988,5.1931003e-08
481.23100590000007,5.1717e-08
481.5057129,5.136e-08
481.78037109999997,5.1066e-08
482.0550781,5.0786003e-08
482.3297363,5.039e-08
482.60444340000004,4.9803003e-08
482.8791016,4.9495e-08
483.1538086,4.9093998e-08
483.4284668,4.8344e-08
483.703125,4.7634e-08
483.9777832,4.6088e-08
484.2524902,4.4668e-08
484.5271484,4.2794998e-08
484.80180659999996,4.0239996e-08
485.07646480000005,3.7474003e-08
485.35112300000003,3.419e-08
485.6257812,3.0333002e-08
485.9004395,2.6125e-08
486.1750977,2.3336e-08
486.44975590000007,2.4997998e-08
486.72441410000005,2.8853e-08
486.9990723,3.2632e-08
487.2736816,3.5724e-08
487.54833980000006,3.8487002e-08
487.82299800000004,4.0834e-08
488.0976074,4.2861e-08
488.3722656,4.4377e-08
488.64692379999997,4.5489e-08
488.9215332,4.6177e-08
489.1961914000001,4.6784e-08
489.4708008,4.7448e-08
489.7454102,4.7912998e-08
490.02006840000007,4.8272e-08
490.2946777,4.854e-08
490.56928710000005,4.878e-08
490.84394530000003,4.8656e-08
491.1185547,4.8829996e-08
491.39316410000004,4.8862e-08
491.6677734,4.8939e-08
491.9423828,4.8682e-08
492.21699220000005,4.8578997e-08
492.4916016,4.8428e-08
492.76621090000003,4.8898002e-08
493.0408203,4.9062997e-08
493.31542970000004,4.9028998e-08
493.58999020000005,4.8869e-08
493.8645996,4.9008e-08
494.13920900000005,4.8824e-08
494.41376950000006,4.8828998e-08
494.6883789000001,4.8915002e-08
494.9629883,4.8956e-08
495.2375488,4.8744e-08
495.5121582,4.8563e-08
495.7867188,4.8612996e-08
496.0612793,4.8563e-08
496.33588870000005,4.8527e-08
496.61044920000006,4.8392003e-08
496.88500980000003,4.8323997e-08
497.1596191,4.8383e-08
497.4341797,4.8406e-08
497.7087402,4.8222e-08
497.9833008,4.8289e-08
498.2578613,4.8049e-08
498.53242190000003,4.7988e-08
498.80698240000004,4.7888e-08
499.081543,4.7771998e-08
499.3560547,4.7831e-08
499.6306152,4.7665e-08
499.9051758,4.7637002e-08
500.1797363,4.7415e-08
500.454248,4.7349e-08
500.7288086,4.7491e-08
501.00332030000004,4.7438e-08
501.27788090000007,4.7136e-08
501.5523926,4.6872e-08
501.8269531,4.6483e-08
502.10146480000003,4.6591e-08
502.37597660000006,4.6935e-08
502.65053710000007,4.7083e-08
502.9250488,4.6986003e-08
503.1995605,4.6804e-08
503.4740723,4.6672e-08
503.74858400000005,4.6514003e-08
504.0230957,4.6413e-08
504.29760740000006,4.6397002e-08
504.5721191,4.635e-08
504.84663090000004,4.6262997e-08
505.1211426,4.6034e-08
505.39565430000005,4.5925002e-08
505.67011720000005,4.5594998e-08
505.94462890000005,4.5611998e-08
506.2191406,4.5754e-08
506.4936035,4.5787e-08
506.7681152,4.5804e-08
507.0425781,4.5741004e-08
507.3170898000001,4.5483e-08
507.5915527,4.5594e-08
507.8660156,4.5672e-08
508.14052730000003,4.5572e-08
508.41499020000003,4.5523997e-08
508.68945310000004,4.5432998e-08
508.963916,4.5237e-08
509.23837890000004,4.5182e-08
509.51284180000005,4.5e-08
509.78730470000005,4.4860002e-08
510.0617676,4.4844e-08
510.3362305,4.4820002e-08
510.61069340000006,4.4797e-08
510.88510740000004,4.4777998e-08
511.15957030000004,4.4784e-08
511.4340332,4.4664002e-08
511.7084473,4.4608e-08
511.9829102,4.4566e-08
512.2573242000001,4.4452e-08
512.5317871000001,4.435e-08
512.8062012,4.4276e-08
513.0806152,4.42e-08
513.3550781,4.4123997e-08
513.6294922000001,4.4056996e-08
513.9039062,4.3946e-08
514.1783203,4.3948e-08
514.4527344,4.3775003e-08
514.7271484,4.3739e-08
515.0015625,4.3634998e-08
515.2759766,4.3489997e-08
515.5503906,4.3367e-08
515.8248047000001,4.3283e-08
516.0991699,4.3192003e-08
516.373584,4.2904e-08
516.647998,4.2383e-08
516.9223633,4.179e-08
517.1967773,4.1941e-08
517.4711426,4.2311e-08
517.7455566,4.2544997e-08
518.0199219,4.2454e-08
518.2942871,4.2064002e-08
518.5686523,4.1995996e-08
518.8430664000001,4.2183e-08
519.1174316,4.2269e-08
519.3917969,4.2312e-08
519.6661621000001,4.2162e-08
519.9405273000001,4.2185e-08
520.2148926,4.2245e-08
520.4892090000001,4.2242e-08
520.7635742000001,4.2056996e-08
521.0379395,4.1965002e-08
521.3123047,4.2e-08
521.5866211,4.1939e-08
521.8609863,4.1893e-08
522.1353027,4.1851e-08
522.409668,4.1622e-08
522.6839844,4.1455998e-08
522.9583008,4.124e-08
523.2326172,4.1203002e-08
523.5069824000001,4.1096e-08
523.7812988,4.1125002e-08
524.0556152,4.1258e-08
524.3299316,4.1256996e-08
524.604248,4.116e-08
524.8785645,4.1095e-08
525.1528809,4.1156998e-08
525.4271484,4.1244e-08
525.7014648,4.1046e-08
525.9757812,4.0886e-08
526.2500488,4.0708002e-08
526.5243652,4.0448e-08
526.7986328000001,4.0404e-08
527.0729492,4.038e-08
527.3472168000001,4.0257003e-08
527.6215332,4.0141003e-08
527.8958008,4.0208e-08
528.1700684000001,4.0223e-08
528.4443359,4.0115e-08
528.7186035,4.0137e-08
528.9928711,4.0152003e-08
529.2671387,4.0030002e-08
529.5414062,3.9988e-08
529.8156738,3.9855998e-08
530.0899414,3.9891003e-08
530.3641602,3.9868e-08
530.6384277000001,3.9744997e-08
530.9126465,3.9754e-08
531.1869141000001,3.9678998e-08
531.4611328,3.9430002e-08
531.7354004,3.9122998e-08
532.0096191,3.9154e-08
532.2838379,3.9251e-08
532.5581055,3.9141e-08
532.8323242,3.8942e-08
533.106543,3.8953e-08
533.3807617000001,3.9032e-08
533.6549805,3.8960998e-08
533.9291992000001,3.8986002e-08
534.2033691,3.8922e-08
534.4775879,3.9021e-08
534.7518066,3.8960998e-08
535.0260254,3.8845e-08
535.3001953,3.8742e-08
535.5744141,3.8796003e-08
535.8485840000001,3.8750997e-08
536.1227539,3.8613003e-08
536.3969727,3.8436e-08
536.6711426,3.8442998e-08
536.9453125,3.8391e-08
537.2194824000001,3.8403e-08
537.4936523,3.8332e-08
537.7678223,3.8204e-08
538.0419922,3.8205997e-08
538.3161621,3.8067e-08
538.5903320000001,3.7926e-08
538.864502,3.7983998e-08
539.138623,3.8e-08
539.412793,3.7737998e-08
539.6869141000001,3.7707004e-08
539.961084,3.7682998e-08
540.2352051,3.7622996e-08
540.509375,3.7591e-08
540.7834961,3.7554e-08
541.0576172,3.7438998e-08
541.3317383,3.7403e-08
541.6058594,3.738e-08
541.8799805,3.7390002e-08
542.1541016,3.7299e-08
542.4282227,3.7112e-08
542.7023438,3.7152e-08
542.9764648,3.7086e-08
543.2505371000001,3.702e-08
543.5246582,3.6968e-08
543.7987305,3.7004998e-08
544.0728516,3.6988e-08
544.3469238,3.693e-08
544.6210449,3.6779998e-08
544.8951172000001,3.6881e-08
545.1291016,3.6623998e-08
545.6162109,3.6595e-08
546.1033203000001,3.6484998e-08
546.5904297000001,3.632e-08
547.0775391000001,3.6267e-08
547.5646484,3.6219e-08
548.0517578,3.6008e-08
548.538916,3.602e-08
549.0260254,3.5936e-08
549.5131835999999,3.5857e-08
550.0003418,3.5737997e-08
550.4875000000001,3.5581998e-08
550.9746582,3.5465998e-08
551.4618164000001,3.543e-08
551.9489746,3.5329e-08
552.4361328,3.5274e-08
552.9233398,3.5171e-08
553.4104980000001,3.5071e-08
553.8977051,3.505e-08
554.3849121000001,3.4986e-08
554.8721191,3.49e-08
555.3593262,3.4779e-08
555.8465332,3.4665998e-08
556.3337402000001,3.4558e-08
556.8209473000001,3.4574e-08
557.3082031,3.4465e-08
557.7954102,3.4292e-08
558.282666,3.418e-08
558.7699219,3.4117e-08
559.2571777,3.4012e-08
559.7444336,3.3863e-08
560.2316895,3.3747e-08
560.7189453,3.3659e-08
561.2062012,3.3637e-08
561.6935059000001,3.3481e-08
562.1807617000001,3.3409002e-08
562.6680664,3.3198e-08
563.1553711,3.3202e-08
563.6426270000001,3.3222e-08
564.1299316,3.3167e-08
564.6172363,3.31e-08
565.1045898000001,3.3002e-08
565.5918945000001,3.2876997e-08
566.0791992000001,3.2826e-08
566.5665527,3.2712e-08
567.0538574000001,3.2585e-08
567.5412109,3.2494e-08
568.0285645,3.2347998e-08
568.5159179999999,3.2328e-08
569.0032715000001,3.2239e-08
569.490625,3.2176e-08
569.9779785,3.214e-08
570.4653320000001,3.21e-08
570.9527344,3.1971e-08
571.4400879,3.1937e-08
571.9274902000001,3.1867e-08
572.4148438000001,3.1777002e-08
572.9022461,3.1683e-08
573.3896484,3.1596e-08
573.8770508,3.1573e-08
574.3644531,3.1517e-08
574.8518554999999,3.1432e-08
575.3393066,3.1161e-08
575.826709,3.0983e-08
576.3141602,3.0979e-08
576.8015625,3.1011e-08
577.2890137,3.0986e-08
577.7764648000001,3.0933002e-08
578.263916,3.0846e-08
578.7513672,3.0749e-08
579.2388184,3.074e-08
579.7262695000001,3.061e-08
580.2137207,3.0426e-08
580.7012207,3.0331e-08
581.1886719,3.0313e-08
581.6761719,3.0198e-08
582.163623,3.0080002e-08
582.651123,2.9997e-08
583.138623,2.9973e-08
583.626123,2.9865e-08
584.1136230000001,2.9843e-08
584.601123,2.9784e-08
585.0886719,2.9700999e-08
585.5761719000001,2.9649001e-08
586.0636719,2.9438e-08
586.5512207,2.9406e-08
587.0387695000001,2.9309e-08
587.5262695,2.928e-08
588.0138184000001,2.9210002e-08
588.5013672,2.9065e-08
588.988916,2.8783e-08
589.4764648,2.8675998e-08
589.9640625000001,2.8807e-08
590.4516113,2.8869e-08
590.9391602,2.8846e-08
591.4267578,2.8788001e-08
591.9143066,2.8649001e-08
592.4019043000001,2.8578e-08
592.889502,2.8536999e-08
593.3770996000001,2.849e-08
593.8646973,2.8376e-08
594.3522949000001,2.8272e-08
594.8398926,2.8172e-08
595.3274902,2.8114e-08
595.8150879,2.8068e-08
596.3027344000001,2.7974e-08
596.790332,2.7996002e-08
597.2779785,2.7912e-08
597.765625,2.7767e-08
598.2532227,2.7677e-08
598.7408690999999,2.7612e-08
599.2285156,2.7561999e-08
599.7161621,2.7496e-08
600.2038086,2.7478999e-08
600.6915039,2.7368e-08
601.1791504,2.7292998e-08
601.6667969,2.7192e-08
602.1544922,2.7125001e-08
602.6421387,2.7058999e-08
603.1298340000001,2.7036e-08
603.6175293,2.6917e-08
604.1052246,2.6814e-08
604.5929199000001,2.6824999e-08
605.0806152,2.6742999e-08
605.5683105,2.6617e-08
606.0560059000001,2.6596002e-08
606.5437012000001,2.6589e-08
607.0313965,2.6544999e-08
607.5191406,2.6438e-08
608.0068359,2.619e-08
608.4945801,2.6247001e-08
608.9823242000001,2.617e-08
609.4700195,2.6094e-08
609.9577637000001,2.6075e-08
610.4455078,2.6078999e-08
610.933252,2.5978999e-08
611.4209961,2.5875998e-08
611.9087891,2.5813002e-08
612.3965332,2.5814e-08
612.8842773,2.5742e-08
613.3720703,2.5719999e-08
613.8598145,2.5625999e-08
614.3476074,2.5505e-08
614.8354004,2.5334e-08
615.3231445000001,2.5236e-08
615.8109375,2.5151e-08
616.2987305,2.5249001e-08
616.7865234000001,2.5300999e-08
617.2743164000001,2.5217e-08
617.7621094000001,2.5121e-08
618.2499512,2.505e-08
618.7377441,2.496e-08
619.2255371000001,2.4925999e-08
619.7133789000001,2.4907001e-08
620.2011719000001,2.4874002e-08
620.6890137,2.4856e-08
621.1768555,2.4777e-08
621.6646973000001,2.4552001e-08
622.1525391,2.4511e-08
622.6403320000001,2.4464999e-08
623.1282227,2.4419e-08
623.6160645,2.4258e-08
624.1039062,2.4127e-08
624.591748,2.4109e-08
625.0796387,2.4113e-08
625.5674805,2.4166999e-08
626.0553223000001,2.4125999e-08
626.5432129000001,2.4066999e-08
627.0311035,2.4048e-08
627.5189453,2.4024999e-08
628.0068359,2.4040002e-08
628.4947266,2.4078e-08
628.9826172,2.3997e-08
629.4705078000001,2.3895e-08
629.9583984000001,2.3783e-08
630.4462891000001,2.3605e-08
630.9342285,2.3492e-08
631.4221191,2.3439e-08
631.9100098,2.3275998e-08
632.3979492000001,2.3202e-08
632.8858398000001,2.3100998e-08
633.3737793,2.3019e-08
633.8617188000001,2.2977e-08
634.3496582,2.2938e-08
634.8375488,2.2869e-08
635.3254883,2.2933e-08
635.8134277,2.2949001e-08
636.3013672000001,2.2868e-08
636.7893555,2.2815001e-08
637.2772949,2.2727999e-08
637.7652344,2.2746999e-08
638.2531738,2.2693001e-08
638.7411621000001,2.262e-08
639.2291016,2.2542e-08
639.7170898,2.2466999e-08
640.2050293000001,2.2357e-08
640.6930176000001,2.2278e-08
641.1810059000001,2.2257002e-08
641.6689941,2.2292e-08
642.1569824000001,2.2281e-08
642.6449707,2.2234e-08
643.132959,2.2122e-08
643.6209473,2.2082e-08
644.1089355,2.1992e-08
644.5969238,2.194e-08
645.0849609,2.1885e-08
645.5729492,2.1761e-08
646.0609375,2.173e-08
646.5489746000001,2.1717e-08
647.0369629,2.1649e-08
647.5250000000001,2.1636e-08
648.0130371,2.1507e-08
648.5010742000001,2.1407e-08
648.9890625,2.1375e-08
649.4770996000001,2.1288999e-08
649.9651367000001,2.1226e-08
650.4531738000001,2.1154001e-08
650.9412109,2.0999e-08
651.4292969,2.0835e-08
651.9173340000001,2.0627999e-08
652.4053711,2.0454001e-08
652.8934570000001,2.0210999e-08
653.3814941,1.9879e-08
653.8695312,1.9382e-08
654.3576172,1.868e-08
654.8457031,1.7712999e-08
655.3337402000001,1.6407e-08
655.8218262,1.4915e-08
656.3099121,1.3762e-08
656.797998,1.4296e-08
657.2860840000001,1.5752e-08
657.7741699000001,1.7065e-08
658.2622559000001,1.8045e-08
658.7503418000001,1.8694e-08
659.2384277000001,1.914e-08
659.7265137,1.9439e-08
660.2146484,1.9684002e-08
660.7027344,1.9816e-08
661.1908203,1.9887e-08
661.6789551,1.9910999e-08
662.167041,1.9969e-08
662.6551758,1.9978e-08
663.1433105000001,1.9968e-08
663.6313965,2.0016e-08
664.1195312,1.9966999e-08
664.607666,1.9866999e-08
665.0958008,1.9857001e-08
665.5839355,1.9840002e-08
666.0720703000001,1.9855e-08
666.5602051000001,1.9803e-08
667.0483398000001,1.9763998e-08
667.5364746,1.9730999e-08
668.0246094,1.9713e-08
668.5127441,1.9605999e-08
669.0009277,1.9488e-08
669.4890625,1.9527e-08
669.9772461,1.9525e-08
670.4653809000001,1.9504e-08
670.9535645000001,1.95e-08
671.4416992000001,1.9453e-08
671.9298828000001,1.9366999e-08
672.4180664,1.9348e-08
672.90625,1.9285e-08
673.3943848,1.9271999e-08
673.8825684000001,1.9219e-08
674.370752,1.9201e-08
674.8589355,1.9139e-08
675.3471191,1.9114e-08
675.8353027,1.9026e-08
676.3234863,1.8885e-08
676.8117188000001,1.8922e-08
677.2999023000001,1.8901002e-08
677.7880859,1.8832e-08
678.2763184,1.881e-08
678.764502,1.8783e-08
679.2526855000001,1.878e-08
679.740918,1.8718001e-08
680.2291504,1.8668999e-08
680.717334,1.8666e-08
681.2055664000001,1.854e-08
681.6937988,1.8529999e-08
682.1819824,1.851e-08
682.6702148,1.8477e-08
683.1584473,1.8442e-08
683.6466797,1.8404e-08
684.1349121000001,1.8365e-08
684.6231445000001,1.8349e-08
685.1113770000001,1.8343e-08
685.5996094000001,1.8271999e-08
686.0878418000001,1.8261e-08
686.5760742000001,1.8195e-08
687.0643555,1.8132999e-08
687.5525879,1.803e-08
688.0408203000001,1.8011e-08
688.5291016000001,1.7987e-08
689.0173340000001,1.7882e-08
689.5056152000001,1.7944e-08
689.9938477000001,1.7941e-08
690.4821289000001,1.7861e-08
690.9703613,1.7789999e-08
691.4586426000001,1.7763e-08
691.9469238,1.7739e-08
692.4351562,1.7682e-08
692.9234375000001,1.7638e-08
693.4117188,1.7597001e-08
693.9000000000001,1.7535001e-08
694.3882812,1.7522e-08
694.8765625000001,1.7482e-08
695.3648438,1.7475001e-08
695.8531250000001,1.7421e-08
696.3414062,1.7416e-08
696.8296875000001,1.739e-08
697.3180176000001,1.7349e-08
697.8062988,1.7321e-08
698.2945801000001,1.726e-08
698.7828613,1.7188e-08
699.2711914000001,1.7124e-08
699.7594727000001,1.7074e-08
700.2478027000001,1.7007999e-08
700.7360840000001,1.7032e-08
701.2244141000001,1.7029e-08
701.7126953000001,1.6975001e-08
702.2010254,1.6886e-08
702.6893066,1.685e-08
703.1776367000001,1.6811e-08
703.6659668000001,1.6771e-08
704.1542969000001,1.6771e-08
704.6425781,1.6793e-08
705.1309082,1.6779001e-08
705.6192383,1.6693999e-08
706.1075684000001,1.6633e-08
706.5958984,1.6541e-08
707.0842285,1.6492e-08
707.5725586,1.6472999e-08
708.0608887000001,1.6444e-08
708.5492188000001,1.645e-08
709.0375488,1.6423e-08
709.5259277,1.6359e-08
710.0142578,1.6332e-08
710.5025879,1.6251999e-08
710.990918,1.622e-08
711.4792969,1.6147e-08
711.967627,1.6127e-08
712.4559570000001,1.6159e-08
712.9443359,1.6132e-08
713.432666,1.6121e-08
713.9210449000001,1.6031e-08
714.4093750000001,1.5959e-08
714.8977539000001,1.5911e-08
715.3861328,1.5906e-08
715.8744629,1.591e-08
716.3628418000001,1.5868e-08
716.8512207,1.5851e-08
717.3395508,1.582e-08
717.8279297,1.5826e-08
718.3163086,1.5794999e-08
718.8046875,1.5764e-08
719.2930664,1.5712999e-08
719.7813965,1.5647e-08
720.2697754000001,1.5619001e-08
720.7581543000001,1.5578e-08
721.2465332,1.5542e-08
721.7349121000001,1.5535e-08
722.223291,1.5477e-08
722.7117188000001,1.5466e-08
723.2000977,1.5434999e-08
723.6884766000001,1.5411e-08
724.1768555,1.537e-08
724.6652344,1.5347e-08
725.1536133,1.5308e-08
725.6420410000001,1.5241e-08
726.1304199000001,1.5254999e-08
726.6187988,1.523e-08
727.1072266000001,1.521e-08
727.5956055,1.5127e-08
728.0839844000001,1.5015e-08
728.5724121000001,1.5048e-08
729.060791,1.499e-08
729.5492188000001,1.4938e-08
730.0375977,1.4977e-08
730.5260254,1.4922e-08
731.0144043,1.4922e-08
731.5028320000001,1.4897e-08
731.9912598000001,1.4837999e-08
732.4796387000001,1.4811e-08
732.9680664000001,1.47809995e-08
733.4564941,1.4747e-08
733.944873,1.471e-08
734.4333008,1.4683001e-08
734.9217285,1.4657e-08
735.4101562000001,1.4644001e-08
735.898584,1.4646e-08
736.3869629000001,1.4606e-08
736.8753906000001,1.4568e-08
737.3638184000001,1.4547999e-08
737.8522461,1.4518e-08
738.3406738,1.4446e-08
738.8291016000001,1.4396e-08
739.3175293,1.4373e-08
739.805957,1.4354001e-08
740.2943848,1.4329e-08
740.7828125000001,1.4304e-08
741.2712402000001,1.4261e-08
741.759668,1.4237001e-08
742.2480957,1.41830006e-08
742.7365723,1.4139e-08
743.225,1.413e-08
743.7134277,1.4098001e-08
744.2018555,1.40230005e-08
744.6902832000001,1.4024e-08
745.1787598000001,1.4035e-08
745.6671875000001,1.401e-08
746.1556152,1.3985e-08
746.644043,1.3932e-08
747.1325195000001,1.3926e-08
747.6209473,1.39e-08
748.109375,1.3853e-08
748.5978516,1.38330005e-08
749.0862793000001,1.381e-08
749.5747070000001,1.3785e-08
750.0631836,1.3775e-08
750.5516113,1.3732e-08
751.0400879,1.3678e-08
751.5285156,1.3653e-08
752.0169922,1.3653e-08
752.5054199000001,1.3620999e-08
752.9938965000001,1.3537999e-08
753.4823242000001,1.3514e-08
753.9708008,1.3519999e-08
754.4592285,1.3513e-08
754.9477051,1.3498999e-08
755.4361816,1.3494001e-08
755.9246094,1.3414e-08
756.4130859,1.3320999e-08
756.9015137000001,1.3305001e-08
757.3899902,1.3318e-08
757.8784668000001,1.3278e-08
758.3668945000001,1.3226e-08
758.8553711,1.3262e-08
759.3438477,1.3245e-08
759.8323242000001,1.3179e-08
760.3207520000001,1.3171e-08
760.8092285,1.3153e-08
761.2977051,1.3137999e-08
761.7861816,1.3096e-08
762.2746094,1.3026e-08
762.7630859000001,1.2998999e-08
763.2515625000001,1.299e-08
763.7400391000001,1.2959001e-08
764.2285156,1.2927e-08
764.7169434000001,1.2920999e-08
765.2054199,1.294e-08
765.6938965,1.2912e-08
766.1823730000001,1.2886e-08
766.6708496000001,1.283e-08
767.1593262000001,1.281e-08
767.6478027,1.27819995e-08
768.1362793000001,1.2718e-08
768.6247070000001,1.268e-08
769.1131836,1.2655001e-08
769.6016602,1.265e-08
770.0901367000001,1.2641e-08
770.5786133,1.264e-08
771.0670898000001,1.26e-08
771.5555664000001,1.2557e-08
772.044043,1.25529995e-08
772.5325195,1.2552e-08
773.0209961,1.2491e-08
773.5094727000001,1.245e-08
773.9979492000001,1.24529995e-08
774.4864258,1.2445e-08
774.9749023,1.2422e-08
775.4633789000001,1.2415001e-08
775.9518555,1.23429995e-08
776.4403320000001,1.2237999e-08
776.9288086,1.2083e-08
777.4172852,1.1837999e-08
777.9057617000001,1.1886e-08
778.3942383,1.2002e-08
778.8827148,1.2068e-08
779.3711914,1.2123e-08
779.859668,1.2148e-08
780.3481445000001,1.2123e-08
780.8366211,1.2116001e-08
781.3250977,1.2120999e-08
781.8135742000001,1.2087e-08
782.3020508,1.2033e-08
782.7905273000001,1.1989e-08
783.2790039000001,1.194e-08
783.7674805,1.1906e-08
784.2559570000001,1.1848e-08
784.7444336,1.1851e-08
785.232959,1.1867e-08
785.7214355000001,1.1909e-08
786.2099121000001,1.19e-08
786.6983887000001,1.1851e-08
787.1868652,1.1789e-08
787.6753418000001,1.1732e-08
788.1638184000001,1.1685e-08
788.6522949,1.1720001e-08
789.1407715,1.17139995e-08
789.6292480000001,1.1676001e-08
790.1177246000001,1.1620999e-08
790.6062012000001,1.1641e-08
791.0946777,1.1639e-08
791.5831543,1.1591999e-08
792.0716309000001,1.1572e-08
792.5601074000001,1.1576001e-08
793.0485840000001,1.154e-08
793.5370605,1.1512e-08
794.0255371000001,1.1496e-08
794.5140137000001,1.1475e-08
795.0024902,1.1430999e-08
795.4909668,1.1420999e-08
795.9794434,1.1387e-08
796.4679199000001,1.1332e-08
796.9563965000001,1.1317e-08
797.444873,1.1341999e-08
797.9333496,1.1352e-08
798.4218262,1.1322e-08
798.9103027000001,1.131e-08
799.3987793000001,1.1261e-08
799.8872559000001,1.1218e-08
800.3757324000001,1.1194e-08
800.8642090000001,1.12039995e-08
801.3526855,1.1169e-08
801.8411621,1.1137001e-08
802.3296387,1.1112e-08
802.8181152000001,1.1051e-08
803.3065918000001,1.10139995e-08
803.7950684000001,1.09739995e-08
804.2834961,1.0972e-08
804.7719727,1.098e-08
805.2604492,1.1007e-08
805.7489258,1.097e-08
806.2374023000001,1.0952999e-08
806.7258789000001,1.0935e-08
807.2143555,1.089e-08
807.7027832,1.08150005e-08
808.1912598,1.0793e-08
808.6797363000001,1.0802e-08
809.1682129000001,1.0791e-08
809.6566895000001,1.0802e-08
810.1451172000001,1.083e-08
810.6335938000001,1.0797e-08
811.1220703,1.0772e-08
811.6105469,1.0726e-08
812.0989746,1.0705e-08
812.5874512,1.0698001e-08
813.0759277000001,1.0658e-08
813.5643555,1.0609e-08
814.0528320000001,1.0559001e-08
814.5413086,1.0515e-08
815.0297363,1.0519e-08
815.5182129,1.0549e-08
816.0066895,1.055e-08
816.4951172000001,1.0528e-08
816.9835938000001,1.0515e-08
817.4720215000001,1.0484e-08
817.960498,1.0422e-08
818.4489258,1.0374e-08
818.9374023,1.0332e-08
819.4258789,1.0352999e-08
819.9142578000001,1.03660005e-08
820.4027344000001,1.0345e-08
820.8912109000001,1.0302e-08
821.3796875,1.0244e-08
821.8680664,1.02160005e-08
822.3565430000001,1.0205e-08
822.8450195,1.0173e-08
823.3333984000001,1.0139e-08
823.8218750000001,1.0112e-08
824.3103516,1.01660005e-08
824.7987305000001,1.01660005e-08
825.287207,1.01560005e-08
825.7756836000001,1.0128e-08
826.2640625,1.0113999e-08
826.7525390999999,1.0088001e-08
827.2410156000001,1.0063e-08
827.7293945,1.0061e-08
828.2178711000001,1.0038001e-08
828.7062500000001,9.9954e-09
829.1947266,9.964199e-09
829.6831055000001,9.9707e-09
830.171582,9.9775e-09
830.6600586000001,9.954199e-09
831.1484375,9.9171e-09
831.6369141,9.9161e-09
832.125293,9.893401e-09
832.6137695,9.851901e-09
833.1021484000001,9.822701e-09
833.590625,9.7749e-09
834.0790039,9.7622e-09
834.5673828000001,9.7368e-09
835.0558594,9.7529e-09
835.5442383,9.7774e-09
836.0327148000001,9.773499e-09
836.5210938,9.753201e-09
837.0094727000001,9.7553e-09
837.4979492000001,9.754e-09
837.9863281,9.7475e-09
838.4748046999999,9.7321e-09
838.9631836000001,9.6984e-09
839.4515625,9.6839e-09
839.9400390999999,9.670201e-09
840.4284180000001,9.6234e-09
840.9167969,9.5659e-09
841.4051758,9.536601e-09
841.8936523000001,9.5347e-09
842.3820312,9.5203e-09
842.8704102,9.508399e-09
843.3587891,9.44e-09
843.8472656,9.3734e-09
844.3356445,9.2920995e-09
844.8240234000001,9.2337995e-09
845.3124023,9.3286e-09
845.8007812000001,9.425199e-09
846.2891602,9.4027e-09
846.7775391,9.3688e-09
847.2660156000001,9.3539e-09
847.7543945,9.3710995e-09
848.2427734000001,9.3818e-09
848.7311523000001,9.3408e-09
849.2195312,9.2715e-09
849.7079102,9.1313e-09
850.1962891,9.0181e-09
850.6846680000001,9.0697e-09
851.1730469,9.1821e-09
851.6614258,9.2915e-09
852.1498047,9.37e-09
852.6381836,9.3598e-09
853.1265625000001,9.3014005e-09
853.6149414,9.166e-09
854.1032227000001,8.92e-09
854.5916016,8.7705e-09
855.0799805000001,8.8799e-09
855.5683594000001,9.0537e-09
856.0567383,9.218001e-09
856.5451171999999,9.3317e-09
857.0333984000001,9.3745e-09
857.5217773,9.3503e-09
858.0101562,9.2341e-09
858.4985352,9.0723e-09
858.9868164,8.864e-09
859.4751953000001,8.6352e-09
859.9635742,8.4899e-09
860.4518555000001,8.5972e-09
860.9402344,8.85e-09
861.4286133,9.0791e-09
861.9168945,9.2294e-09
862.4052734000002,9.3229e-09
862.8935547,9.3358e-09
863.3819336000001,9.3151e-09
863.8703125000001,9.2488e-09
864.3585938000001,9.1274e-09
864.8469727,8.9495e-09
865.3352539,8.6920995e-09
865.8236328000002,8.3813e-09
866.3119141,8.0684e-09
866.8001953000002,8.0066e-09
867.2885742000001,8.2241e-09
867.7768555000001,8.5125e-09
868.2652344,8.7525995e-09
868.7535156,9.0139e-09
869.2417969,9.2155e-09
869.7300781,9.312e-09
870.218457,9.3673e-09
870.7067383,9.3717e-09
871.1950195,9.3444e-09
871.6833984000001,9.3070005e-09
872.1716796999999,9.2614e-09
872.6599609000001,9.1301e-09
873.1482421999999,8.8919e-09
873.6365234000001,8.5947995e-09
874.1248046999999,8.2577e-09
874.6130859000001,7.9225995e-09
875.1013671999999,7.673e-09
875.5897461000001,7.7879e-09
876.0780273,8.0946e-09
876.5663086000001,8.4036e-09
877.0545898,8.6596e-09
877.5428711000001,8.8824e-09
878.0310546999999,9.0532e-09
878.5193359000001,9.189501e-09
879.0076171999999,9.2854e-09
879.4958984000001,9.366e-09
879.9841796999999,9.4215e-09
880.4724609000001,9.419599e-09
880.9607421999999,9.3984e-09
881.4489258,9.3509005e-09
881.937207,9.2685e-09
882.4254883,9.1656e-09
882.9137695,9.0598e-09
883.4019531,8.9307e-09
883.8902344,8.7612e-09
884.3785156,8.5214005e-09
884.8666992000001,8.1612e-09
885.3549805000001,7.7732e-09
885.8432617000001,7.4426e-09
886.3314453000002,7.1801995e-09
886.8197266,7.2993e-09
887.3079102,7.6707005e-09
887.7961914,7.9978e-09
888.2843750000001,8.2872e-09
888.7725586000001,8.5071e-09
889.2608398000001,8.6931005e-09
889.7490234000002,8.8366e-09
890.2373047,8.9535e-09
890.7254883,9.0418e-09
891.2136719,9.0989e-09
891.7019531000001,9.1911e-09
892.1901367,9.2277e-09
892.6783203000001,9.2008e-09
893.1665039,9.1446e-09
893.6546875,9.1112e-09
894.1429688000001,9.0916e-09
894.6311523,9.1104e-09
895.1193359000001,9.1526e-09
895.6075195,9.1436e-09
896.0957031,9.0938e-09
896.5838867000001,9.011e-09
897.0720703000002,8.8911e-09
897.5602539,8.7829e-09
898.0484375000001,8.743e-09
898.5366211,8.6419e-09
899.0248047,8.4393e-09
899.5129883,8.1278e-09
900.0010742000001,7.7621e-09
900.4892578000001,7.4199002e-09
900.9774414,7.0689996e-09
901.465625,6.7978e-09
901.9537109000001,6.8659e-09
902.4418945,7.1794997e-09
902.9300781000001,7.4866e-09
903.4181641,7.7693e-09
903.9063477,8.017301e-09
904.3945312000001,8.1971e-09
904.8826171999999,8.3011e-09
905.3708008,8.4118e-09
905.8588867000001,8.4759e-09
906.3470703000002,8.4983e-09
906.8351562,8.6351e-09
907.3233398000001,8.742e-09
907.8114258,8.7449e-09
908.2995117,8.720001e-09
908.7876953000001,8.6229e-09
909.2757812,8.5427e-09
909.7638671999999,8.5641e-09
910.2519531,8.6648e-09
910.7401367000001,8.6797e-09
911.2282227000001,8.6425995e-09
911.7163086,8.6379e-09
912.2043945,8.6471e-09
912.6924805000001,8.661701e-09
913.1805664,8.6725e-09
913.6686523000001,8.7354e-09
914.1567383,8.7575e-09
914.6448242000001,8.7822e-09
915.1329102,8.7738e-09
915.6209961000001,8.7435e-09
916.109082,8.684e-09
916.5971680000001,8.5797e-09
917.0851562,8.4439e-09
917.5732422,8.3375005e-09
918.0613281000001,8.2765e-09
918.5494140999999,8.223e-09
919.0374023,8.1413e-09
919.5254883,8.0292e-09
920.0135742000001,7.872e-09
920.5015625000001,7.6423e-09
920.9896484000001,7.3729e-09
921.4776367000001,7.0848e-09
921.9657227,6.8201e-09
922.4537109000001,6.5996e-09
922.9417969000001,6.3994996e-09
923.4297852,6.4346e-09
923.9177734000001,6.6742e-09
924.4058594,6.8926e-09
924.8938477,7.1271e-09
925.3818359000002,7.3512e-09
925.8698242,7.5249e-09
926.3579102,7.5693e-09
926.8458984000001,7.6518e-09
927.3338867000001,7.7934e-09
927.8218750000001,7.9049e-09
928.3098633,7.987301e-09
928.7978516,8.0879e-09
929.2858398000001,8.199e-09
929.7738281000001,8.2347e-09
930.2618164,8.2442e-09
930.7498046999999,8.2063e-09
931.2377930000001,8.1523e-09
931.7257812,8.0999e-09
932.2136719,8.0805e-09
932.7016602,8.0725e-09
933.1896484000001,8.0703995e-09
933.6775391,8.0593e-09
934.1655273000001,8.0186e-09
934.6535156,7.9696e-09
935.1414062,7.9361e-09
935.6293945,7.9503e-09
936.1172852,7.9736004e-09
936.6052734000001,7.9814e-09
937.0931641,7.9803e-09
937.5811523000001,7.9619e-09
938.0690430000001,7.9595e-09
938.5569336000001,7.964999e-09
939.0448242000001,7.9682e-09
939.5328125000001,7.9925e-09
940.0207031,8.0149e-09
940.5085938000001,7.9632e-09
940.9964844000001,7.9129e-09
941.484375,7.8855e-09
941.9722656,7.8313e-09
942.4601562,7.7851e-09
942.9480469,7.7998e-09
943.4359375,7.8109e-09
943.9238281,7.7735e-09
944.4117188,7.7536e-09
944.8996094,7.7307e-09
945.3875,7.7003e-09
945.875293,7.6838e-09
946.3631836000001,7.7051e-09
946.8510742000001,7.7506e-09
947.3388672,7.7589e-09
947.8267578000001,7.7172e-09
948.3146484000001,7.6335e-09
948.8024414,7.5522e-09
949.290332,7.4887e-09
949.778125,7.4252e-09
950.265918,7.3382003e-09
950.7538086000001,7.2615e-09
951.2416016,7.1606996e-09
951.7293945,7.0056e-09
952.2172852,6.8063e-09
952.7050781,6.5955e-09
953.1928711,6.3562e-09
953.6806641,6.0986998e-09
954.168457,5.8168e-09
954.65625,5.6219003e-09
955.1440430000001,5.7047e-09
955.6318359000002,5.976e-09
956.1196289,6.2767e-09
956.6074219000001,6.5341e-09
957.0952148000001,6.6967e-09
957.5830078000001,6.816e-09
958.0707031000001,6.9162e-09
958.5584961000001,7.0050996e-09
959.0462891,7.0613e-09
959.534082,7.1023e-09
960.0217773,7.1265e-09
960.5095703000002,7.1473e-09
960.9972656,7.1949002e-09
961.4850586000001,7.2059e-09
961.9727539,7.2245996e-09
962.4604492000001,7.2284e-09
962.9482422,7.2804003e-09
963.4359375,7.2898e-09
963.9236328000002,7.2392e-09
964.4114258,7.2133997e-09
964.8991211000001,7.1936004e-09
965.3868164,7.1864e-09
965.8745117000001,7.1166e-09
966.362207,7.0961996e-09
966.8499023,7.1391e-09
967.3375977000001,7.1357e-09
967.8252930000001,7.1496e-09
968.3129883,7.1904998e-09
968.8006836000001,7.2419e-09
969.2882812,7.3196e-09
969.7759765999999,7.3146e-09
970.2636719000001,7.2841e-09
970.7512695,7.2198e-09
971.2389648000001,7.1537e-09
971.7266602,7.1175e-09
972.2142578000002,7.0905997e-09
972.7019531000001,7.0862e-09
973.1895508,7.1104003e-09
973.6771484000001,7.0836e-09
974.1648438000001,7.0592e-09
974.6524414,7.0314e-09
975.1400391,7.0143003e-09
975.6277344,6.9959e-09
976.115332,6.9622e-09
976.6029297,6.9644e-09
977.0905273000001,6.9674e-09
977.578125,6.9732e-09
978.0657227,6.9848e-09
978.5533203000001,6.9938997e-09
979.0409180000001,6.9737e-09
979.5284180000001,7.014e-09
980.0160156000001,7.0376e-09
980.5036133,7.0293e-09
980.9912109000002,6.9876e-09
981.4787109000001,6.9314e-09
981.9663086,6.881e-09
982.4539062,6.8432997e-09
982.9414062000001,6.843e-09
983.4290039,6.8057e-09
983.9165039,6.7676997e-09
984.4040039,6.7633e-09
984.8916016,6.7708e-09
985.3791016,6.7673e-09
985.8666016,6.7843e-09
986.3541015999999,6.7705e-09
986.8416016,6.7648998e-09
987.3291992000001,6.8027e-09
987.8166992000001,6.812e-09
988.3041992000001,6.8232e-09
988.7916992,6.8216996e-09
989.2791016,6.7681e-09
989.7666016,6.7220003e-09
990.2541016,6.6765e-09
990.7416016,6.6542998e-09
991.2290039,6.6472e-09
991.7165039,6.6264e-09
992.2040039,6.6047e-09
992.6914062000001,6.5723e-09
993.1789062,6.5523e-09
993.6663086000001,6.5308e-09
994.1538086,6.5076e-09
994.6412109000001,6.4677e-09
995.1286133,6.4497003e-09
995.6161133,6.4212005e-09
996.1035156,6.4203998e-09
996.5909180000001,6.3867e-09
997.0783203000001,6.3582e-09
997.5657227,6.3547e-09
998.053125,6.3288e-09
998.5405273000001,6.3173e-09
999.0279297,6.275e-09
999.515332,6.2505e-09
1000.0027344,6.2527e-09
1000.4900391,6.2397e-09
1000.9774414,6.2194e-09
1001.4648438,6.1515997e-09
1001.9521484000002,6.0178e-09
1002.4395508,5.8956e-09
1002.9268555000001,5.7928e-09
1003.4142578000001,5.6367e-09
1003.9015625000001,5.4958997e-09
1004.3888671999999,5.3418e-09
1004.8762695,5.1665e-09
1005.3635742000001,5.1251e-09
1005.8508789,5.2041997e-09
1006.3381836000001,5.3452998e-09
1006.8254883,5.4736997e-09
1007.312793,5.6039e-09
1007.8000977,5.6874e-09
1008.2874023,5.759e-09
1008.774707,5.8256e-09
1009.2620117000001,5.8573004e-09
1009.7493164,5.8812e-09
1010.2365234000001,5.9175997e-09
1010.7238281,5.9528e-09
1011.2110352,5.986e-09
1011.6983398000001,5.9965e-09
1012.1856445,6.0207e-09
1012.6728516,6.0595e-09
1013.1600586000001,6.1167e-09
1013.6473633,6.1267e-09
1014.1345703000002,6.0936998e-09
1014.6217773000001,6.0935e-09
1015.1089844,6.0953997e-09
1015.5961914,6.0959997e-09
1016.0833984000001,6.1007e-09
1016.5706055,6.1095e-09
1017.0578125000001,6.0903e-09
1017.5450195,6.1014e-09
1018.0322266,6.1149e-09
1018.5194336000001,6.1119e-09
1019.0066406000001,6.0903997e-09
1019.4937500000001,6.0770002e-09
1019.980957,6.0946e-09
1020.5378729443205,6.0242176e-09
1021.5609633576862,6.0051715e-09
1022.5850794092769,5.986125e-09
1023.6102221490191,5.966285e-09
1024.6363925868425,5.946445e-09
1025.663591772673,5.926605e-09
1026.6918207164404,5.9075584e-09
1027.721080468071,5.887718e-09
1028.7513720474938,5.8670846e-09
1029.7826964946353,5.847245e-09
1030.8150548494236,5.827405e-09
1031.8484481517853,5.8059775e-09
1032.8828774216493,5.78217e-09
1033.9183437089418,5.7631233e-09
1034.9548480535907,5.7464575e-09
1035.9923914955225,5.725824e-09
1037.0309750846643,5.703603e-09
1038.070599840944,5.686144e-09
1039.1112668342873,5.667891e-09
1040.1529770846228,5.648051e-09
1041.1957316618755,5.6290044e-09
1042.2395315959734,5.6099587e-09
1043.2843779468421,5.5901186e-09
1044.3302717444099,5.565517e-09
1045.3772140686008,5.5321854e-09
1046.4252059393436,5.5123457e-09
1047.4742484265641,5.505203e-09
1048.5243425901867,5.4909184e-09
1049.5754894601405,5.469491e-09
1050.6276901163494,5.4456835e-09
1051.6809455987411,5.426637e-09
1052.7352569772402,5.409971e-09
1053.7906253017734,5.390131e-09
1054.8470516322666,5.371085e-09
1055.9045370286456,5.3560063e-09
1056.9630825608351,5.3385474e-09
1058.022689288762,5.316326e-09
1059.0833582623516,5.2948987e-09
1060.1450905715283,5.279027e-09
1061.2078872562195,5.263949e-09
1062.2717494063481,5.2464895e-09
1063.3366780718416,5.22665e-09
1064.4026743326237,5.2091904e-09
1065.4697392586202,5.1893507e-09
1066.5378739097562,5.1639555e-09
1067.607079375956,5.109197e-09
1068.6773567171447,5.03936e-09
1069.7487070132477,5.040947e-09
1070.8211313441889,5.0599933e-09
1071.8946307698939,5.0568194e-09
1072.969206390286,5.035392e-09
1074.0448592752907,5.0258686e-09
1075.1215904948324,5.013171e-09
1076.1994011488348,4.998886e-09
1077.2782922972228,4.986189e-09
1078.3582650499197,4.966349e-09
1079.4393204668509,4.945715e-09
1080.5214596479398,4.9234945e-09
1081.6046836631106,4.8973052e-09
1082.6889936222867,4.870323e-09
1083.7743906053918,4.8496895e-09
1084.8608756923504,4.827469e-09
1085.9484499930852,4.790169e-09
1087.0371145775212,4.74176e-09
1088.1268705555806,4.6901762e-09
1089.217719007188,4.613197e-09
1090.3096610422654,4.48384e-09
1091.402697750737,4.2663935e-09
1092.4968302325253,3.932288e-09
1093.5920595775544,3.5878656e-09
1094.6883868957466,3.6235774e-09
1095.7858132770255,3.9735553e-09
1096.8843398313134,4.256077e-09
1097.9839676685326,4.4108286e-09
1099.0846978686077,4.493363e-09
1100.1865315614596,4.5346304e-09
1101.289469847011,4.5512962e-09
1102.3935138251857,4.5560573e-09
1103.498664605905,4.5568513e-09
1104.6049233090916,4.5512962e-09
1105.7122910346677,4.5425663e-09
1106.8207688925559,4.531456e-09
1107.9303580026778,4.519552e-09
1109.0410594849552,4.506061e-09
1110.1528744393108,4.49257e-09
1111.2658039856667,4.4774913e-09
1112.3798492539433,4.461619e-09
1113.4950113540633,4.4465405e-09
1114.611291395949,4.4330495e-09
1115.7286905195203,4.4195585e-09
1116.8472098346997,4.40448e-09
1117.966850461409,4.388608e-09
1119.0876135395683,4.372736e-09
1120.2095001791001,4.358451e-09
1121.3325115099249,4.3441664e-09
1122.4566486519645,4.3298813e-09
1123.5819127551388,4.314803e-09
1124.7083049393689,4.298138e-09
1125.835826324577,4.281472e-09
1126.9644780506826,4.263219e-09
1128.0942612576066,4.221952e-09
1129.2251770652704,4.1751296e-09
1130.3572266235933,4.1735424e-09
1131.4904110624964,4.1902077e-09
1132.6247315219,4.1775103e-09
1133.7601891417244,4.161638e-09
1134.8967850518902,4.159258e-09
1136.034520402317,4.148147e-09
1137.1733963329254,4.132275e-09
1138.3134139936346,4.1179904e-09
1139.4545745143657,4.1044994e-09
1140.596879055037,4.089421e-09
1141.7403287555696,4.0775165e-09
1142.8849247658823,4.064819e-09
1144.030668235895,4.0465666e-09
1145.1775603155272,4.029901e-09
1146.3256021646978,4.021171e-09
1147.4747949133275,4.009267e-09
1148.6251397313342,3.995776e-09
1149.7766377786375,3.981491e-09
1150.929290195157,3.967206e-09
1152.0830981508109,3.953715e-09
1153.2380628055182,3.9394306e-09
1154.3941853091985,3.925939e-09
1155.5514668217702,3.911654e-09
1156.7099085231512,3.8973695e-09
1157.8695115532616,3.883878e-09
1159.0302770920189,3.8688e-09
1160.192206289342,3.8513406e-09
1161.3553003351485,3.8315005e-09
1162.519560379358,3.8140415e-09
1163.6849875918872,3.8045185e-09
1164.851583152655,3.7846783e-09
1166.0193482215798,3.7545216e-09
1167.1882839785792,3.7465857e-09
1168.3583915935703,3.752141e-09
1169.529672246472,3.748173e-09
1170.7021271072015,3.737062e-09
1171.8757573556768,3.7235712e-09
1173.0505641718148,3.706112e-09
1174.2265487255336,3.6711936e-09
1175.40371221675,3.6315133e-09
1176.5820558053817,3.638656e-09
1177.7615806913457,3.6473855e-09
1178.9422880445597,3.638656e-09
1180.1241790649399,3.6259584e-09
1181.3072549324033,3.6140544e-09
1182.491516836867,3.5965952e-09
1183.6769659582487,3.575168e-09
1184.8636034964638,3.5656447e-09
1186.0514306414295,3.5608831e-09
1187.2404485930617,3.548979e-09
1188.4306585212782,3.5299328e-09
1189.6220616459939,3.5108862e-09
1190.8146591471266,3.5085055e-09
1192.0084522345912,3.5053311e-09
1193.203442098304,3.4926337e-09
1194.399629938182,3.4751744e-09
1195.5970169641403,3.4600962e-09
1196.7956043660947,3.4529535e-09
1197.9953933539616,3.438669e-09
1199.1963851376559,3.4243839e-09
1200.3985809170938,3.4172416e-09
1201.6019818921911,3.4069247e-09
1202.8065892828624,3.3902592e-09
1204.012404289024,3.3783552e-09
1205.2194281305908,3.3712126e-09
1206.4276620074777,3.3593086e-09
1207.6371071495996,3.3418495e-09
1208.8477647568725,3.3259775e-09
1210.0596360492107,3.3180416e-09
1211.2727222465285,3.3085183e-09
1212.4870245687414,3.2997889e-09
1213.7025442257643,3.289472e-09
1214.9192824375118,3.2783616e-09
1216.1372404438973,3.2664578e-09
1217.3564194448363,3.25376e-09
1218.5768206702435,3.241856e-09
1219.7984453600316,3.2307457e-09
1221.021294724116,3.2196352e-09
1222.2453699924108,3.2085248e-09
1223.470672404829,3.1958272e-09
1224.6972031812854,3.1823362e-09
1225.924963551694,3.170432e-09
1227.153954765967,3.1593217e-09
1228.3841780340206,3.150592e-09
1229.615634605766,3.1402752e-09
1230.8483257111182,3.1283711e-09
1232.0822525999893,3.1156735e-09
1233.3174164922934,3.1037695e-09
1234.553818637944,3.0926592e-09
1235.7914602868534,3.0839296e-09
1237.0303426689352,3.0744063e-09
1238.2704670241028,3.063296e-09
1239.511834612268,3.0529792e-09
1240.7544466733443,3.0426621e-09
1241.9983044572436,3.031552e-09
1243.2434092038795,3.0204417e-09
1244.4897621731643,3.0085376e-09
1245.73736461501,2.993459e-09
1246.9862177693294,2.9799678e-09
1248.236322916034,2.9744127e-09
1249.4876812850366,2.9664768e-09
1250.74029413625,2.95616e-09
1251.994162739585,2.9450495e-09
1253.249288354953,2.9339393e-09
1254.505672222268,2.922035e-09
1255.763315631439,2.906957e-09
1257.0222198123802,2.8934655e-09
1258.2823860550016,2.884736e-09
1259.5438156192145,2.8760063e-09
1260.8065097649314,2.8633087e-09
1262.070469762063,2.852992e-09
1263.3356968805203,2.8466431e-09
1264.6021923902147,2.8379135e-09
1265.8699575610574,2.8260096e-09
1267.1389936729586,2.8141056e-09
1268.40930198583,2.801408e-09
1269.6808837995814,2.7887104e-09
1270.9537403641243,2.7744256e-09
1272.2278729693692,2.7585536e-09
1273.5032828952262,2.7387137e-09
1274.7799714216055,2.714112e-09
1276.057939828418,2.680781e-09
1277.337189405573,2.6291969e-09
1278.6177214329819,2.5458688e-09
1279.899537190554,2.403021e-09
1281.182637968199,2.2109696e-09
1282.4670250558274,2.1570048e-09
1283.7526997433488,2.3101696e-09
1285.0396633206726,2.4625408e-09
1286.3279170877076,2.5450753e-09
1287.617462324365,2.5855487e-09
1288.9083003305532,2.6045952e-09
1290.2004324061818,2.6125313e-09
1291.4938598411595,2.6141183e-09
1292.7885839453959,2.6117375e-09
1294.0846060088,2.6061824e-09
1295.3819273412803,2.5998337e-09
1296.6805492327462,2.593485e-09
1297.9804729931068,2.5855487e-09
1299.2816999322697,2.5784064e-09
1300.5842313501444,2.5696767e-09
1301.8880685666381,2.5617408e-09
1303.193212871661,2.5530111e-09
1304.49966558512,2.5442815e-09
1305.8074280269238,2.535552e-09
1307.1165014969808,2.5268223e-09
1308.4268873151987,2.5180926e-09
1309.7385867914854,2.5093634e-09
1311.051601255749,2.5006335e-09
1312.365932017896,2.4903168e-09
1313.6815803878367,2.4815872e-09
1314.998547705476,2.4712703e-09
1316.3168352907223,2.4593663e-09
1317.6364444534834,2.452224e-09
1318.9573765236667,2.4474625e-09
1320.2796328311788,2.4395264e-09
1321.6032147059266,2.4307967e-09
1322.9281234678176,2.4220672e-09
1324.2543604567584,2.4141311e-09
1325.581926992657,2.4054017e-09
1326.9108244254182,2.396672e-09
1328.2410540749497,2.3879423e-09
1329.5726172811576,2.3800064e-09
1330.905515383949,2.3712767e-09
1332.23974971323,2.3633409e-09
1333.5753216189064,2.3546112e-09
1334.912232430885,2.3458815e-09
1336.250483499072,2.3379456e-09
1337.590076173372,2.329216e-09
1338.9310117836922,2.32128e-09
1340.2732916899379,2.3125504e-09
1341.6169172220154,2.3038207e-09
1342.9618897498294,2.2958848e-09
1344.3082106132858,2.2879487e-09
1345.65588116229,2.2784257e-09
1347.0049027467478,2.269696e-09
1348.3552767365634,2.2625537e-09
1349.707004471643,2.253824e-09
1351.0600873218903,2.2450943e-09
1352.414526637211,2.2379518e-09
1353.7703237775104,2.230016e-09
1355.127480102693,2.2212863e-09
1356.485996982663,2.214144e-09
1357.845875777325,2.206208e-09
1359.2071178565839,2.198272e-09
1360.5697245803433,2.1911297e-09
1361.9336973085087,2.1831936e-09
1363.299037430983,2.1752575e-09
1364.665746307671,2.1665278e-09
1366.0338253084765,2.158592e-09
1367.4032758133035,2.1514497e-09
1368.7740991920555,2.1419264e-09
1370.146296824636,2.1324031e-09
1371.5198700909486,2.126848e-09
1372.8948203608977,2.120499e-09
1374.2711490143863,2.110976e-09
1375.6488574513169,2.1038336e-09
1377.0279470315936,2.0974849e-09
1378.4084191551192,2.091136e-09
1379.7902752017967,2.0839934e-09
1381.1735165615291,2.0768511e-09
1382.5581446242188,2.0689153e-09
1383.944160779769,2.0617728e-09
1385.3315664180818,2.0546302e-09
1386.7203629290607,2.047488e-09
1388.110551712607,2.0403454e-09
1389.5021341586234,2.0324096e-09
1390.8951116670132,2.025267e-09
1392.289485637677,2.0173312e-09
1393.6852574705172,2.009395e-09
1395.0824285654362,2.0022528e-09
1396.481000332335,1.9959039e-09
1397.8809741611167,1.9895552e-09
1399.282351471682,1.981619e-09
1400.685133663932,1.9744768e-09
1402.0893221377694,1.968128e-09
1403.4949183230945,1.9609856e-09
1404.9019236198085,1.9538433e-09
1406.3103394378134,1.9467008e-09
1407.7201671870102,1.940352e-09
1409.1314082972988,1.9332096e-09
1410.5440641785808,1.9260673e-09
1411.958136250757,1.9189248e-09
1413.3736259337275,1.9117823e-09
1414.7905346373936,1.9054336e-09
1416.208863801655,1.8982913e-09
1417.628614836413,1.8911488e-09
1419.0497891815667,1.8847999e-09
1420.472388247017,1.8776576e-09
1421.8964134726639,1.8713089e-09
1423.321866288407,1.8641664e-09
1424.748748124146,1.8578175e-09
1426.177060399782,1.8514689e-09
1427.6068045652128,1.8443264e-09
1429.0379820603384,1.8379775e-09
1430.4705943050594,1.8308353e-09
1431.9046427392743,1.8244863e-09
1433.3401288128825,1.8181376e-09
1434.777053965783,1.8117887e-09
1436.2154196378742,1.80544e-09
1437.6552272690567,1.7982976e-09
1439.096478309228,1.7879808e-09
1440.539174208287,1.7768703e-09
1441.9833164161323,1.7697279e-09
1443.428906372663,1.76576e-09
1444.875945537777,1.7633792e-09
1446.3244353513737,1.7594113e-09
1447.774377293349,1.753856e-09
1449.2257727936035,1.7467137e-09
1450.6786233220341,1.7403647e-09
1452.1329303285393,1.7332223e-09
1453.5886952930152,1.7236992e-09
1455.0459196553618,1.7165568e-09
1456.5046048854751,1.714176e-09
1457.9647524532536,1.710208e-09
1459.426363818594,1.7038592e-09
1460.889440451394,1.6975104e-09
1462.3539838215509,1.690368e-09
1463.8199953889616,1.682432e-09
1465.2874766435232,1.678464e-09
1466.7564290451323,1.6737024e-09
1468.2268540836853,1.6681472e-09
1469.6987532190801,1.6625921e-09
1471.172127931213,1.6570367e-09
1472.6469797099796,1.6506879e-09
1474.1233100252766,1.6443392e-09
1475.6011203570015,1.6379904e-09
1477.0804122050486,1.6316416e-09
1478.5611870393152,1.6252928e-09
1480.0434463596966,1.6205313e-09
1481.5271916360891,1.6157696e-09
1483.0124243783882,1.6102143e-09
1484.4991460564904,1.6038655e-09
1485.987358190289,1.5975168e-09
1487.4770622496817,1.5895808e-09
1488.9682597345636,1.5856128e-09
1490.4609521548284,1.5824384e-09
1491.9551410003724,1.5776768e-09
1493.4508277710904,1.5721215e-09
1494.9480139668776,1.5665663e-09
1496.4467010976286,1.5602176e-09
1497.9468906532384,1.5546624e-09
1499.4485841636006,1.5499008e-09
1500.95178311861,1.5443457e-09
1502.4564890281622,1.5364097e-09
1503.9627034121504,1.5292672e-09
1505.4704277804683,1.5252992e-09
1506.9796636430103,1.5221248e-09
1508.4904125096718,1.5165696e-09
1510.002675910345,1.5110144e-09
1511.5164553549241,1.5062528e-09
1513.0317523633032,1.5006976e-09
1514.548568465375,1.4951423e-09
1516.0669051710338,1.4903807e-09
1517.5867640101724,1.4848256e-09
1519.1081465126838,1.4784768e-09
1520.6310541984622,1.4737151e-09
1522.1554886073989,1.4689536e-09
1523.6814512593883,1.4633984e-09
1525.2089436943222,1.4554624e-09
1526.7379674420936,1.4491136e-09
1528.2685240325955,1.4459391e-09
1529.8006150057201,1.4427648e-09
1531.334241911359,1.436416e-09
1532.8694062794057,1.4268928e-09
1534.4061096397518,1.4181633e-09
1535.9443535622886,1.4157824e-09
1537.484139566909,1.416576e-09
1539.0254692035053,1.4134016e-09
1540.5683440319679,1.4054656e-09
1542.1127656021881,1.3919744e-09
1543.6587354440592,1.3784831e-09
1545.2062551274714,1.3761025e-09
1546.755326202316,1.3808641e-09
1548.3059502184844,1.3832447e-09
1549.8581287458671,1.3816576e-09
1551.411863324356,1.3737216e-09
1552.9671555238417,1.3586432e-09
1554.5240069142137,1.3364223e-09
1556.082419045364,1.3221375e-09
1557.6423934871827,1.3284863e-09
1559.2039317995605,1.3411839e-09
1560.7670355623868,1.3475328e-09
1562.3317063355528,1.3475328e-09
1563.8979456989475,1.3419776e-09
1565.465755212462,1.3316608e-09
1567.0351364559858,1.3118208e-09
1568.6060910094084,1.2792832e-09
1570.178620442619,1.2530944e-09
1571.7527263455077,1.261824e-09
1573.3284102879634,1.285632e-09
1574.9056738498766,1.3007104e-09
1576.484518631135,1.305472e-09
1578.0649462016283,1.3062657e-09
1579.6469581512456,1.3030912e-09
1581.2305560698755,1.2967425e-09
1582.815741547407,1.2840449e-09
1584.402516173729,1.261824e-09
1585.9908815387296,1.222144e-09
1587.5808392522963,1.1761152e-09
1589.1723908943188,1.1713536e-09
1590.7655380746846,1.2078593e-09
1592.3602823832816,1.2396031e-09
1593.956625419999,1.2546817e-09
1595.5545687947233,1.2602368e-09
1597.154114117342,1.2610304e-09
1598.755262977744,1.2586496e-09
1600.358016995816,1.253888e-09
1601.9623777714457,1.2475392e-09
1603.56834692452,1.2396031e-09
1605.1759260649262,1.2253183e-09
1606.7851168025516,1.2007167e-09
1608.3959207572825,1.1570688e-09
1610.008339539007,1.0967551e-09
1611.622374777611,1.0729472e-09
1613.2380280929801,1.1134208e-09
1614.8553010950027,1.1602432e-09
1616.4741954235633,1.1872257e-09
1618.0947126885499,1.1991296e-09
1619.7168545298475,1.2038912e-09
1621.3406225673425,1.2046848e-09
1622.9660184309212,1.2030976e-09
1624.5930437604684,1.2007167e-09
1626.221700175871,1.1967488e-09
1627.8519893270134,1.1919872e-09
1629.4839128437818,1.186432e-09
1631.1174723760612,1.1792896e-09
1632.752669543737,1.1689728e-09
1634.3895059966944,1.1531008e-09
1636.027983384818,1.1284992e-09
1637.668103347993,1.0864384e-09
1639.3098675261049,1.0245376e-09
1640.953277589036,9.824768e-10
1642.5983351566736,1.0102528e-09
1644.2450419089005,1.0650112e-09
1645.8933994756017,1.1007232e-09
1647.5434095366604,1.1189759e-09
1649.1950737219618,1.1277056e-09
1650.8483937113892,1.13088e-09
1652.5033711548267,1.1316735e-09
1654.1600077121577,1.1300864e-09
1655.818305043267,1.1277056e-09
1657.4782648280366,1.1245311e-09
1659.13988872635,1.1205632e-09
1660.8031783980912,1.1173888e-09
1662.4681355231435,1.1126272e-09
1664.1347617613892,1.1078656e-09
1665.8030588027113,1.103104e-09
1667.473028316992,1.0975488e-09
1669.1446719741152,1.0912e-09
1670.8179914539633,1.0824703e-09
1672.4929884364183,1.07136e-09
1674.1696646113624,1.0562816e-09
1675.8480216586775,1.0316801e-09
1677.5280612482468,9.927935e-10
1679.2097850899515,9.340672e-10
1680.8931948536738,8.9438723e-10
1682.5782922492942,9.213696e-10
1684.2650789466963,9.729536e-10
1685.95355665576,1.0070784e-09
1687.6437270663673,1.0229504e-09
1689.3355918683992,1.0300928e-09
1691.0291527717375,1.0348543e-09
1692.7244114662624,1.0364416e-09
1694.4213696618554,1.035648e-09
1696.1200290683964,1.0332672e-09
1697.8203913757673,1.0300928e-09
1699.5224582938474,1.0269184e-09
1701.2262315425178,1.023744e-09
1702.931712821659,1.0205696e-09
1704.6389038511506,1.0166016e-09
1706.3478063408727,1.0134272e-09
1708.0584220107053,1.0086656e-09
1709.7707525705287,1.003904e-09
1711.4847997502218,1.0007296e-09
1713.2005652596645,9.975551e-10
1714.918050818737,9.943808e-10
1716.6372581673177,9.896193e-10
1718.3581890252856,9.856512e-10
1720.0808451125206,9.808896e-10
1721.8052281689013,9.753344e-10
1723.5313399143067,9.697791e-10
1725.259182098615,9.634303e-10
1726.9887564417052,9.547008e-10
1728.7200646834565,9.435904e-10
1730.4531085637457,9.2692476e-10
1732.1878898224525,8.991488e-10
1733.924410199454,8.539136e-10
1735.6626714446288,8.031232e-10
1737.4026752978543,7.999488e-10
1739.1444235090084,8.443904e-10
1740.887917827968,8.832768e-10
1742.6331599946127,9.031168e-10
1744.3801517688182,9.118464e-10
1746.1288949104617,9.150208e-10
1747.8793911594214,9.174016e-10
1749.6316422855734,9.1660796e-10
1751.385650048795,9.150208e-10
1753.141416208962,9.1343355e-10
1754.8989425259526,9.110528e-10
1756.6582307596427,9.0867197e-10
1758.419282689908,9.054976e-10
1760.1821000666257,9.023232e-10
1761.9466846796713,8.983552e-10
1763.7130382889213,8.951808e-10
1765.481162664251,8.920064e-10
1767.251059595537,8.896256e-10
1769.0227308426545,8.864512e-10
1770.7961781954787,8.840704e-10
1772.571403423886,8.801024e-10
1774.3484083277501,8.76928e-10
1776.1271946769475,8.7296e-10
1777.9077642613524,8.697856e-10
1779.6901188708403,8.6661117e-10
1781.4742602852862,8.634368e-10
1783.2601903145633,8.602624e-10
1785.0479107385477,8.57088e-10
1786.837423347113,8.539136e-10
1788.6287299501337,8.507392e-10
1790.4218323374837,8.475648e-10
1792.216732319037,8.443904e-10
1794.013431674669,8.41216e-10
1795.811932234251,8.380416e-10
1797.6122357976574,8.340736e-10
1799.4143441547633,8.3010554e-10
1801.21825913544,8.2375673e-10
1803.023982539562,8.189952e-10
1804.8315161870019,8.1661444e-10
1806.640861887633,8.110592e-10
1808.4520214613276,8.039168e-10
1810.2649967279588,7.9359996e-10
1812.0797894974,7.77728e-10
1813.896401599523,7.5066625e-10
1815.7148348542,7.08288e-10
1817.5350911013027,6.749568e-10
1819.3571721507042,6.9186046e-10
1821.1810798322767,7.3003265e-10
1823.006815995891,7.5415807e-10
1824.83438245142,7.6645884e-10
1826.663781048734,7.731251e-10
1828.4950136177058,7.756646e-10
1830.3280820082052,7.7526785e-10
1832.162988040105,7.7344253e-10
1833.999733573275,7.7209344e-10
1835.8383204475867,7.705062e-10
1837.6787505129105,7.6812545e-10
1839.5210255991185,7.6558593e-10
1841.3651475760796,7.6288764e-10
1843.211118283665,7.601101e-10
1845.058939581745,7.573325e-10
1846.9086133201895,7.544755e-10
1848.7601413588689,7.516979e-10
1850.6135255576528,7.486822e-10
1852.468767776411,7.4542844e-10
1854.3258698750135,7.4209533e-10
1856.1848337233293,7.389209e-10
1858.0456611912277,7.359846e-10
1859.908354128579,7.327309e-10
1861.772914425251,7.286041e-10
1863.6393439411142,7.2415995e-10
1865.5076445560358,7.188429e-10
1867.3778181498853,7.113037e-10
1869.2498665925314,6.998758e-10
1871.1237917638425,6.801152e-10
1872.9995955436873,6.4472067e-10
1874.8772798319326,6.0678657e-10
1876.7568464884484,6.144845e-10
1878.638297413102,6.515456e-10
1880.5216345057597,6.752742e-10
1882.4068596362915,6.8551165e-10
1884.2939747045637,6.890829e-10
1886.1829816204431,6.905907e-10
1888.0738822537987,6.908288e-10
1889.9666785244963,6.896384e-10
1891.8613723224034,6.871782e-10
1893.7579655573861,6.849561e-10
1895.6564601293126,6.8360706e-10
1897.5568579380486,6.818611e-10
1899.4591609034608,6.7963907e-10
1901.3633709254152,6.773376e-10
1903.269489923778,6.7487743e-10
1905.177519808416,6.724966e-10
1907.0874624991943,6.7003647e-10
1908.999319905979,6.6749695e-10
1910.9130939486365,6.650368e-10
1912.828786557031,6.624973e-10
1914.7463996510285,6.5995776e-10
1916.6659351504948,6.5741823e-10
1918.5873949852948,6.547993e-10
1920.510781085293,6.521805e-10
1922.436095380355,6.494822e-10
1924.3633398103445,6.4670463e-10
1926.2925163051264,6.437683e-10
1928.2236268045658,6.406733e-10
1930.1566732385263,6.374195e-10
1932.0916575568729,6.336103e-10
1934.0285816894693,6.28928e-10
1935.9674476061784,6.2265854e-10
1937.9082572268658,6.1337346e-10
1939.8510125213936,5.984538e-10
1941.7957154196263,5.7289984e-10
1943.7423678914265,5.402035e-10
1945.6909718866577,5.332992e-10
1947.641529355183,5.5940863e-10
1949.594042256866,5.8345473e-10
1951.5485125615685,5.9575556e-10
1953.5049422191537,6.0123134e-10
1955.4633331994844,6.032947e-10
1957.4236874724222,6.0345345e-10
1959.3860070078292,6.027392e-10
1961.350293765569,6.0139005e-10
1963.3165497255025,5.998029e-10
1965.2847768574918,5.9797756e-10
1967.2549771413983,5.961523e-10
1969.2271525470846,5.9408894e-10
1971.2013050644107,5.917081e-10
1973.1774366732386,5.894861e-10
1975.1555493534297,5.876608e-10
1977.1356450948451,5.856768e-10
1979.1177258873447,5.8361344e-10
1981.10179372079,5.814707e-10
1983.0878505750418,5.7932803e-10
1985.0758984599602,5.771853e-10
1987.0659393654053,5.7512195e-10
1989.0579752912372,5.729792e-10
1991.0520082273165,5.708365e-10
1993.0480401935029,5.6869376e-10
1995.046073179656,5.666304e-10
1997.0461091956358,5.644877e-10
1999.0481502513012,5.6242433e-10
2001.0521983465126,5.602816e-10
2003.058255511128,5.5821825e-10
2005.0663237550064,5.560755e-10
2007.076405078008,5.5401217e-10
2009.0885015199901,5.5202815e-10
2011.1026150808125,5.499648e-10
2013.118747800333,5.4782207e-10
2015.1369016984097,5.457587e-10
2017.1570787949015,5.437747e-10
2019.1792811196663,5.4171134e-10
2021.203510702562,5.39648e-10
2023.229769583446,5.37664e-10
2025.2580597821766,5.3568e-10
2027.2883833486112,5.336166e-10
2029.3207423226058,5.3155325e-10
2031.3551387340194,5.295693e-10
2033.391574632708,5.2766463e-10
2035.430052058529,5.2568067e-10
2037.470573061339,5.2369664e-10
2039.5131396809954,5.217126e-10
2041.5577539873525,5.19808e-10
2043.6044180202691,5.179034e-10
2045.6531338296002,5.1591936e-10
2047.7039034852016,5.140147e-10
2049.75672903693,5.1203075e-10
2051.8116125446413,5.1012605e-10
2053.86855607819,5.0822146e-10
2055.927561707432,5.0631677e-10
2057.988631482224,5.044121e-10
2060.051767492418,5.0242815e-10
2062.116971787873,5.005235e-10
2064.184246458441,4.9861887e-10
2066.253593573978,4.967936e-10
2068.3250152143382,4.949683e-10
2070.3985134593763,4.930637e-10
2072.474090378947,4.912384e-10
2074.5517480729036,4.894131e-10
2076.6314886211003,4.875878e-10
2078.7133141133913,4.8576254e-10
2080.7972266396296,4.839373e-10
2082.8832282796707,4.82112e-10
2084.9713211533654,4.802867e-10
2087.061507330569,4.7846144e-10
2089.1537889311335,4.766362e-10
2091.2481680349133,4.747315e-10
2093.34464676176,4.729856e-10
2095.4432272215254,4.7131904e-10
2097.5439114940646,4.6957316e-10
2099.646701719228,4.6766846e-10
2101.7515999868683,4.656845e-10
2103.8586084168383,4.6393855e-10
2105.967729128989,4.624307e-10
2108.0789642331733,4.6076418e-10
2110.1923158492427,4.5901824e-10
2112.3077861070474,4.5719295e-10
2114.42537712644,4.553677e-10
2116.5450910372706,4.5346304e-10
2118.666929959392,4.5147902e-10
2120.790896032653,4.4965376e-10
2122.916991376907,4.482253e-10
2125.045218142002,4.4632062e-10
2127.1755784477896,4.4449533e-10
2129.308074444121,4.4306686e-10
2131.442708280844,4.4155904e-10
2133.579482077811,4.3997184e-10
2135.7183979948713,4.3814657e-10
2137.859458181874,4.3632128e-10
2140.002664788668,4.346547e-10
2142.1480199551047,4.3282944e-10
2144.2955258410325,4.3100415e-10
2146.4451846063,4.290995e-10
2148.596998410756,4.2703616e-10
2150.75096941425,4.2473472e-10
2152.907099766631,4.2203646e-10
2155.0653916477468,4.18624e-10
2157.2258472174453,4.140211e-10
2159.3884686455763,4.0679934e-10
2161.5532581019866,3.9457793e-10
2163.7202177665245,3.751347e-10
2165.8893498090374,3.6132608e-10
2168.0606564093728,3.7108736e-10
2170.234139747379,3.878323e-10
2172.409802002903,3.9743486e-10
2174.5876453657906,4.0164094e-10
2176.767672015891,4.0322815e-10
2178.94988414305,4.0338688e-10
2181.134283947114,4.0299009e-10
2183.3208736079296,4.0211712e-10
2185.509655335343,4.0108544e-10
2187.7006313192005,3.9981568e-10
2189.8938037493485,3.9854592e-10
2192.089174845633,3.9727616e-10
2194.2867467979,3.9584766e-10
2196.4865218259943,3.9449857e-10
2198.688502119762,3.9307008e-10
2200.892689909047,3.9164158e-10
2203.0990874036956,3.9013376e-10
2205.3076968035534,3.886259e-10
2207.518520348464,3.8719744e-10
2209.731560238273,3.8584833e-10
2211.9468187028237,3.8441983e-10
2214.1642979719622,3.8283263e-10
2216.3840002655306,3.8108672e-10
2218.605927813375,3.7989634e-10
2220.830082845338,3.7870593e-10
2223.0564675912633,3.7735678e-10
2225.2850842909957,3.7592832e-10
2227.5159351843768,3.7449985e-10
2229.749022511252,3.7307135e-10
2231.9843485114616,3.7172224e-10
2234.221915424851,3.7029377e-10
2236.461725501262,3.6886527e-10
2238.703780990538,3.6751616e-10
2240.9480841425197,3.6616704e-10
2243.194637207052,3.6473854e-10
2245.4434424439746,3.6338943e-10
2247.69450212313,3.6204034e-10
2249.947818484361,3.6061185e-10
2252.2033937975098,3.5926273e-10
2254.461230322416,3.5783426e-10
2256.721330338922,3.5648512e-10
2258.9836961068695,3.5521536e-10
2261.2483298960983,3.5386624e-10
2263.5152339864503,3.5251713e-10
2265.7844106477655,3.5124736e-10
2268.0558621598852,3.4989822e-10
2270.3295908126493,3.485491e-10
2272.605598875898,3.4727937e-10
2274.8838886394715,3.460096e-10
2277.1644623932098,3.4466047e-10
2279.4473224169537,3.4339073e-10
2281.7324710205407,3.4204162e-10
2284.0199104838116,3.4077183e-10
2286.3096431066056,3.3958145e-10
2288.601671198761,3.3823233e-10
2290.895997040118,3.3696254e-10
2293.1926229505148,3.356928e-10
2295.4915512297894,3.345024e-10
2297.7927841877813,3.3323264e-10
2300.0963241343284,3.3204223e-10
2302.402173379269,3.307725e-10
2304.7103342524397,3.2958208e-10
2307.0208090436813,3.2831232e-10
2309.3336001028288,3.271219e-10
2311.648709729721,3.2585215e-10
2313.9661402541947,3.2466174e-10
2316.2858940160872,3.2347136e-10
2318.6079733252354,3.2228095e-10
2320.9323805214767,3.2109054e-10
2323.2591179446467,3.1990016e-10
2325.5881879145836,3.1870975e-10
2327.9195927911223,3.1751934e-10
2330.2533348940997,3.1632894e-10
2332.589416583351,3.1513853e-10
2334.9278401987126,3.1394817e-10
2337.2686080800213,3.1275776e-10
2339.6117225871108,3.116467e-10
2341.957186069817,3.1045633e-10
2344.3050008779765,3.0926592e-10
2346.6551693814217,3.081549e-10
2349.0076939199907,3.0696448e-10
2351.3625768735155,3.0585343e-10
2353.7198206018325,3.047424e-10
2356.079427474773,3.0355202e-10
2358.4413998421755,3.0244096e-10
2360.805740103871,3.0132993e-10
2363.172450609695,3.0021888e-10
2365.5415337494796,2.9902847e-10
2367.9129918930607,2.979174e-10
2370.2868274302696,2.968064e-10
2372.6630427409405,2.9569536e-10
2375.0416402149053,2.9458433e-10
2377.4226222219986,2.9347327e-10
2379.8059911820524,2.924416e-10
2382.1917494648983,2.9133057e-10
2384.5798994703696,2.9021952e-10
2386.9704435982985,2.891085e-10
2389.3633842585164,2.8799743e-10
2391.7587238408564,2.8696576e-10
2394.1564647451496,2.8585473e-10
2396.5566094012265,2.8482303e-10
2398.95916019892,2.83712e-10
2401.3641195480614,2.8260094e-10
2403.77148987848,2.8148991e-10
2406.181273610008,2.8045824e-10
2408.5934731424754,2.7950592e-10
2411.0080909057137,2.7839486e-10
2413.4251293295524,2.7728383e-10
2415.844590843821,2.761728e-10
2418.2664778583517,2.7522046e-10
2420.690792822972,2.7426816e-10
2423.117538167513,2.732365e-10
2425.546716331803,2.722048e-10
2427.978329745674,2.7101438e-10
2430.4123808489517,2.6990335e-10
2432.8488721014664,2.6887167e-10
2435.287805933048,2.679987e-10
2437.7291847935244,2.6712574e-10
2440.173011152723,2.6617344e-10
2442.6192874404737,2.650624e-10
2445.068016126604,2.6379263e-10
2447.5191996609424,2.625229e-10
2449.972840513315,2.614912e-10
2452.428941143551,2.6077696e-10
2454.887504021477,2.6006272e-10
2457.3485316069214,2.592691e-10
2459.81202637971,2.583168e-10
2462.2779908096695,2.571264e-10
2464.7464273666283,2.557773e-10
2467.2173385304122,2.5426944e-10
2469.690726790847,2.5299968e-10
2472.166594627759,2.5228544e-10
2474.6449445209746,2.5188862e-10
2477.1257789703195,2.5141247e-10
2479.60910045562,2.5069824e-10
2482.0949114667005,2.4982527e-10
2484.5832145133872,2.4871424e-10
2487.0740120855053,2.4752383e-10
2489.5673066828804,2.4593663e-10
2492.0631008153346,2.4411137e-10
2494.5613969826954,2.4252417e-10
2497.062197694786,2.4188926e-10
2499.5655054614313,2.4188926e-10
2502.0713227924552,2.4180993e-10
2504.579652217681,2.414131e-10
2507.0904962369336,2.4069888e-10
2509.603857380036,2.399053e-10
2512.119738176811,2.3895297e-10
2514.638141147083,2.378419e-10
2517.159068820674,2.364928e-10
2519.682523717407,2.347469e-10
2522.208508387106,2.3236607e-10
2524.737025359592,2.2998528e-10
2527.2680771746877,2.2919168e-10
2529.8016663722155,2.2982656e-10
2532.337795491998,2.3038209e-10
2534.8764670938554,2.3046143e-10
2537.4176837076116,2.3006463e-10
2539.9614478930857,2.2950912e-10
2542.5077622101003,2.2879489e-10
2545.056629208477,2.2792192e-10
2547.6080514480345,2.2696958e-10
2550.162031488596,2.2593791e-10
2552.718571899981,2.2466817e-10
2555.2776752520094,2.2316031e-10
2557.839344104502,2.2093824e-10
2560.4035810272794,2.1776385e-10
2562.9703886001607,2.1451008e-10
2565.5397694129642,2.1379584e-10
2568.111726025512,2.1538304e-10
2570.6862610176217,2.1681151e-10
2573.2633769991135,2.1736704e-10
2575.8430765398043,2.1728769e-10
2578.4253622295155,2.1689088e-10
2581.010236658065,2.1625601e-10
2583.5977024352687,2.154624e-10
2586.187762140948,2.1474815e-10
2588.7804183949193,2.1403392e-10
2591.375673787001,2.1316096e-10
2593.9735309170105,2.1220864e-10
2596.5739924147647,2.1117696e-10
2599.1770608700826,2.099072e-10
2601.7827389027793,2.0832e-10
2604.391029132673,2.0617728e-10
2607.0019341795796,2.0292351e-10
2609.6154566633168,1.9832064e-10
2612.2315992037,1.9474944e-10
2614.8503644305456,1.9514625e-10
2617.47175496367,1.9625729e-10
2620.095773452889,1.9387647e-10
2622.722422528016,1.8681343e-10
2625.3517048188696,1.8030592e-10
2627.983622965264,1.837184e-10
2630.6181796070146,1.9094017e-10
2633.255377403935,1.9514625e-10
2635.8952189958404,1.9689216e-10
2638.5377070225472,1.9752702e-10
2641.182844153867,1.9752702e-10
2643.830633039615,1.9728896e-10
2646.4810763296055,1.9681279e-10
2649.134176693653,1.9625729e-10
2651.7899368015687,1.9554304e-10
2654.4483593031687,1.9474944e-10
2657.109446888264,1.9395584e-10
2659.7732022066684,1.9292416e-10
2662.4396279381963,1.9149568e-10
2665.108726772658,1.8959104e-10
2667.780501379868,1.8689279e-10
2670.4549544496367,1.8236927e-10
2673.132088651777,1.7681409e-10
2675.811906696101,1.7498879e-10
2678.4944112524204,1.7856e-10
2681.1796050205467,1.822899e-10
2683.8674907102904,1.8427392e-10
2686.5580710014638,1.8498815e-10
2689.251348593878,1.8506752e-10
2691.947326217342,1.8482944e-10
2694.646006551668,1.8443264e-10
2697.347392316667,1.8387711e-10
2700.051486222148,1.8332161e-10
2702.75829098792,1.8268671e-10
2705.467809323795,1.8197248e-10
2708.1800439595813,1.813376e-10
2710.894997615088,1.8078207e-10
2713.612673010126,1.801472e-10
2716.333072884503,1.7943297e-10
2719.056199958028,1.7879807e-10
2721.7820569705104,1.7808383e-10
2724.5106466617576,1.7736959e-10
2727.241971761578,1.7665536e-10
2729.976035019781,1.7594112e-10
2732.7128391761744,1.7522689e-10
2735.452386990564,1.7443327e-10
2738.194681202758,1.7356032e-10
2740.9397245625655,1.7252864e-10
2743.6875198297917,1.7133824e-10
2746.4380697742436,1.6975103e-10
2749.1913771457293,1.6752896e-10
2751.947444704055,1.6395775e-10
2754.706275229026,1.5864063e-10
2757.467871490448,1.5403775e-10
2760.232236248129,1.5522816e-10
2762.9993722818745,1.5959296e-10
2765.769282371489,1.6260865e-10
2768.541969306778,1.6411648e-10
2771.3174358575475,1.64672e-10
2774.0956848236015,1.64672e-10
2776.876718984746,1.6443391e-10
2779.660541140783,1.6403712e-10
2782.4471540715203,1.6356096e-10
2785.2365605867603,1.6308481e-10
2788.028763496307,1.6252928e-10
2790.823765579965,1.6197375e-10
2793.621569657538,1.6133887e-10
2796.422178548827,1.6078336e-10
2799.2255950436393,1.6014848e-10
2802.0318219617748,1.5959296e-10
2804.8408621330364,1.5895807e-10
2807.6527183772278,1.5840257e-10
2810.467393504152,1.5776767e-10
2813.2848903436097,1.5721216e-10
2816.105211725405,1.5657728e-10
2818.928360489337,1.5602175e-10
2821.7543394552094,1.5538688e-10
2824.5831514728234,1.5475199e-10
2827.414799381979,1.5419649e-10
2830.2492860124785,1.535616e-10
2833.086614224123,1.5300608e-10
2835.9267868567117,1.523712e-10
2838.769806770047,1.5165695e-10
2841.6156768139267,1.5102208e-10
2844.4643998481524,1.5046657e-10
2847.315978732524,1.4983167e-10
2850.1704163168415,1.4911744e-10
2853.0277154909018,1.4832384e-10
2855.887879104507,1.4745087e-10
2858.7509100274565,1.4633983e-10
2861.6168111495463,1.4483201e-10
2864.485585340577,1.4260992e-10
2867.3572354903463,1.3895936e-10
2870.2317644586533,1.3388032e-10
2873.1091751552954,1.3110271e-10
2875.9894704500703,1.3388032e-10
2878.8726532527758,1.3776895e-10
2881.7587264432095,1.3983233e-10
2884.647692931168,1.4078463e-10
2887.539555606449,1.4102272e-10
2890.4343173788498,1.40864e-10
2893.331981158165,1.4054656e-10
2896.2325498441933,1.4022912e-10
2899.1360263567294,1.3983233e-10
2902.0424136055703,1.3943552e-10
2904.951714510511,1.3895936e-10
2907.8639319913477,1.3840384e-10
2910.779068977876,1.3792768e-10
2913.6971283898897,1.3737217e-10
2916.618113157185,1.3681664e-10
2919.5420262195557,1.3634048e-10
2922.4688705067983,1.3586432e-10
2925.3986489587046,1.3538816e-10
2928.3313645250696,1.3483265e-10
2931.267020135689,1.3435647e-10
2934.205618740355,1.3388032e-10
2937.147163298861,1.333248e-10
2940.091656751001,1.3284863e-10
2943.0391020665675,1.3229312e-10
2945.9895022053533,1.3181696e-10
2948.942860117151,1.313408e-10
2951.899178771755,1.3078527e-10
2954.858461148955,1.3030911e-10
2957.820710198545,1.2983296e-10
2960.785928910316,1.2927744e-10
2963.7541202640587,1.2880128e-10
2966.7252872195677,1.2832511e-10
2969.6994327866305,1.2784895e-10
2972.6765599350397,1.2729344e-10
2975.6566716545863,1.2681728e-10
2978.639770935062,1.2634112e-10
2981.6258607862546,1.2586496e-10
2984.614944187957,1.253888e-10
2987.607024149957,1.2491264e-10
2990.602103672046,1.2435712e-10
2993.600185774012,1.2388096e-10
2996.601273455646,1.234048e-10
2999.605369726736,1.2292864e-10
3002.6124776070706,1.2245248e-10
3005.62260012644,1.2189695e-10
3008.6357402846315,1.214208e-10
3011.651901121435,1.2086528e-10
3014.671085666636,1.2030976e-10
3017.693296950024,1.1967488e-10
3020.7185380013866,1.1904e-10
3023.74681186051,1.1816703e-10
3026.778121567184,1.1713536e-10
3029.812470161194,1.154688e-10
3032.8498607023266,1.1277056e-10
3035.8902962203683,1.08643844e-10
3038.9337797851063,1.0586623e-10
3041.980314446326,1.0769152e-10
3045.0299032638136,1.11024634e-10
3048.082549297355,1.12849924e-10
3051.138255606736,1.1356416e-10
3054.1970252717406,1.1380224e-10
3057.2588613521557,1.1372288e-10
3060.3237669277655,1.1348479e-10
3063.3917450683543,1.1316736e-10
3066.462798873705,1.12849924e-10
3069.5369314036056,1.12453116e-10
3072.614145757838,1.1205632e-10
3075.6944450261853,1.11659515e-10
3078.7778322884315,1.1126272e-10
3081.864310664361,1.1078656e-10
3084.953883233755,1.1038976e-10
3088.046553096399,1.0999296e-10
3091.142323372073,1.0959616e-10
3094.2411971505626,1.0919936e-10
3097.343177561647,1.087232e-10
3100.44826771511,1.08326396e-10
3103.5564707207322,1.079296e-10
3106.6677896982965,1.075328e-10
3109.782227787584,1.07136e-10
3112.899788098375,1.06659834e-10
3116.0204737704516,1.0626304e-10
3119.1442879235947,1.0586623e-10
3122.271233717583,1.0546944e-10
3125.4013142721983,1.0507263e-10
3128.53453273722,1.0459648e-10
3131.67089225243,1.04279044e-10
3134.810395977605,1.0388224e-10
3137.953047052526,1.0348544e-10
3141.0988486469705,1.0308864e-10
3144.2478039107195,1.0269184e-10
3147.3999160035523,1.0229504e-10
3150.5551880852454,1.0189824e-10
3153.7136233355777,1.0150144e-10
3156.875224924328,1.0110464e-10
3160.0399960212726,1.0070784e-10
3163.207939806191,1.003904e-10
3166.3790594588595,9.99936e-11
3169.5533581590557,9.9596796e-11
3172.7308390965572,9.9199995e-11
3175.9115054611398,9.8803195e-11
3179.0953604525803,9.8406394e-11
3182.2824072606545,9.808896e-11
3185.472649085139,9.769216e-11
3188.6660891358097,9.729536e-11
3191.8627306124417,9.689856e-11
3195.062576724811,9.658112e-11
3198.2656306826934,9.618432e-11
3201.471895705862,9.578752e-11
3204.6813750240926,9.547008e-11
3207.89407183716,9.507328e-11
3211.1099893848386,9.467648e-11
3214.329130896902,9.435904e-11
3217.5514996031234,9.396224e-11
3220.777098733277,9.36448e-11
3224.0059315371363,9.324799e-11
3227.2380012444737,9.293056e-11
3230.4733111050637,9.253376e-11
3233.711864368677,9.221632e-11
3236.9536642850876,9.1819524e-11
3240.198714104068,9.150208e-11
3243.4470170953887,9.110528e-11
3246.698576518822,9.070848e-11
3249.9533956241403,9.0391035e-11
3253.211477701113,8.9994234e-11
3256.4728259995136,8.96768e-11
3259.7374438091106,8.928e-11
3263.005334399677,8.896256e-11
3266.276501050981,8.856576e-11
3269.5509470627935,8.816896e-11
3272.8286756948855,8.777216e-11
3276.1096902670256,8.7296e-11
3279.3939940489836,8.6740476e-11
3282.681590350529,8.594688e-11
3285.9724824814302,8.49152e-11
3289.266673731456,8.3328e-11
3292.5641674003764,8.070912e-11
3295.8649668279572,7.809024e-11
3299.1690752939685,7.862989e-11
3302.4764961481774,8.102656e-11
3305.787232690351,8.245504e-11
3309.1012882402583,8.301056e-11
3312.418666147664,8.316928e-11
3315.739369722338,8.308992e-11
3319.0634023140447,8.285184e-11
3322.3907672425516,8.269312e-11
3325.721467867624,8.245504e-11
3329.0555075190287,8.2137595e-11
3332.392889546532,8.182016e-11
3335.7336173098975,8.1582074e-11
3339.077694148892,8.126464e-11
3342.4251234332814,8.09472e-11
3345.7759085228276,8.062975e-11
3349.1300527672975,8.039168e-11
3352.487559556455,8.007424e-11
3355.8484322500635,7.97568e-11
3359.2126742178875,7.9439365e-11
3362.580288839691,7.915366e-11
3365.951279505236,7.88521e-11
3369.325649584287,7.853465e-11
3372.7034024866066,7.819341e-11
3376.0845415819563,7.789978e-11
3379.4690702701005,7.761408e-11
3382.8569919608,7.732839e-11
3386.2483100338186,7.705856e-11
3389.643027918915,7.677286e-11
3393.0411490058527,7.6487164e-11
3396.4426767243926,7.619354e-11
3399.8476144642964,7.5899904e-11
3403.255965665323,7.560627e-11
3406.6677337472343,7.53047e-11
3410.08292211979,7.502694e-11
3413.5015342327515,7.474918e-11
3416.923573495877,7.446349e-11
3420.3490433689267,7.418573e-11
3423.7779472716597,7.390004e-11
3427.210288663835,7.361434e-11
3430.6460709752123,7.332864e-11
3434.0852976655497,7.305088e-11
3437.527972184605,7.278105e-11
3440.974097982137,7.2503295e-11
3444.4236785279036,7.222554e-11
3447.8767172916614,7.1947774e-11
3451.3332177231687,7.167795e-11
3454.793183292184,7.140019e-11
3458.2566174984604,7.1130365e-11
3461.723523791759,7.085261e-11
3465.193905661833,7.058278e-11
3468.6677665884404,7.0312964e-11
3472.145110071335,7.004313e-11
3475.6259396002747,6.978125e-11
3479.1102586550137,6.9511424e-11
3482.598070755307,6.92416e-11
3486.089379380912,6.897971e-11
3489.58418805158,6.871782e-11
3493.0825002670676,6.8455935e-11
3496.5843195571274,6.818611e-11
3500.089649411516,6.792422e-11
3503.5984933699838,6.7662334e-11
3507.1108549522864,6.7408384e-11
3510.6267376681776,6.7154435e-11
3514.1461450674087,6.689254e-11
3517.6690806797324,6.663065e-11
3521.195548044902,6.63767e-11
3524.725550682669,6.6122746e-11
3528.259092162787,6.5868797e-11
3531.7961760150065,6.5622785e-11
3535.3368058090778,6.536883e-11
3538.8809850747552,6.511488e-11
3542.428717391787,6.486093e-11
3545.980006319925,6.460697e-11
3549.5348554089196,6.436096e-11
3553.0932682485204,6.412288e-11
3556.6552483884793,6.387686e-11
3560.2207994285436,6.363878e-11
3563.7899249284646,6.338483e-11
3567.3626284879897,6.313088e-11
3570.93891368687,6.2876926e-11
3574.5187841148527,6.2630914e-11
3578.1022433616877,6.2400765e-11
3581.6892950371207,6.217062e-11
3585.279942740902,6.194842e-11
3588.874190062779,6.171034e-11
3592.4720406224983,6.147226e-11
3596.073498039808,6.122624e-11
3599.678565914454,6.097228e-11
3603.287247876184,6.071833e-11
3606.8995475447446,6.0472315e-11
3610.5154685498806,6.025011e-11
3614.1350145213396,6.0043776e-11
3617.758189088866,5.98295e-11
3621.384995892206,5.961523e-11
3625.015438581104,5.938509e-11
3628.6495207853063,5.9154945e-11
3632.287246164556,5.8916864e-11
3635.928618368599,5.8670846e-11
3639.573641047178,5.840896e-11
3643.222317870038,5.814707e-11
3646.874652496922,5.790899e-11
3650.530648587573,5.7718524e-11
3654.190309821736,5.7535997e-11
3657.8536398691513,5.73376e-11
3661.520642409564,5.7139196e-11
3665.1913211327137,5.693286e-11
3668.8656797083454,5.671859e-11
3672.5437218262,5.6488446e-11
3676.2254511960173,5.625037e-11
3679.910871497541,5.5996416e-11
3683.5999864405103,5.572659e-11
3687.292799724668,5.5440895e-11
3690.9893150597522,5.5163134e-11
3694.6895361555057,5.49568e-11
3698.3934667216668,5.479808e-11
3702.101110487975,5.4647294e-11
3705.812471174171,5.4464766e-11
3709.5275524999943,5.425843e-11
3713.2463581951824,5.402829e-11
3716.9688919994755,5.3758463e-11
3720.6951576526103,5.3433088e-11
3724.425158894326,5.3036287e-11
3728.158899454362,5.2504577e-11
3731.896383102454,5.160781e-11
3735.637613588339,5.005235e-11
3739.3825946517554,4.8504832e-11
3743.1313300624397,4.882227e-11
3746.8838235901285,5.007616e-11
3750.6400789945583,5.0782465e-11
3754.400100045466,5.1107837e-11
3758.163890532585,5.1234815e-11
3761.931454215653,5.1226877e-11
3765.7027948844043,5.114752e-11
3769.477916328575,5.1020542e-11
3773.256822337898,5.0877698e-11
3777.039516712109,5.071104e-11
3780.8260032309427,5.0536447e-11
3784.6162857141326,5.0361854e-11
3788.410367951412,5.017139e-11
3792.2082537625147,4.997299e-11
3796.009946967173,4.9766653e-11
3799.8154513651216,4.954445e-11
3803.6247707860916,4.9306365e-11
3807.437909059816,4.9036542e-11
3811.254870006027,4.8695298e-11
3815.0756574544557,4.8306432e-11
3818.900275254834,4.7996926e-11
3822.728727236893,4.790963e-11
3826.5610172503643,4.7925504e-11
3830.3971491349785,4.7901696e-11
3834.2371267404656,4.78144e-11
3838.0809539365555,4.7687423e-11
3841.9286345729797,4.7544576e-11
3845.780172509466,4.7385852e-11
3849.635571615745,4.7211263e-11
3853.4948357715457,4.7036673e-11
3857.3579688365967,4.686208e-11
3861.2249747006267,4.6679553e-11
3865.0958572433624,4.648909e-11
3868.9706203545343,4.6298625e-11
3872.84926791387,4.6131966e-11
3876.731803821095,4.594944e-11
3880.6182319759387,4.5743104e-11
3884.508556288126,4.5544707e-11
3888.402780647384,4.5330434e-11
3892.300908963442,4.507648e-11
3896.202945166022,4.4751106e-11
3900.108893164852,4.4330494e-11
3904.018756879657,4.383846e-11
3907.9325402401623,4.3536896e-11
3911.8502471760935,4.3600384e-11
3915.7718816071742,4.374323e-11
3919.69744749313,4.3790846e-11
3923.6269487536847,4.374323e-11
3927.5603893485622,4.3640064e-11
3931.4977732174857,4.351309e-11
3935.439104330179,4.3370238e-11
3939.3843866163656,4.3219456e-11
3943.333624065768,4.3060736e-11
3947.2868206181083,4.2894077e-11
3951.243980263109,4.2743295e-11
3955.205106970492,4.2584578e-11
3959.170204699979,4.2425854e-11
3963.1392774512915,4.22592e-11
3967.1123292041502,4.2092545e-11
3971.089363938277,4.193382e-11
3975.0703856633913,4.175923e-11
3979.055398359214,4.1592577e-11
3983.0444060354657,4.1417984e-11
3987.0374127018645,4.125133e-11
3991.0344223581315,4.1068798e-11
3995.035439023984,4.088627e-11
3999.0404667091434,4.068787e-11
4003.0495094433268,4.0449793e-11
4007.062571246252,4.0148225e-11
4011.079656157637,3.9735548e-11
4015.1007681872015,3.915622e-11
4019.1259113946617,3.858483e-11
4023.155089809735,3.850547e-11
4027.1883074821376,3.8791165e-11
4031.225568451587,3.898163e-11
4035.2668767877994,3.8957827e-11
4039.3122365404897,3.8735615e-11
4043.3616517693754,3.8203902e-11
4047.4151265441706,3.707699e-11
4051.472664934591,3.6005633e-11
4055.5342710103523,3.6505597e-11
4059.5999488411685,3.7489664e-11
4063.669702526753,3.7902338e-11
4067.743536146822,3.7981698e-11
4071.821453791087,3.7942014e-11
4075.9034595492626,3.784678e-11
4079.989557521063,3.773568e-11
4084.0797518161985,3.7608704e-11
4088.1740465243843,3.747379e-11
4092.27244578533,3.733888e-11
4096.374953678752,3.720397e-11
4100.481574354358,3.7069056e-11
4104.59231191186,3.692621e-11
4108.707170500969,3.6783358e-11
4112.826154231399,3.6640514e-11
4116.94926724286,3.6505597e-11
4121.076513695057,3.636275e-11
4125.207897707705,3.6211967e-11
4129.343423430514,3.606912e-11
4133.483095033191,3.5918338e-11
4137.626916655446,3.5767552e-11
4141.774892466988,3.5600894e-11
4145.927026637525,3.5426304e-11
4150.083323316767,3.5219966e-11
4154.24378668442,3.4966016e-11
4158.408420930192,3.4608896e-11
4162.577230223792,3.4069247e-11
4166.750218754925,3.334707e-11
4170.927390713299,3.2926464e-11
4175.108750288621,3.321216e-11
4179.294301680594,3.364864e-11
4183.484049088929,3.3870847e-11
4187.677996733328,3.39264e-11
4191.876148813498,3.3902593e-11
4196.078509539141,3.382323e-11
4200.285083139966,3.3728e-11
4204.495873835675,3.3616897e-11
4208.710885855974,3.3505792e-11
4212.930123430564,3.3394686e-11
4217.15359079915,3.326771e-11
4221.381292191437,3.314867e-11
4225.613231857125,3.3021696e-11
4229.849414055917,3.289472e-11
4234.089843027518,3.2775678e-11
4238.334523031629,3.2648703e-11
4242.583458337949,3.252173e-11
4246.836653206184,3.239475e-11
4251.094111906031,3.2275713e-11
4255.355838717192,3.2148735e-11
4259.621837909369,3.202176e-11
4263.892113772262,3.190272e-11
4268.1666705855705,3.1775742e-11
4272.445512658994,3.1656705e-11
4276.728644262232,3.1529727e-11
4281.016069724983,3.1410687e-11
4285.307793326947,3.1291646e-11
4289.603819387821,3.116467e-11
4293.904152227304,3.104563e-11
4298.208796145095,3.092659e-11
4302.51775548089,3.0799616e-11
4306.831034544385,3.0680576e-11
4311.14863768528,3.0561536e-11
4315.470569223269,3.0442496e-11
4319.79683350805,3.031552e-11
4324.12743486932,3.0196477e-11
4328.462377666771,3.007744e-11
4332.801666250102,2.9950462e-11
4337.145304979007,2.9823487e-11
4341.493298203181,2.9688575e-11
4345.845650302316,2.9553665e-11
4350.20236563611,2.9394945e-11
4354.563448584255,2.9220352e-11
4358.928903526445,2.8998142e-11
4363.298734832372,2.8680704e-11
4367.672946901732,2.8204543e-11
4372.051544134214,2.7529984e-11
4376.434530909512,2.7117312e-11
4380.821911627319,2.7395072e-11
4385.213690707325,2.7839488e-11
4389.609872549224,2.8061695e-11
4394.010461562705,2.8133119e-11
4398.415462177458,2.8117248e-11
4402.824878813175,2.8069632e-11
4407.238715889545,2.799027e-11
4411.656977846261,2.7902975e-11
4416.079669113009,2.7807742e-11
4420.506794129481,2.7712511e-11
4424.938357355363,2.7609342e-11
4429.374363220345,2.7506176e-11
4433.814816184117,2.7403009e-11
4438.259720716364,2.729984e-11
4442.709081256777,2.7196672e-11
4447.162902295041,2.7093503e-11
4451.621188290844,2.6990335e-11
4456.083943733872,2.688717e-11
4460.551173083811,2.6784e-11
4465.022880840349,2.6672897e-11
4469.49907148317,2.6569727e-11
4473.979749521962,2.6466558e-11
4478.464919436407,2.636339e-11
4482.954585746192,2.6260225e-11
4487.448752951001,2.6164992e-11
4491.947425560518,2.6061825e-11
4496.450608094427,2.5958655e-11
4500.958305072412,2.5855488e-11
4505.470521024156,2.5752319e-11
4509.987260479342,2.5657088e-11
4514.508527967651,2.5553918e-11
4519.03432803877,2.5458687e-11
4523.564665222376,2.535552e-11
4528.099544078153,2.5260289e-11
4532.638969155781,2.515712e-11
4537.182945004944,2.5061888e-11
4541.731476205318,2.4966657e-11
4546.284567306589,2.4871424e-11
4550.842222888434,2.4768257e-11
4555.404447530532,2.4673024e-11
4559.971245802564,2.4577791e-11
4564.542622294209,2.448256e-11
4569.118581605145,2.4387329e-11
4573.699128315051,2.4292096e-11
4578.284267023606,2.4188929e-11
4582.874002340486,2.4093696e-11
4587.468338875369,2.3998463e-11
4592.067281237934,2.3903232e-11
4596.670834047857,2.3808e-11
4601.279001924813,2.3712768e-11
4605.89178948848,2.36096e-11
4610.509201378532,2.3514368e-11
4615.131242234647,2.34112e-11
4619.7579166865,2.3300096e-11
4624.389229393763,2.3188992e-11
4629.025184986115,2.305408e-11
4633.665788133226,2.2903296e-11
4638.311043494773,2.2689023e-11
4642.9609557304275,2.2363647e-11
4647.615529499864,2.1768448e-11
4652.274769492755,2.114944e-11
4656.938680378774,2.1236736e-11
4661.607266837592,2.1570048e-11
4666.280533558882,2.1395455e-11
4670.958485242315,2.0998656e-11
4675.641126577563,2.1085952e-11
4680.328462254299,2.1482753e-11
4685.020497002188,2.1720833e-11
4689.717235520903,2.1800192e-11
4694.418682520117,2.1808128e-11
4699.124842719496,2.1776383e-11
4703.835720858711,2.1720833e-11
4708.551321657432,2.1657344e-11
4713.271649855324,2.1585919e-11
4717.996710182058,2.150656e-11
4722.726507387303,2.1435137e-11
4727.4610462207265,2.1355775e-11
4732.200331431992,2.1276416e-11
4736.94436779077,2.1197056e-11
4741.693160046728,2.110976e-11
4746.446712969529,2.10304e-11
4751.20503133884,2.095104e-11
4755.968119924329,2.087168e-11
4760.735983515659,2.079232e-11
4765.508626892498,2.071296e-11
4770.286054844506,2.0633599e-11
4775.06827218135,2.0554239e-11
4779.855283702694,2.047488e-11
4784.647094198203,2.0395519e-11
4789.443708487538,2.031616e-11
4794.245131400362,2.02368e-11
4799.051367736338,2.0157438e-11
4803.862422335129,2.007808e-11
4808.678300016399,1.9998721e-11
4813.499005619804,1.9927296e-11
4818.324543985011,1.9847936e-11
4823.1549199616775,1.9768576e-11
4827.990138399465,1.9697152e-11
4832.830204148035,1.9617794e-11
4837.675122067046,1.9538432e-11
4842.524897016157,1.9467008e-11
4847.379533875029,1.9387648e-11
4852.23903751332,1.9316224e-11
4857.10341281069,1.9236866e-11
4861.972664646793,1.916544e-11
4866.846797921292,1.9094016e-11
4871.725817513842,1.9014654e-11
4876.6097283341005,1.8943232e-11
4881.498535271726,1.886387e-11
4886.3922432463705,1.8792449e-11
4891.290857177694,1.8721023e-11
4896.1943819653525,1.86496e-11
4901.102822549,1.8578175e-11
4906.016183838291,1.8506752e-11
4910.934470792882,1.8435326e-11
4915.857688332428,1.8355968e-11
4920.7858413965805,1.8284542e-11
4925.7189349449945,1.821312e-11
4930.656973917323,1.8149633e-11
4935.599963293221,1.8078209e-11
4940.547908012338,1.8006784e-11
4945.500813054328,1.793536e-11
4950.458683388843,1.7863936e-11
4955.421523995537,1.7792512e-11
4960.389339854058,1.7729023e-11
4965.3621359540575,1.76576e-11
4970.339917295187,1.7586176e-11
4975.322688857095,1.7514752e-11
4980.310455659434,1.7451264e-11
4985.303222701852,1.7387777e-11
4990.300994994,1.7316353e-11
4995.303777565522,1.7252864e-11
5000.311575436073,1.718144e-11
5005.324393615298,1.7117953e-11
5010.342237162842,1.7046527e-11
5015.365111098357,1.6975104e-11
5020.39302048149,1.690368e-11
5025.425970341883,1.684019e-11
5030.463965739186,1.6776703e-11
5035.507011733047,1.6713216e-11
5040.555113383107,1.6649727e-11
5045.608275769014,1.658624e-11
5050.666503950412,1.6522752e-11
5055.729803016948,1.6451328e-11
5060.798178038262,1.6387839e-11
5065.871634114002,1.6324352e-11
5070.950176343808,1.6252928e-11
5076.033809807326,1.618944e-11
5081.122539624197,1.6118017e-11
5086.216370904063,1.6046593e-11
5091.315308746569,1.5967231e-11
5096.419358281355,1.5895807e-11
5101.528524638063,1.5816447e-11
5106.642812936331,1.571328e-11
5111.762228315805,1.5578368e-11
5116.886775916119,1.535616e-11
5122.016460876919,1.4983167e-11
5127.151288347843,1.4633985e-11
5132.291263498526,1.4713343e-11
5137.436391478613,1.499904e-11
5142.586677457737,1.5165695e-11
5147.742126605539,1.5205375e-11
5152.902744091658,1.519744e-11
5158.068535105729,1.515776e-11
5163.23950482739,1.5110144e-11
5168.415658456277,1.5054591e-11
5173.597001182028,1.5006975e-11
5178.783538214277,1.495936e-11
5183.975274752659,1.4911744e-11
5189.172216006813,1.4864127e-11
5194.37436721637,1.4808575e-11
5199.581733580967,1.4753023e-11
5204.794320330238,1.4697472e-11
5210.012132713813,1.464192e-11
5215.235175951332,1.4586369e-11
5220.463455302422,1.4530816e-11
5225.696976006719,1.4475263e-11
5230.935743323852,1.4411776e-11
5236.179762503457,1.4356224e-11
5241.429038825165,1.4292735e-11
5246.683577548603,1.4229248e-11
5251.943383963407,1.416576e-11
5257.208463329203,1.41022714e-11
5262.478820945626,1.4038784e-11
5267.754462102301,1.3983232e-11
5273.035392098858,1.3943552e-11
5278.321616234931,1.3903871e-11
5283.6131398101425,1.38562556e-11
5288.909968154121,1.380864e-11
5294.212106566499,1.3753088e-11
5299.5195603769025,1.37054725e-11
5304.832334914955,1.364992e-11
5310.150435520287,1.3602304e-11
5315.473867532522,1.3546751e-11
5320.802636281289,1.34912e-11
5326.136747136212,1.3443585e-11
5331.476205436917,1.3388032e-11
5336.821016553025,1.3332479e-11
5342.171185854165,1.3284864e-11
5347.52671869996,1.3229312e-11
5352.887620470035,1.317376e-11
5358.253896554009,1.31102715e-11
5363.625552341509,1.3046784e-11
5369.002593212157,1.2983296e-11
5374.385024575574,1.2911872e-11
5379.772851831382,1.2848384e-11
5385.166080399202,1.281664e-11
5390.564715678655,1.27848955e-11
5395.968763089367,1.2745216e-11
5401.378228070949,1.2705535e-11
5406.79311604303,1.2665856e-11
5412.213432455222,1.261824e-11
5417.639182737148,1.257856e-11
5423.070372338426,1.2530944e-11
5428.507006708677,1.2483329e-11
5433.949091317514,1.2435712e-11
5439.396631624558,1.2388096e-11
5444.849633089427,1.234048e-11
5450.308101201735,1.2284928e-11
5455.772041431099,1.2237312e-11
5461.2414592671375,1.2189695e-11
5466.716360209463,1.214208e-11
5472.196749737694,1.2094464e-11
5477.6826333614445,1.2046848e-11
5483.174016590328,1.19992315e-11
5488.67090494396,1.1951616e-11
5494.173303921953,1.1896064e-11
5499.681219073919,1.1840512e-11
5505.194655909476,1.178496e-11
5510.71361997823,1.1721473e-11
5516.2381168098,1.1642112e-11
5521.768151963792,1.1570688e-11
5527.303730969821,1.1523072e-11
5532.844859417498,1.1507201e-11
5538.391542836432,1.1491328e-11
5543.943786826233,1.146752e-11
5549.501596936514,1.1435776e-11
5555.064978766882,1.1396096e-11
5560.633937886946,1.1356416e-11
5566.208479896315,1.1316737e-11
5571.7886103946,1.126912e-11
5577.374334971405,1.1229439e-11
5582.965659256338,1.118976e-11
5588.562588839008,1.11421445e-11
5594.165129359022,1.1102464e-11
5599.773286425985,1.1054847e-11
5605.387065679502,1.1015168e-11
5611.006472749181,1.0975488e-11
5616.631513284626,1.0927872e-11
5622.262192935443,1.0888191e-11
5627.898517341233,1.0840575e-11
5633.540492171604,1.0800896e-11
5639.188123086155,1.0761217e-11
5644.841415754497,1.07136e-11
5650.500375866222,1.0673919e-11
5656.165009080943,1.063424e-11
5661.835321108254,1.0586624e-11
5667.511317617762,1.0546944e-11
5673.193004329065,1.0499328e-11
5678.880386931765,1.0451712e-11
5684.573471145464,1.0404096e-11
5690.272262679759,1.0348544e-11
5695.976767264249,1.0285056e-11
5701.6869906185375,1.0197759e-11
5707.402938482218,1.0102527e-11
5713.124616584893,1.0054912e-11
5718.85203067616,1.0062848e-11
5724.5851865156155,1.00707845e-11
5730.324089842857,1.0062848e-11
5736.0687464274815,1.003904e-11
5741.819162039085,1.0007295e-11
5747.575342447263,9.9755525e-12
5753.337293431611,9.943808e-12
5759.105020781726,9.904128e-12
5764.878530287202,9.872384e-12
5770.657827737632,9.832704e-12
5776.44291894261,9.793024e-12
5782.233809711732,9.753344e-12
5788.030505844589,9.713664e-12
5793.833013180774,9.68192e-12
5799.641337539881,9.64224e-12
5805.455484751499,9.60256e-12
5811.275460645222,9.56288e-12
5817.101271070638,9.531135e-12
5822.932921887341,9.491456e-12
5828.770418934921,9.451776e-12
5834.613768082964,9.412096e-12
5840.462975191063,9.380352e-12
5846.318046138808,9.3406715e-12
5852.178986795785,9.300992e-12
5858.045803061585,9.261312e-12
5863.918500815791,9.221632e-12
5869.797085947995,9.181952e-12
5875.681564377781,9.134336e-12
5881.571942004738,9.078784e-12
5887.46822473845,9.00736e-12
5893.3704184985045,8.904192e-12
5899.278529224484,8.713728e-12
5905.192562825979,8.49152e-12
5911.112525262568,8.475648e-12
5917.038422463837,8.6343675e-12
5922.970260389371,8.737536e-12
5928.908044988752,8.753408e-12
5934.851782211565,8.7296e-12
5940.801478057387,8.681984e-12
5946.757138465805,8.594688e-12
5952.718769436398,8.49152e-12
5958.68637694875,8.4439036e-12
5964.659966992439,8.483584e-12
5970.639545567046,8.515327e-12
5976.62511868215,8.523264e-12
5982.616692337332,8.507392e-12
5988.614272542173,8.483584e-12
5994.617865346245,8.459776e-12
6000.627476749134,8.435968e-12
6006.643112790412,8.404224e-12
6012.664779519659,8.37248e-12
6018.69248297645,8.340736e-12
6024.726229210363,8.308992e-12
6030.766024290974,8.277248e-12
6036.81187426786,8.245504e-12
6042.863785210593,8.21376e-12
6048.921763208749,8.182016e-12
6054.985814331903,8.150272e-12
6061.05594466963,8.118528e-12
6067.132160331502,8.086784e-12
6073.214467397092,8.05504e-12
6079.302871985973,8.0232964e-12
6085.397380207718,7.991552e-12
6091.497998181897,7.959808e-12
6097.604732038082,7.931238e-12
6103.717587895844,7.900288e-12
6109.836571894755,7.869338e-12
6115.961690184384,7.839181e-12
6122.092948914301,7.808231e-12
6128.230354244072,7.778073e-12
6134.373912323271,7.747123e-12
6140.523629321463,7.716966e-12
6146.679511428218,7.6868095e-12
6152.8415648130995,7.656652e-12
6159.00979565568,7.626496e-12
6165.184210165522,7.5963385e-12
6171.364814532194,7.566976e-12
6177.55161495526,7.536819e-12
6183.744617654287,7.5074565e-12
6189.943828848839,7.478093e-12
6196.149254758479,7.447936e-12
6202.360901612775,7.418573e-12
6208.578775661285,7.38921e-12
6214.802883123579,7.359846e-12
6221.033230269212,7.32969e-12
6227.269823337752,7.300326e-12
6233.51266859876,7.2701697e-12
6239.761772321795,7.2400124e-12
6246.01714077642,7.2082687e-12
6252.278780252193,7.1757314e-12
6258.546697018677,7.139226e-12
6264.820897385431,7.0979585e-12
6271.101387652012,7.0447875e-12
6277.388174107981,6.969395e-12
6283.681263072896,6.8606718e-12
6289.980660876314,6.7614716e-12
6296.286373817793,6.7654398e-12
6302.59840825689,6.8273408e-12
6308.916770513161,6.8630527e-12
6315.2414669361615,6.8694013e-12
6321.572503875448,6.8606718e-12
6327.909887690577,6.842419e-12
6334.253624731101,6.8209917e-12
6340.603721386575,6.7979775e-12
6346.960184006553,6.7733757e-12
6353.32301900059,6.7487743e-12
6359.692232738235,6.723379e-12
6366.067831619046,6.697984e-12
6372.449822052568,6.671795e-12
6378.838210438358,6.6464e-12
6385.233003185967,6.6202113e-12
6391.634206714942,6.594816e-12
6398.041827464837,6.5694204e-12
6404.455871865201,6.5432317e-12
6410.876346345581,6.517837e-12
6417.303257365529,6.4924416e-12
6423.736611364591,6.4670465e-12
6430.176414812316,6.441651e-12
6436.622674168251,6.4170496e-12
6443.075395911946,6.391654e-12
6449.534586512943,6.366259e-12
6456.000252460792,6.3416572e-12
6462.472400245035,6.317056e-12
6468.9510363652225,6.2916608e-12
6475.436167330893,6.2670594e-12
6481.927799641596,6.242458e-12
6488.425939826873,6.217856e-12
6494.930594396268,6.194048e-12
6501.441769899324,6.1694465e-12
6507.959472855582,6.1456387e-12
6514.483709824586,6.121037e-12
6521.0144873458785,6.0972286e-12
6527.551811978999,6.073421e-12
6534.095690283488,6.049613e-12
6540.646128838884,6.025805e-12
6547.203134214731,6.0019966e-12
6553.766712990565,5.978189e-12
6560.336871765927,5.9551747e-12
6566.913617130354,5.9313665e-12
6573.496955693386,5.908352e-12
6580.086894064556,5.885338e-12
6586.683438853404,5.8623228e-12
6593.286596689467,5.8393086e-12
6599.896374192282,5.816294e-12
6606.512778011381,5.79328e-12
6613.135814776301,5.7702653e-12
6619.765491146576,5.747251e-12
6626.401813771742,5.7242366e-12
6633.044789321331,5.702016e-12
6639.694424464877,5.679795e-12
6646.350725871913,5.6575747e-12
6653.01370023197,5.6353533e-12
6659.683354224582,5.6131324e-12
6666.359694559279,5.590912e-12
6673.042727925591,5.5686913e-12
6679.73246105305,5.547264e-12
6686.428900631187,5.525043e-12
6693.132053409528,5.502029e-12
6699.841926097607,5.4798076e-12
6706.558525444947,5.457587e-12
6713.281858191081,5.433779e-12
6720.011931085532,5.4107647e-12
6726.748750887829,5.386163e-12
6733.492324367499,5.359974e-12
6740.242658274071,5.330611e-12
6746.9997594070655,5.2941054e-12
6753.763634536012,5.2441085e-12
6760.534290460433,5.1655425e-12
6767.311733969855,5.0663423e-12
6774.095971883798,5.033805e-12
6780.887010991788,5.086976e-12
6787.684858133346,5.1322115e-12
6794.489520127998,5.1464956e-12
6801.301003795262,5.144115e-12
6808.1193159846625,5.1322115e-12
6814.944463545718,5.117133e-12
6821.77645331795,5.0996733e-12
6828.615292170878,5.081421e-12
6835.4609869740225,5.0631678e-12
6842.313544586901,5.044915e-12
6849.172971899034,5.0258686e-12
6856.039275789938,5.006822e-12
6862.912463169132,4.9877763e-12
6869.79254091613,4.9687294e-12
6876.679515950454,4.949683e-12
6883.573395191614,4.9306366e-12
6890.474185549129,4.9107966e-12
6897.381893962514,4.8917506e-12
6904.296527361283,4.872704e-12
6911.218092684951,4.8528638e-12
6918.1465968830325,4.833818e-12
6925.082046915037,4.8139773e-12
6932.024449750482,4.7949314e-12
6938.973812348875,4.775091e-12
6945.930141689731,4.755251e-12
6952.89344476256,4.7369986e-12
6959.863728556873,4.719539e-12
6966.84100006218,4.7020803e-12
6973.825266297991,4.683827e-12
6980.816534263816,4.666368e-12
6987.814810979165,4.6481152e-12
6994.82010348354,4.6298625e-12
7001.832418796455,4.6124033e-12
7008.851763967416,4.5941506e-12
7015.8781460359305,4.5758974e-12
7022.911572061503,4.557645e-12
7029.95204910364,4.5401855e-12
7036.999584241845,4.5219327e-12
7044.0541845356265,4.5044736e-12
7051.115857074487,4.486221e-12
7058.18460893793,4.4679677e-12
7065.260447245459,4.449715e-12
7072.3433790865765,4.430669e-12
7079.433411580786,4.412416e-12
7086.530551837589,4.3933698e-12
7093.634806976485,4.3759102e-12
7100.746184146979,4.3600384e-12
7107.864690488565,4.3441665e-12
7114.99033313075,4.3282947e-12
7122.12311924303,4.3124224e-12
7129.263055974901,4.295757e-12
7136.410150505866,4.279091e-12
7143.564410005423,4.2624255e-12
7150.725841663064,4.24576e-12
7157.89445266829,4.229888e-12
7165.070250200597,4.2132222e-12
7172.25324148948,4.1965567e-12
7179.443433734435,4.179891e-12
7186.640834154956,4.1632253e-12
7193.845449970538,4.1473535e-12
7201.057288430674,4.130688e-12
7208.27635676486,4.114022e-12
7215.502662222584,4.0973566e-12
7222.736212053341,4.080691e-12
7229.977013536624,4.0648192e-12
7237.225073931922,4.0481537e-12
7244.480400508727,4.030694e-12
7251.743000566529,4.013235e-12
7259.012881384817,3.9949823e-12
7266.290050263082,3.9767295e-12
7273.57451452081,3.9608577e-12
7280.866281457492,3.9473663e-12
7288.165358392614,3.9338754e-12
7295.471752675662,3.920384e-12
7302.7854716161255,3.906099e-12
7310.10652257349,3.8918144e-12
7317.434912887239,3.8767357e-12
7324.770649926861,3.8616575e-12
7332.113741051837,3.8465793e-12
7339.464193631654,3.8315007e-12
7346.822015045792,3.8164224e-12
7354.187212683738,3.801344e-12
7361.559793944974,3.7862656e-12
7368.9397662289775,3.7711874e-12
7376.327136945236,3.7561087e-12
7383.721913503226,3.740237e-12
7391.12410334243,3.7251586e-12
7398.53371387233,3.7092864e-12
7405.9507525523995,3.6934145e-12
7413.375226822123,3.676749e-12
7420.807144140975,3.6584962e-12
7428.246511958437,3.6378624e-12
7435.693337753982,3.612467e-12
7443.147628997092,3.5711998e-12
7450.609393187237,3.49184e-12
7458.0786377938975,3.410099e-12
7465.555370326549,3.43232e-12
7473.039598294664,3.4862848e-12
7480.531329217715,3.4894592e-12
7488.03057059518,3.4489857e-12
7495.537329986528,3.364864e-12
7503.051614901233,3.2918527e-12
7510.573432898769,3.3156607e-12
7518.102791528607,3.3799422e-12
7525.6396983502145,3.4140672e-12
7533.184160923065,3.424384e-12
7540.73618683663,3.4235904e-12
7548.295783660374,3.4180352e-12
7555.862958993769,3.4093054e-12
7563.437720426283,3.3981951e-12
7571.020075567384,3.3870847e-12
7578.61003202654,3.3751808e-12
7586.207597423216,3.362483e-12
7593.812779386879,3.3505791e-12
7601.425585556994,3.3378814e-12
7609.046023583027,3.325184e-12
7616.674101094441,3.3124866e-12
7624.3098257707015,3.2989952e-12
7631.953205261274,3.2862974e-12
7639.604247255616,3.2736e-12
7647.262959423196,3.2609024e-12
7654.929349463471,3.2482047e-12
7662.603425065906,3.2355073e-12
7670.285193939959,3.2228096e-12
7677.974663795092,3.210112e-12
7685.6718423607645,3.1974143e-12
7693.376737346435,3.1847168e-12
7701.089356501562,3.172019e-12
7708.809707565606,3.1601152e-12
7716.53779829802,3.1466238e-12
7724.273636438265,3.1339265e-12
7732.017229775796,3.121229e-12
7739.76858607007,3.1077376e-12
7747.527713100542,3.0942462e-12
7755.294618676666,3.079168e-12
7763.0693105778955,3.0625023e-12
7770.851796623687,3.0434561e-12
7778.64208461349,3.0267902e-12
7786.440182376761,3.0180608e-12
7794.24609774295,3.0125056e-12
7802.059838551508,3.0061567e-12
7809.8814126418865,2.997427e-12
7817.710827873539,2.987904e-12
7825.548092095911,2.9767937e-12
7833.393213188452,2.9656833e-12
7841.246199020616,2.9545728e-12
7849.107057491845,2.9434623e-12
7856.975796471589,2.9323518e-12
7864.852423869296,2.920448e-12
7872.736947604413,2.9093375e-12
7880.629375576385,2.8982272e-12
7888.529715724657,2.8871168e-12
7896.437975968674,2.8752129e-12
7904.354164247881,2.8641024e-12
7912.278288521723,2.8529921e-12
7920.21035673964,2.8418815e-12
7928.150376861077,2.8307712e-12
7936.0983568654765,2.8196607e-12
7944.054304722279,2.8085503e-12
7952.018228430926,2.79744e-12
7959.990135990856,2.7863298e-12
7967.970035381512,2.7752193e-12
7975.957934642332,2.7641086e-12
7983.953841782754,2.753792e-12
7991.9577648222175,2.7426815e-12
7999.96971180016,2.732365e-12
8007.989690776016,2.7220478e-12
8016.017709779226,2.7109374e-12
8024.053776889224,2.7006208e-12
8032.097900165443,2.6895105e-12
8040.150087677324,2.6791937e-12
8048.210347524295,2.6688766e-12
8056.278687785792,2.6577664e-12
8064.355116571249,2.6474495e-12
8072.439641980098,2.6363393e-12
8080.532272141771,2.6260224e-12
8088.633015165699,2.6157054e-12
8096.741879201312,2.6045951e-12
8104.858872388042,2.5934849e-12
8112.984002865319,2.5815808e-12
8121.11727879257,2.5696767e-12
8129.2587083392245,2.5553919e-12
8137.408299674711,2.5387264e-12
8145.566060988455,2.518093e-12
8153.732000469887,2.501427e-12
8161.90612631843,2.4974593e-12
8170.088446733512,2.4974593e-12
8178.278969924557,2.4950784e-12
8186.477704140987,2.4895231e-12
8194.68465759223,2.4815872e-12
8202.89983851771,2.473651e-12
8211.123255176843,2.464128e-12
8219.35491581906,2.4553983e-12
8227.594828713774,2.4458753e-12
8235.843002130414,2.436352e-12
8244.099444348396,2.4268287e-12
8252.36416365714,2.4173055e-12
8260.637168356066,2.408576e-12
8268.918466764595,2.399053e-12
8277.208067172141,2.3895295e-12
8285.505977918125,2.3800063e-12
8293.812207321962,2.3704832e-12
8302.12676374307,2.36096e-12
8310.44965550086,2.3522304e-12
8318.780890984754,2.3427072e-12
8327.120478534162,2.333184e-12
8335.468426528501,2.3244544e-12
8343.824743347184,2.3149312e-12
8352.189437389623,2.3062017e-12
8360.56251704523,2.2966785e-12
8368.943990723417,2.2879487e-12
8377.333866833593,2.2784257e-12
8385.732153815172,2.269696e-12
8394.138860077566,2.2609664e-12
8402.553994080175,2.2522368e-12
8410.977564262417,2.2427136e-12
8419.409579083696,2.2339838e-12
8427.85004701342,2.2252543e-12
8436.298976520999,2.2165247e-12
8444.756376085834,2.2077951e-12
8453.222254207334,2.1990656e-12
8461.696619374903,2.190336e-12
8470.17948010795,2.1816065e-12
8478.67084491587,2.172877e-12
8487.170722338074,2.1649408e-12
8495.679120883964,2.1562112e-12
8504.196049112941,2.1474816e-12
8512.721515574403,2.1387518e-12
8521.255528827756,2.130816e-12
8529.798097442397,2.1220864e-12
8538.349229977732,2.1133568e-12
8546.908935043151,2.1054207e-12
8555.477221228057,2.096691e-12
8564.05409712185,2.0887552e-12
8572.639571343927,2.0800256e-12
8581.23365252368,2.071296e-12
8589.83634927051,2.06336e-12
8598.447670233812,2.0546303e-12
8607.06762405298,2.0459008e-12
8615.696219387406,2.0363776e-12
8624.333464896488,2.0268544e-12
8632.979369259618,2.015744e-12
8641.633941146187,2.0014591e-12
8650.297189255587,1.9824127e-12
8658.969122287212,1.960192e-12
8667.64974893045,1.9514624e-12
8676.33907791469,1.9570177e-12
8685.037117969323,1.960192e-12
8693.743877803741,1.9586047e-12
8702.459366187328,1.9538431e-12
8711.183591859473,1.9459072e-12
8719.916563569566,1.9371776e-12
8728.658290096984,1.9252737e-12
8737.408780221127,1.9078144e-12
8746.168042711366,1.8768641e-12
8754.936086387095,1.8348031e-12
8763.712920027696,1.8268672e-12
8772.49855245255,1.8538495e-12
8781.29299248104,1.8705152e-12
8790.09624895255,1.8736896e-12
8798.908330696462,1.8713089e-12
8807.729246572153,1.866547e-12
8816.559005419009,1.8601984e-12
8825.397616106404,1.8538495e-12
8834.24508751372,1.8467072e-12
8843.101428520335,1.8395647e-12
8851.966648015628,1.8324225e-12
8860.84075490897,1.82528e-12
8869.723758109745,1.8181375e-12
8878.615666517326,1.8109951e-12
8887.516489081087,1.8046464e-12
8896.426234730407,1.797504e-12
8905.344912414652,1.7903616e-12
8914.272531083203,1.7832192e-12
8923.20909969543,1.7760769e-12
8932.154627230704,1.769728e-12
8941.1091226584,1.7625855e-12
8950.072594987885,1.7554431e-12
8959.04505320853,1.7483008e-12
8968.026506329705,1.741952e-12
8977.016963360778,1.7348096e-12
8986.016433341121,1.7276673e-12
8995.024925300097,1.7213184e-12
9004.042448277076,1.7141759e-12
9013.069011341424,1.7070336e-12
9022.104623542507,1.7006848e-12
9031.149293949687,1.6935423e-12
9040.203031652334,1.6871936e-12
9049.265845739808,1.6800513e-12
9058.337745311474,1.6737024e-12
9067.418739466693,1.6673535e-12
9076.508837334826,1.6610048e-12
9085.608048035238,1.654656e-12
9094.716380707287,1.6475136e-12
9103.833844480336,1.6411649e-12
9112.960448533739,1.634816e-12
9122.096202016859,1.6276736e-12
9131.241114099052,1.6213247e-12
9140.39519396968,1.614976e-12
9149.558450818093,1.6086273e-12
9158.73089384365,1.6022784e-12
9167.91253224571,1.5959296e-12
9177.103375263623,1.5895808e-12
9186.303432096747,1.583232e-12
9195.512712004433,1.5768832e-12
9204.731224226036,1.5705343e-12
9213.958978020904,1.5641855e-12
9223.195982648393,1.5578369e-12
9232.442247377852,1.551488e-12
9241.697781508632,1.5451392e-12
9250.962594310085,1.5387904e-12
9260.236695111556,1.5332352e-12
9269.520093202396,1.5268864e-12
9278.812797911953,1.5213312e-12
9288.11481855957,1.5149824e-12
9297.426164504599,1.5094272e-12
9306.746845086382,1.5030784e-12
9316.076869654265,1.4967296e-12
9325.416247587593,1.4903807e-12
9334.76498825571,1.484032e-12
9344.123101047959,1.4768896e-12
9353.490595353684,1.4689535e-12
9362.867480592224,1.4586368e-12
9372.25376616292,1.444352e-12
9381.649461495115,1.4237183e-12
9391.054576028146,1.4078464e-12
9400.469119201354,1.4118144e-12
9409.89310045408,1.4213375e-12
9419.326529275657,1.424512e-12
9428.769415105424,1.4229248e-12
9438.221767442717,1.4197504e-12
9447.683595776876,1.4157824e-12
9457.15490960723,1.4102272e-12
9466.63571843312,1.4054656e-12
9476.126031793874,1.3999104e-12
9485.625859188827,1.3943551e-12
9495.135210187313,1.3888e-12
9504.654094308664,1.3832448e-12
9514.182521132212,1.3776896e-12
9523.72050020728,1.3721344e-12
9533.268041123207,1.3665793e-12
9542.82515344932,1.3618176e-12
9552.391846804945,1.357056e-12
9561.968130779413,1.3515008e-12
9571.554014982044,1.3467391e-12
9581.149509052177,1.341184e-12
9590.754622609125,1.3364224e-12
9600.369365312219,1.3308673e-12
9609.993746800785,1.3261056e-12
9619.627776744148,1.3205504e-12
9629.271464811622,1.3149952e-12
9638.924820692539,1.3102335e-12
9648.587854066216,1.3046784e-12
9658.260574651977,1.2999168e-12
9667.94299214914,1.2943616e-12
9677.635116277024,1.2895999e-12
9687.33695677495,1.2848383e-12
9697.048523372237,1.2792832e-12
9706.769825828202,1.2745215e-12
9716.50087390216,1.26976e-12
9726.24167736343,1.2642048e-12
9735.992246001322,1.2594431e-12
9745.75258958516,1.2546816e-12
9755.52271792425,1.2491265e-12
9765.302640827911,1.2443647e-12
9775.092368125454,1.2396031e-12
9784.89190962619,1.234048e-12
9794.701275179434,1.2292864e-12
9804.52047463449,1.2245248e-12
9814.349517850676,1.2189696e-12
9824.188414697295,1.214208e-12
9834.03717504366,1.2086528e-12
9843.895808789079,1.2030975e-12
9853.764325822856,1.198336e-12
9863.642736054302,1.194368e-12
9873.531049402714,1.1904e-12
9883.42927579741,1.1856384e-12
9893.337425177686,1.1816703e-12
9903.255507492848,1.1769088e-12
9913.1835326922,1.1721472e-12
9923.121510745043,1.1681792e-12
9933.06945164068,1.1634177e-12
9943.027365358408,1.158656e-12
9952.995261887534,1.1538945e-12
9962.973151247354,1.1499264e-12
9972.961043457166,1.1451648e-12
9982.958948546271,1.1404031e-12
9992.966876533967,1.1364351e-12
10002.984837489545,1.1316735e-12
10013.012841462305,1.1277056e-12
10023.050898511547,1.122944e-12
10033.099018736557,1.1181824e-12
10043.157212206635,1.1142144e-12
10053.225489031072,1.1094528e-12
10063.303859309162,1.1054848e-12
10073.392333170195,1.1007231e-12
10083.490920733464,1.0967552e-12
10093.59963214826,1.0919936e-12
10103.71847755387,1.0880256e-12
10113.847467119585,1.083264e-12
10123.986611004693,1.0792959e-12
10134.13591939848,1.075328e-12
10144.295402480233,1.0705664e-12
10154.465070459242,1.0665984e-12
10164.64493353479,1.0626305e-12
10174.835001936162,1.0578689e-12
10185.03528590264,1.0539008e-12
10195.24579565351,1.0491392e-12
10205.466541468053,1.0451711e-12
10215.697533575554,1.0404096e-12
10225.93878227529,1.0364415e-12
10236.190297836542,1.03168e-12
10246.452090548592,1.0261248e-12
10256.724170730718,1.0213631e-12
10267.006548672201,1.0173952e-12
10277.299234722312,1.0142208e-12
10287.602239190332,1.0110464e-12
10297.915572435537,1.007872e-12
10308.239244817203,1.003904e-12
10318.573266684602,1.0007296e-12
10328.917648427008,9.967616e-13
10339.2724004137,9.927935e-13
10349.637533063944,9.888256e-13
10360.013056767015,9.848576e-13
10370.398981942182,9.808895e-13
10380.795319018718,9.769216e-13
10391.20207843589,9.729536e-13
10401.619270642965,9.689855e-13
10412.046906099216,9.650176e-13
10422.484995273906,9.610496e-13
10432.93354863631,9.570815e-13
10443.392576695682,9.531136e-13
10453.862089941293,9.48352e-13
10464.342098882407,9.420032e-13
10474.832614038289,9.348608e-13
10485.3336459582,9.229568e-13
10495.845205171405,9.070848e-13
10506.36730223716,9.00736e-13
10516.899947714732,9.08672e-13
10527.443152183376,9.150208e-13
10537.996926222353,9.158144e-13
10548.561280440925,9.142272e-13
10559.136225428343,9.118464e-13
10569.72177181387,9.08672e-13
10580.317930226756,9.054976e-13
10590.924711296262,9.023232e-13
10601.542125671644,8.991488e-13
10612.170184022149,8.951808e-13
10622.808897017036,8.920064e-13
10633.458275325554,8.88832e-13
10644.118329656958,8.84864e-13
10654.789070700499,8.816896e-13
10665.470509175424,8.7772156e-13
10676.162655800983,8.7454723e-13
10686.865521316431,8.713728e-13
10697.579116471004,8.674048e-13
10708.303452023962,8.6423035e-13
10719.038538724542,8.61056e-13
10729.784387361999,8.5708795e-13
10740.541008735569,8.5391357e-13
10751.3084136245,8.499456e-13
10762.086612848034,8.459776e-13
10772.875617235417,8.4200957e-13
10783.675437615886,8.37248e-13
10794.486084818687,8.324864e-13
10805.307569713059,8.2851835e-13
10816.13990315824,8.269312e-13
10826.983096033473,8.2534397e-13
10837.83715921799,8.2296317e-13
10848.702103611033,8.197888e-13
10859.577940131838,8.17408e-13
10870.464679689641,8.142336e-13
10881.362333213672,8.110592e-13
10892.270911643172,8.078848e-13
10903.190425947374,8.0471036e-13
10914.120887065508,8.01536e-13
10925.062305986808,7.983616e-13
10936.014693700503,7.951872e-13
10946.978061185822,7.923302e-13
10957.952419462003,7.8915585e-13
10968.937779548265,7.860608e-13
10979.934152473841,7.8296576e-13
10990.941549267956,7.798707e-13
11001.959980999842,7.7677567e-13
11012.98945871872,7.7368065e-13
11024.029993493816,7.705856e-13
11035.081596424356,7.674112e-13
11046.14427859956,7.6423676e-13
11057.218051128655,7.612211e-13
11068.30292513086,7.582054e-13
11079.398911725397,7.552691e-13
11090.506022061485,7.522534e-13
11101.624267288345,7.493171e-13
11112.753658565198,7.4638077e-13
11123.89420707126,7.433651e-13
11135.045923995744,7.4042877e-13
11146.208820527874,7.374925e-13
11157.382907866864,7.3455613e-13
11168.568197251923,7.3161984e-13
11179.76469990227,7.2868355e-13
11190.97242705712,7.2574715e-13
11202.191389975684,7.2273155e-13
11213.42159990717,7.197952e-13
11224.663068150794,7.1677955e-13
11235.915805965762,7.136845e-13
11247.179824671284,7.1043074e-13
11258.455135566574,7.0693885e-13
11269.74174998083,7.0265343e-13
11281.039679233269,6.9630467e-13
11292.348934673093,6.8432125e-13
11303.669527659506,6.690048e-13
11315.001469541714,6.689254e-13
11326.344771718921,6.7932156e-13
11337.699445570332,6.839245e-13
11349.065502485144,6.8400385e-13
11360.442953892561,6.8241663e-13
11371.831811211785,6.802739e-13
11383.232085872014,6.778931e-13
11394.64378932245,6.7543296e-13
11406.066933012291,6.7281407e-13
11417.501528420727,6.701952e-13
11428.947587026962,6.6757635e-13
11440.405120310192,6.648781e-13
11451.874139789608,6.6217984e-13
11463.354656984404,6.5948164e-13
11474.846683403775,6.566246e-13
11486.350230586919,6.536883e-13
11497.865310093019,6.5051393e-13
11509.391933481267,6.469427e-13
11520.93011232086,6.4241917e-13
11532.479858200983,6.3765757e-13
11544.041182720823,6.350387e-13
11555.614097469568,6.347213e-13
11567.19861408641,6.3424515e-13
11578.794744190527,6.328166e-13
11590.402499431111,6.30912e-13
11602.021891457343,6.286899e-13
11613.652931948409,6.264678e-13
11625.295632553489,6.2408705e-13
11636.950004991764,6.2170625e-13
11648.616060952421,6.192461e-13
11660.293812144635,6.168653e-13
11671.983270287586,6.144051e-13
11683.684447140457,6.120243e-13
11695.39735443242,6.0956416e-13
11707.122003922655,6.0718336e-13
11718.85840739034,6.0480256e-13
11730.60657661465,6.023424e-13
11742.366523394754,5.999616e-13
11754.138259539832,5.975808e-13
11765.921796859053,5.9512063e-13
11777.71714718159,5.9273983e-13
11789.524322366617,5.904384e-13
11801.343334253303,5.880576e-13
11813.174194710811,5.8575616e-13
11825.016915628323,5.835341e-13
11836.871508884995,5.8123265e-13
11848.737986380002,5.7893116e-13
11860.616360032504,5.766297e-13
11872.506641771673,5.7440765e-13
11884.408843536667,5.721063e-13
11896.322977266653,5.698842e-13
11908.249054930797,5.675827e-13
11920.187088498253,5.6536064e-13
11932.137089968188,5.631385e-13
11944.099071319763,5.6091644e-13
11956.073044572135,5.5869437e-13
11968.059021754465,5.564723e-13
11980.057014885906,5.542502e-13
11992.067036015622,5.521075e-13
12004.089097212762,5.499648e-13
12016.12321053649,5.478221e-13
12028.16938807595,5.456e-13
12040.227641920304,5.434573e-13
12052.297984178702,5.4131455e-13
12064.380426970294,5.390925e-13
12076.474982424232,5.3694977e-13
12088.581662679668,5.3480706e-13
12100.70047990575,5.326643e-13
12112.831446251628,5.305216e-13
12124.974573906451,5.283789e-13
12137.12987506936,5.261568e-13
12149.297361929503,5.240141e-13
12161.47704670603,5.219507e-13
12173.668941638078,5.199667e-13
12185.873058954796,5.179034e-13
12198.089410915323,5.1591934e-13
12210.318009778806,5.13856e-13
12222.558867834377,5.11872e-13
12234.811997351186,5.098086e-13
12247.077410658365,5.0782463e-13
12259.355120055052,5.057613e-13
12271.64513786039,5.036979e-13
12283.94747643351,5.0163454e-13
12296.262148103553,4.9949183e-13
12308.589165259647,4.973491e-13
12320.928540260931,4.9512705e-13
12333.28028549654,4.925875e-13
12345.644413365597,4.8941314e-13
12358.02093629724,4.848896e-13
12370.409866700602,4.7711233e-13
12382.811217024804,4.684621e-13
12395.224999718981,4.6893826e-13
12407.651227242262,4.7449344e-13
12420.089912073769,4.767949e-13
12432.54106670263,4.7663615e-13
12445.004703627972,4.755251e-13
12457.480835358918,4.740173e-13
12469.969474434589,4.7227136e-13
12482.47063338411,4.705254e-13
12494.984324756604,4.686208e-13
12507.51056112119,4.667162e-13
12520.049355046987,4.646528e-13
12532.600719133115,4.624307e-13
12545.164665978693,4.598912e-13
12557.741208192836,4.565581e-13
12570.330358404666,4.5203454e-13
12582.932129253291,4.47511e-13
12595.546533397828,4.4671745e-13
12608.173583487393,4.479872e-13
12620.813292221097,4.4822528e-13
12633.465672268054,4.47511e-13
12646.13073634737,4.4632063e-13
12658.808497168162,4.4489217e-13
12671.498967449534,4.4330495e-13
12684.202159950597,4.416384e-13
12696.918087410457,4.3997184e-13
12709.64676260822,4.3830526e-13
12722.388198322995,4.366387e-13
12735.142407333884,4.348928e-13
12747.909402449992,4.3322626e-13
12760.689196500418,4.3148032e-13
12773.48180231427,4.2981376e-13
12786.287232720646,4.2806782e-13
12799.105500588648,4.2640126e-13
12811.936618787375,4.247347e-13
12824.780600195925,4.2306816e-13
12837.637457713396,4.214016e-13
12850.50720423888,4.1973505e-13
12863.38985270148,4.1806847e-13
12876.285416040286,4.164019e-13
12889.193907194394,4.1473536e-13
12902.1153391229,4.130688e-13
12915.049724804887,4.1148159e-13
12927.997077219457,4.0981503e-13
12940.957409375695,4.0822784e-13
12953.93073427269,4.0656129e-13
12966.917064949528,4.0497407e-13
12979.916414435305,4.0338688e-13
12992.928795789096,4.0179966e-13
13005.954222059998,4.0021247e-13
13018.99270634709,3.9854592e-13
13032.044261719457,3.970381e-13
13045.108901296182,3.9545087e-13
13058.186638196348,3.9386368e-13
13071.277485529034,3.922765e-13
13084.381456463321,3.9068927e-13
13097.498564138288,3.8918144e-13
13110.628821733015,3.8759425e-13
13123.772242416579,3.859277e-13
13136.928839408054,3.842611e-13
13150.09862589652,3.826739e-13
13163.28161511105,3.8100735e-13
13176.477820280716,3.793408e-13
13189.68725467459,3.777536e-13
13202.909931531747,3.7640447e-13
13216.14586414126,3.7505535e-13
13229.39506579219,3.7370622e-13
13242.657549783615,3.7227776e-13
13255.9333294246,3.708493e-13
13269.22241805421,3.6942078e-13
13282.524829011516,3.679923e-13
13295.840575645583,3.6656385e-13
13309.169671335469,3.6513539e-13
13322.512129460241,3.6370687e-13
13335.867963418968,3.622784e-13
13349.237186610702,3.608499e-13
13362.61981246451,3.5942142e-13
13376.015854419446,3.5799296e-13
13389.425325914575,3.565645e-13
13402.848240428952,3.55136e-13
13416.284611421632,3.5370751e-13
13429.734452401675,3.523584e-13
13443.197776858131,3.5092992e-13
13456.674598310059,3.4950146e-13
13470.164930296512,3.4815233e-13
13483.668786356538,3.468032e-13
13497.186180049188,3.4537472e-13
13510.717124943518,3.440256e-13
13524.261634618575,3.4267646e-13
13537.819722693403,3.4132734e-13
13551.391402757055,3.399782e-13
13564.976688448573,3.386291e-13
13578.575593407008,3.3727998e-13
13592.188131281397,3.3593085e-13
13605.81431574079,3.3458175e-13
13619.454160464227,3.3323263e-13
13633.107679150751,3.318835e-13
13646.7748855094,3.3061376e-13
13660.455793249217,3.2926464e-13
13674.15041611924,3.2799487e-13
13687.858767868503,3.2664575e-13
13701.580862256047,3.2537598e-13
13715.316713050908,3.2410625e-13
13729.066334062118,3.2275712e-13
13742.829739078714,3.2148736e-13
13756.606941919728,3.202176e-13
13770.39795643419,3.1894786e-13
13784.20279645113,3.1767807e-13
13798.021475839587,3.164083e-13
13811.85400846858,3.1513854e-13
13825.700408227138,3.138688e-13
13839.560689014295,3.1259904e-13
13853.434864749073,3.1132925e-13
13867.322949360498,3.1005954e-13
13881.22495679759,3.0878975e-13
13895.140901019378,3.0744065e-13
13909.07079598488,3.0601216e-13
13923.014655683124,3.0458367e-13
13936.972494123123,3.0315518e-13
13950.944325303899,3.019648e-13
13964.930163264467,3.0101247e-13
13978.930022053852,3.0006016e-13
13992.943915701067,2.990285e-13
14006.971858305124,2.9791745e-13
14021.013863935037,2.9680642e-13
14035.069946689826,2.95616e-13
14049.140120688498,2.9442562e-13
14063.224400050065,2.932352e-13
14077.322798923538,2.920448e-13
14091.43533144793,2.9077503e-13
14105.562011812244,2.895053e-13
14119.702854185489,2.880768e-13
14133.857872776676,2.8641022e-13
14148.027081784801,2.8410878e-13
14162.210495438878,2.806963e-13
14176.408127977906,2.7680768e-13
14190.619993670885,2.761728e-13
14204.846106766823,2.7799808e-13
14219.086481564715,2.7887103e-13
14233.341132353564,2.787123e-13
14247.610073442365,2.7799808e-13
14261.89331917012,2.771251e-13
14276.19088385582,2.761728e-13
14290.502781878462,2.7514113e-13
14304.829027587046,2.7410943e-13
14319.169635380555,2.729984e-13
14333.524619637992,2.7196672e-13
14347.893994798344,2.7093505e-13
14362.2777752706,2.6982399e-13
14376.67597549375,2.687923e-13
14391.088609936785,2.6776064e-13
14405.515693058689,2.666496e-13
14419.957239348449,2.656179e-13
14434.41326330505,2.6458623e-13
14448.88377943748,2.6355456e-13
14463.368802284718,2.6244352e-13
14477.868346385749,2.6141182e-13
14492.38242628955,2.6038015e-13
14506.911056585108,2.5934848e-13
14521.454251841398,2.583168e-13
14536.012026677397,2.5728513e-13
14550.584395692085,2.5625343e-13
14565.17137352444,2.5530112e-13
14579.772974813428,2.5426942e-13
14594.389214238034,2.5323775e-13
14609.020106447224,2.5220608e-13
14623.665666149973,2.5125377e-13
14638.32590804525,2.5022207e-13
14653.000846842027,2.491904e-13
14667.690497289275,2.482381e-13
14682.394874125956,2.472064e-13
14697.11399212104,2.4625408e-13
14711.847866043496,2.4522238e-13
14726.59651069228,2.4427007e-13
14741.359940876364,2.4331776e-13
14756.138171414712,2.4236543e-13
14770.931217146275,2.4141312e-13
14785.739092930024,2.404608e-13
14800.561813624914,2.3950847e-13
14815.399394109903,2.384768e-13
14830.251849283954,2.3752446e-13
14845.119194066016,2.3657216e-13
14860.001443375046,2.3561985e-13
14874.898612160003,2.346675e-13
14889.810715379837,2.3363584e-13
14904.737767993502,2.3260416e-13
14919.679784989949,2.3149313e-13
14934.63678138812,2.3030273e-13
14949.608772186977,2.289536e-13
14964.595772415465,2.279219e-13
14979.597797142524,2.2728705e-13
14994.614861407103,2.2681088e-13
15009.646980298152,2.2617598e-13
15024.694168914608,2.2538239e-13
15039.756442345415,2.2458881e-13
15054.83381572952,2.2371583e-13
15069.92630419586,2.2284288e-13
15085.033922893372,2.2196992e-13
15100.156687001,2.2109696e-13
15115.294611697675,2.2022399e-13
15130.447712182342,2.1935104e-13
15145.616003663928,2.1847807e-13
15160.799501381372,2.1760512e-13
15175.998220573605,2.1673215e-13
15191.21217648956,2.158592e-13
15206.441384418167,2.1498625e-13
15221.68585964836,2.1411327e-13
15236.94561748906,2.1331968e-13
15252.220673249203,2.1244672e-13
15267.511042267713,2.1165312e-13
15282.816739893517,2.1078015e-13
15298.137781505535,2.0998657e-13
15313.474182482692,2.091136e-13
15328.825958223912,2.0831999e-13
15344.193124128122,2.0752639e-13
15359.575695634232,2.0665343e-13
15374.973688191165,2.0585984e-13
15390.387117247838,2.0506624e-13
15405.815998293172,2.0419328e-13
15421.260346806082,2.0339969e-13
15436.720178295478,2.0252672e-13
15452.195508280282,2.0173311e-13
15467.6863523094,2.0093953e-13
15483.192725921746,2.0014592e-13
15498.714644696232,1.9935232e-13
15514.25212421176,1.9855873e-13
15529.80518006725,1.9776512e-13
15545.3738278816,1.9697151e-13
15560.958083273721,1.9617791e-13
15576.557961912513,1.9546368e-13
15592.173479446887,1.9467007e-13
15607.804651545739,1.9387648e-13
15623.451493917977,1.9308287e-13
15639.114022272497,1.9236864e-13
15654.792252328201,1.9157503e-13
15670.486199823987,1.9078143e-13
15686.19588051875,1.900672e-13
15701.92131019139,1.8927359e-13
15717.662504630798,1.8855936e-13
15733.419479625867,1.8776576e-13
15749.1922510055,1.8705152e-13
15764.980834618578,1.8625792e-13
15780.785246293995,1.8546431e-13
15796.605501920643,1.8475008e-13
15812.441617367409,1.8395647e-13
15828.293608533178,1.8324224e-13
15844.16149134684,1.82528e-13
15860.045281727278,1.8181377e-13
15875.944995623377,1.8117887e-13
15891.860649004018,1.8046464e-13
15907.792257848083,1.797504e-13
15923.739838144455,1.7903615e-13
15939.703405912009,1.7832192e-13
15955.68297716963,1.7760768e-13
15971.67856797619,1.7689344e-13
15987.690194370567,1.761792e-13
16003.717872441637,1.7546496e-13
16019.76161828827,1.7475073e-13
16035.82144799934,1.7403647e-13
16051.897377703724,1.734016e-13
16067.989423560288,1.7268736e-13
16084.097601697904,1.7197311e-13
16100.221928315435,1.7125888e-13
16116.362419581752,1.7046529e-13
16132.519091705719,1.6967168e-13
16148.691960916203,1.6879873e-13
16164.88104345207,1.6752895e-13
16181.08635556217,1.6530688e-13
16197.307913505383,1.6181503e-13
16213.545733590556,1.6054528e-13
16229.799832106552,1.6260864e-13
16246.07022537223,1.6395777e-13
16262.356929726446,1.640371e-13
16278.659961518053,1.6364031e-13
16294.979337125913,1.630848e-13
16311.31507292887,1.6244993e-13
16327.667185315782,1.6181503e-13
16344.0356907155,1.611008e-13
16360.420605566871,1.603072e-13
16376.821946308744,1.5935488e-13
16393.23972941997,1.5816448e-13
16409.67397137939,1.5705345e-13
16426.12468867586,1.5681536e-13
16442.591897838214,1.5673599e-13
16459.075615405298,1.5649793e-13
16475.57585791595,1.5602176e-13
16492.09264192902,1.555456e-13
16508.625984043345,1.5499008e-13
16525.17590085775,1.5435521e-13
16541.74240898109,1.5372033e-13
16558.32552504219,1.5308543e-13
16574.92526569989,1.5245056e-13
16591.541647613023,1.5181568e-13
16608.17468748042,1.5126016e-13
16624.824401980914,1.5070464e-13
16641.490807833332,1.5006976e-13
16658.173921786507,1.4951424e-13
16674.873760579267,1.4895873e-13
16691.59034098043,1.4840321e-13
16708.323679768837,1.4776833e-13
16725.073793753294,1.4721281e-13
16741.84069974264,1.4657791e-13
16758.62441458569,1.4594303e-13
16775.424955111263,1.4538751e-13
16792.242338198186,1.4467328e-13
16809.07658073527,1.4395904e-13
16825.92769962133,1.4308608e-13
16842.795711765193,1.4181633e-13
16859.680634125663,1.3967359e-13
16876.582483631555,1.3761023e-13
16893.50127726169,1.3792767e-13
16910.437031994872,1.3919744e-13
16927.38976484992,1.3959424e-13
16944.359492845626,1.3935615e-13
16961.346233000808,1.3903872e-13
16978.350002394276,1.3856256e-13
16995.37081807483,1.380864e-13
17012.408697151273,1.3753088e-13
17029.46365672242,1.3697536e-13
17046.53571390705,1.364992e-13
17063.624885843983,1.3594368e-13
17080.73118970201,1.3538816e-13
17097.854642649934,1.3483263e-13
17114.995261876542,1.3435647e-13
17132.153064590642,1.3380096e-13
17149.328068031024,1.3324544e-13
17166.520289426477,1.3276928e-13
17183.729746045796,1.3221377e-13
17200.956455167772,1.3165823e-13
17218.2004340812,1.3118208e-13
17235.461700104854,1.3062656e-13
17252.740270567534,1.301504e-13
17270.036162818025,1.2959488e-13
17287.34939421511,1.2911872e-13
17304.679982157566,1.2856319e-13
17322.027944024187,1.2808703e-13
17339.393297253744,1.2753152e-13
17356.776059265023,1.2705536e-13
17374.1762475168,1.265792e-13
17391.593879467855,1.2602368e-13
17409.02897262696,1.2554752e-13
17426.481544482896,1.24992e-13
17443.951612564426,1.2451585e-13
17461.439194410337,1.2403968e-13
17478.94430756939,1.2348415e-13
17496.466969630357,1.23008e-13
17514.00719818201,1.2253184e-13
17531.565010833114,1.2197632e-13
17549.140425212434,1.2150015e-13
17566.733458958737,1.2094464e-13
17584.344129750792,1.2038912e-13
17601.97245525735,1.198336e-13
17619.618453177187,1.194368e-13
17637.282141239044,1.1903999e-13
17654.9635371617,1.1856384e-13
17672.6626587039,1.1816705e-13
17690.379523644406,1.1769088e-13
17708.11414975197,1.1729409e-13
17725.866554845354,1.1681792e-13
17743.636756753294,1.1634176e-13
17761.42477330456,1.1594496e-13
17779.23062235789,1.154688e-13
17797.054321802032,1.1499264e-13
17814.895889525746,1.1451648e-13
17832.755343437766,1.1411968e-13
17850.632701476847,1.13643524e-13
17868.52798158172,1.1316736e-13
17886.44120173114,1.12691195e-13
17904.372379903845,1.12294404e-13
17922.321534108574,1.1181824e-13
17940.288682354065,1.1134208e-13
17958.273842689057,1.10945283e-13
17976.277033172286,1.1046912e-13
17994.29827187249,1.10072325e-13
18012.3375768784,1.0959616e-13
18030.39496631874,1.0919936e-13
18048.470458312255,1.087232e-13
18066.564070997672,1.083264e-13
18084.675822563717,1.0785024e-13
18102.80573116912,1.0745344e-13
18120.953815042594,1.07056637e-13
18139.120092382884,1.06580475e-13
18157.3045814387,1.0618368e-13
18175.507300458772,1.0578688e-13
18193.728267741822,1.0531072e-13
18211.96750155656,1.04913914e-13
18230.22502022171,1.04517117e-13
18248.500842075995,1.04040955e-13
18266.79498545812,1.03644164e-13
18285.107468746803,1.0324736e-13
18303.438310310765,1.0285056e-13
18321.787528578712,1.0245376e-13
18340.15514194935,1.019776e-13
18358.541168881402,1.015808e-13
18376.945627813562,1.01183994e-13
18395.368537254544,1.007872e-13
18413.809915673053,1.003904e-13
18432.269781597788,9.9993595e-14
18450.748153557466,9.9596804e-14
18469.24505011077,9.92e-14
18487.760489816417,9.8723845e-14
18506.294491283097,9.832704e-14
18524.847073099503,9.785088e-14
18543.41825390435,9.737472e-14
18562.00805233631,9.681919e-14
18580.616487064093,9.6025604e-14
18599.243576776385,9.4914555e-14
18617.88934016188,9.427968e-14
18636.55379594927,9.44384e-14
18655.236962867235,9.467648e-14
18673.93885969447,9.459712e-14
18692.659505189662,9.435904e-14
18711.398918151488,9.4041596e-14
18730.157117398638,9.372416e-14
18748.93412175979,9.3327364e-14
18767.72995009363,9.3009916e-14
18786.54462125883,9.261312e-14
18805.378154164075,9.2295685e-14
18824.230567698036,9.189888e-14
18843.101880809394,9.150208e-14
18861.99211242682,9.118464e-14
18880.901281528986,9.078784e-14
18899.82940709456,9.039103e-14
18918.77650812222,8.9994235e-14
18937.742603650633,8.9518074e-14
18956.727712698463,8.904192e-14
18975.731854354384,8.856576e-14
18994.755047677052,8.8168954e-14
19013.797311775124,8.7613436e-14
19032.858665757278,8.642304e-14
19051.939128782167,8.4439034e-14
19071.03871997845,8.428032e-14
19090.15745855479,8.5550084e-14
19109.295363679834,8.61056e-14
19128.45245457225,8.602624e-14
19147.62875048068,8.578816e-14
19166.824270633784,8.547071e-14
19186.039034330213,8.515328e-14
19205.273060848613,8.483584e-14
19224.526369497635,8.45184e-14
19243.798979615924,8.4200964e-14
19263.09091054213,8.3883516e-14
19282.402181654896,8.3566075e-14
19301.732812342863,8.316928e-14
19321.08282200468,8.285184e-14
19340.452230078972,8.25344e-14
19359.841056004396,8.2216955e-14
19379.24931924958,8.189952e-14
19398.677039303162,8.158208e-14
19418.124235663774,8.126464e-14
19437.590927870053,8.0867835e-14
19457.077135450632,8.05504e-14
19476.58287798415,8.023296e-14
19496.108175039215,7.991552e-14
19515.65304623447,7.9598085e-14
19535.217511178544,7.928858e-14
19554.801589530052,7.897907e-14
19574.405300937626,7.866957e-14
19594.02866508989,7.836006e-14
19613.671701685453,7.805056e-14
19633.33443045295,7.774899e-14
19653.016871120995,7.7439486e-14
19672.719043468198,7.712998e-14
19692.440967263185,7.6820474e-14
19712.182662304556,7.651892e-14
19731.94414842094,7.6217346e-14
19751.72544545094,7.590784e-14
19771.526573253162,7.560627e-14
19791.34755171623,7.53047e-14
19811.188400728734,7.501107e-14
19831.04914020929,7.47095e-14
19850.9297901065,7.440793e-14
19870.83037038897,7.4114305e-14
19890.7509010153,7.3820676e-14
19910.691402004086,7.352704e-14
19930.65189336393,7.323341e-14
19950.63239514343,7.2939776e-14
19970.632927391183,7.264615e-14
19990.653510205782,7.236045e-14
20010.69416366583,7.207475e-14
20030.754907919905,7.178906e-14
20050.835763076597,7.1503364e-14
20070.936749324508,7.121766e-14
20091.057886832215,7.093197e-14
20111.19919580831,7.064627e-14
20131.360696461372,7.036851e-14
20151.54240904999,7.009075e-14
20171.74435382275,6.9805056e-14
20191.966551078218,6.95273e-14
20212.209021104984,6.924954e-14
20232.471784231628,6.8979714e-14
20252.75486079672,6.8701955e-14
20273.05827117883,6.842419e-14
20293.382035746545,6.8154365e-14
20313.72617490843,6.7876606e-14
20334.090709103053,6.760678e-14
20354.475658758987,6.733696e-14
20374.881044354803,6.7067134e-14
20395.30688637906,6.6789375e-14
20415.75320533033,6.651955e-14
20436.220021737165,6.6249727e-14
20456.707356148137,6.597197e-14
20477.215229141806,6.5702143e-14
20497.743661296732,6.5424384e-14
20518.292673231466,6.515456e-14
20538.862285584568,6.4900606e-14
20559.45251898459,6.4654594e-14
20580.063394120094,6.440064e-14
20600.69493168962,6.415462e-14
20621.34715239173,6.390861e-14
20642.020076964967,6.3654655e-14
20662.713726177873,6.34007e-14
20683.428120799002,6.3146753e-14
20704.1632816169,6.2900734e-14
20724.919229470106,6.264678e-14
20745.69598517716,6.239283e-14
20766.49356960661,6.213888e-14
20787.31200363698,6.187699e-14
20808.15130817682,6.16151e-14
20829.01150413466,6.1345284e-14
20849.89261246904,6.105165e-14
20870.794654138488,6.072627e-14
20891.71765013154,6.0329474e-14
20912.66162145672,5.9940605e-14
20933.626589122563,5.974221e-14
20954.612574207593,5.967078e-14
20975.619597760324,5.9559684e-14
20996.647680879298,5.939302e-14
21017.69684467303,5.9186685e-14
21038.767110290042,5.897241e-14
21059.858498858855,5.8750205e-14
21080.97103157798,5.852006e-14
21102.10472962594,5.828992e-14
21123.25961424125,5.805978e-14
21144.435706652424,5.7837564e-14
21165.633028117973,5.760742e-14
21186.85159991641,5.737728e-14
21208.091443366233,5.714714e-14
21229.352579785962,5.6924924e-14
21250.6350305141,5.669478e-14
21271.93881692915,5.6472574e-14
21293.26396040962,5.6250367e-14
21314.610482374002,5.602022e-14
21335.978404250807,5.5798018e-14
21357.367747488523,5.5575804e-14
21378.778533575656,5.53536e-14
21400.210784000697,5.5131392e-14
21421.664520282142,5.4917117e-14
21443.13976395849,5.4694913e-14
21464.63653658822,5.4472702e-14
21486.154859759823,5.425843e-14
21507.6947550718,5.4044158e-14
21529.25624416262,5.382195e-14
21550.839348660782,5.360768e-14
21572.444090254765,5.3393406e-14
21594.070490623046,5.3179134e-14
21615.718571484118,5.2964865e-14
21637.388354566443,5.275059e-14
21659.079861638515,5.254426e-14
21680.793114468794,5.2329983e-14
21702.52813486577,5.2115708e-14
21724.284944637908,5.190144e-14
21746.063565643675,5.1687167e-14
21767.864019741544,5.146496e-14
21789.686328819997,5.1242752e-14
21811.53051478748,5.102054e-14
21833.39659957247,5.0798334e-14
21855.284605133424,5.0599936e-14
21877.194553448808,5.0417407e-14
21899.12646651709,5.023488e-14
21921.080366346712,5.005235e-14
21943.056274996143,4.9861885e-14
21965.054214513835,4.9663486e-14
21987.074206988254,4.9473023e-14
22009.11627453784,4.9274624e-14
22031.18043928104,4.9076225e-14
22053.26672337632,4.8877826e-14
22075.375148992112,4.868736e-14
22097.50573833687,4.848896e-14
22119.658513619044,4.829056e-14
22141.83349708707,4.8084224e-14
22164.030710999396,4.7885822e-14
22186.250177644455,4.7679488e-14
22208.491919340697,4.7457277e-14
22230.75595839655,4.72192e-14
22253.042317180443,4.6933503e-14
22275.351018070825,4.6552575e-14
22297.682083456122,4.5901827e-14
22320.035535754767,4.4893952e-14
22342.411397425185,4.4473343e-14
22364.80969091581,4.5060608e-14
22387.230438725066,4.55209e-14
22409.673663361376,4.560819e-14
22432.139387353163,4.5536766e-14
22454.62763325885,4.5409792e-14
22477.138423656856,4.5259007e-14
22499.6717811556,4.5092348e-14
22522.2277283635,4.4925696e-14
22544.80628793897,4.4751105e-14
22567.40748255042,4.457651e-14
22590.031334876265,4.440192e-14
22612.67786764492,4.4219392e-14
22635.347103594788,4.40448e-14
22658.03906547428,4.3870208e-14
22680.753776071797,4.370355e-14
22703.491258195747,4.352896e-14
22726.251534674528,4.335437e-14
22749.034628346548,4.318771e-14
22771.840562110203,4.301312e-14
22794.669358833886,4.2846464e-14
22817.521041466,4.2671873e-14
22840.39563293493,4.2505214e-14
22863.293156199084,4.2338562e-14
22886.213634266842,4.2163965e-14
22909.157090136592,4.1997313e-14
22932.12354684673,4.1830654e-14
22955.113027455634,4.1664e-14
22978.125555051698,4.1497343e-14
23001.161152733293,4.1330688e-14
23024.219843618812,4.1164033e-14
23047.30165087663,4.100531e-14
23070.40659767513,4.0838657e-14
23093.534707202678,4.0671998e-14
23116.686002687664,4.051328e-14
23139.860507378442,4.035456e-14
23163.0582445334,4.0187902e-14
23186.2792374509,4.0029185e-14
23209.523509439314,3.9870464e-14
23232.79108383701,3.9711744e-14
23256.08198400235,3.9553023e-14
23279.3962333237,3.9394303e-14
23302.73385520942,3.9235583e-14
23326.094873087874,3.9076866e-14
23349.479310407405,3.8918145e-14
23372.887190666395,3.875942e-14
23396.31853734318,3.860864e-14
23419.77337397612,3.8449922e-14
23443.25172410357,3.8291202e-14
23466.75361130388,3.8140416e-14
23490.2790591854,3.7981696e-14
23513.82809134647,3.7822976e-14
23537.400731445436,3.765632e-14
23560.997003140645,3.7489665e-14
23584.616930120446,3.731507e-14
23608.26053611317,3.7124607e-14
23631.92784484715,3.6950017e-14
23655.618880080736,3.6823036e-14
23679.333665602262,3.6704e-14
23703.072225230062,3.6577024e-14
23726.834582792457,3.644211e-14
23750.620762147784,3.6291327e-14
23774.43078717438,3.612467e-14
23798.26468177056,3.5926272e-14
23822.12246988466,3.5656448e-14
23846.004175454993,3.53152e-14
23869.909822459886,3.507712e-14
23893.839434907663,3.5100927e-14
23917.793036816638,3.5148544e-14
23941.770652245126,3.5108865e-14
23965.772305251452,3.501363e-14
23989.79801995392,3.4894593e-14
24013.847820450843,3.4767616e-14
24037.92173091054,3.464064e-14
24062.01977549131,3.4505727e-14
24086.14197839146,3.4370815e-14
24110.2883638293,3.4235903e-14
24134.458956043127,3.410099e-14
24158.653779301247,3.3966082e-14
24182.872857901966,3.3831167e-14
24207.116216153576,3.3696255e-14
24231.383878404376,3.3561343e-14
24255.675869012655,3.342643e-14
24279.99221237671,3.3299454e-14
24304.33293289483,3.3164545e-14
24328.698055015313,3.3029633e-14
24353.087603206444,3.2902656e-14
24377.5016019365,3.2767744e-14
24401.940075733783,3.2632832e-14
24426.403049136556,3.2505855e-14
24450.89054668311,3.237888e-14
24475.40259299173,3.2243966e-14
24499.93921264069,3.211699e-14
24524.500430288255,3.1990015e-14
24549.086270582717,3.1863038e-14
24573.696758212332,3.173606e-14
24598.331917885385,3.1609088e-14
24622.991774330138,3.148211e-14
24647.67635231486,3.1355134e-14
24672.385676607813,3.122816e-14
24697.119772037273,3.1109118e-14
24721.878663421478,3.0982144e-14
24746.662375628715,3.0855167e-14
24771.47093353723,3.073613e-14
24796.30436204528,3.060915e-14
24821.16268610112,3.0482175e-14
24846.045930653003,3.0363136e-14
24870.954120679184,3.023616e-14
24895.887281207917,3.011712e-14
24920.845437257438,2.9990143e-14
24945.828613876,2.9871105e-14
24970.836836171857,2.9744128e-14
24995.87012923323,2.9625086e-14
25020.928518198376,2.9513986e-14
25046.012028235535,2.9394944e-14
25071.120684512938,2.928384e-14
25096.254512248826,2.9172736e-14
25121.41353668143,2.9053698e-14
25146.597783058984,2.894259e-14
25171.807276679712,2.8823552e-14
25197.04204284185,2.871245e-14
25222.302106883624,2.8593406e-14
25247.58749417326,2.8482303e-14
25272.89823008898,2.83712e-14
25298.234340059007,2.8252159e-14
25323.595849501555,2.8141057e-14
25348.982783884847,2.802995e-14
25374.3951686971,2.7918848e-14
25399.833029456528,2.7807744e-14
25425.29639171134,2.7696639e-14
25450.785280999757,2.7585535e-14
25476.299722939977,2.7474432e-14
25501.839743140208,2.7363328e-14
25527.405367238665,2.726016e-14
25552.996620893537,2.7149056e-14
25578.61352982304,2.7037952e-14
25604.256119725367,2.6934784e-14
25629.924416358725,2.682368e-14
25655.61844549129,2.6712575e-14
25681.33823292128,2.6609408e-14
25707.08380445688,2.650624e-14
25732.855185966273,2.6395136e-14
25758.652403317654,2.6291969e-14
25784.475482399215,2.6180863e-14
25810.324449159136,2.6077697e-14
25836.19932952561,2.5974528e-14
25862.100149496804,2.587136e-14
25888.026935070902,2.576819e-14
25913.979712276094,2.5665024e-14
25939.95850718054,2.5553918e-14
25965.963345842436,2.5450752e-14
25991.994254389927,2.5347583e-14
26018.051258961208,2.5236481e-14
26044.13438570444,2.5133312e-14
26070.243660807784,2.5014272e-14
26096.37911049942,2.4895232e-14
26122.540761007494,2.4760318e-14
26148.728638590183,2.4609536e-14
26174.942769565638,2.449843e-14
26201.183180232023,2.444288e-14
26227.449896937487,2.4395264e-14
26253.742946060196,2.432384e-14
26280.06235398829,2.4236543e-14
26306.408147159924,2.4149248e-14
26332.780352023252,2.4061951e-14
26359.178995046415,2.396672e-14
26385.604102747562,2.3871487e-14
26412.055701644837,2.3776255e-14
26438.533818296375,2.3681024e-14
26465.03847930032,2.3585792e-14
26491.56971125481,2.3498496e-14
26518.127540797985,2.3403265e-14
26544.71199459797,2.3308033e-14
26571.323099342902,2.3204864e-14
26597.960881750914,2.3109632e-14
26624.62536856013,2.30144e-14
26651.316586558678,2.2911232e-14
26678.03456253468,2.2816e-14
26704.77932330627,2.2728704e-14
26731.550895731554,2.2649343e-14
26758.349306698656,2.2562047e-14
26785.174583095697,2.247475e-14
26812.02675186079,2.2387455e-14
26838.905839962048,2.230016e-14
26865.81187438758,2.2212863e-14
26892.744882135503,2.2125568e-14
26919.704890253914,2.2038273e-14
26946.69192581093,2.1950976e-14
26973.706015904645,2.186368e-14
27000.747187663168,2.1776384e-14
27027.815468214594,2.1689088e-14
27054.910884757028,2.1601793e-14
27082.03346448855,2.1514495e-14
27109.18323463728,2.14272e-14
27136.36022245129,2.1339904e-14
27163.564455238684,2.1260544e-14
27190.79596029753,2.1173249e-14
27218.05476497594,2.1085952e-14
27245.340896631988,2.100659e-14
27272.654382663746,2.0919295e-14
27299.995250499313,2.0839934e-14
27327.363527596754,2.075264e-14
27354.759241414165,2.0673279e-14
27382.182419469595,2.0585984e-14
27409.633089291136,2.0506624e-14
27437.111278446853,2.0427265e-14
27464.617014514813,2.0339968e-14
27492.15032511309,2.0260608e-14
27519.711237889744,2.0181248e-14
27547.29978051284,2.0093951e-14
27574.915980680446,2.0014592e-14
27602.55986612061,1.9935232e-14
27630.231464591398,1.9847937e-14
27657.930803870866,1.9768577e-14
27685.657911777056,1.9673343e-14
27713.412816138036,1.9570174e-14
27741.195544811853,1.9395582e-14
27769.00612571654,1.90464e-14
27796.844586750158,1.8649599e-14
27824.710955880753,1.8760704e-14
27852.605261076355,1.9030528e-14
27880.527530355015,1.9086078e-14
27908.477791724763,1.90464e-14
27936.45607327364,1.8982913e-14
27964.46240308967,1.8919423e-14
27992.496809270902,1.8848e-14
28020.559319985357,1.876864e-14
28048.649963391068,1.8697217e-14
28076.768767706057,1.862579e-14
28104.915761148342,1.8546432e-14
28133.09097199596,1.8475008e-14
28161.294428516925,1.8403585e-14
28189.526159039247,1.8324223e-14
28217.786191900956,1.82528e-14
28246.074555480063,1.8181376e-14
28274.391278174575,1.8109952e-14
28302.736388422498,1.803059e-14
28331.10991467185,1.7959167e-14
28359.51188542064,1.7887743e-14
28387.942329166865,1.781632e-14
28416.401274478536,1.7744896e-14
28444.88874990364,1.7673471e-14
28473.404784070182,1.7602048e-14
28501.94940558616,1.7530624e-14
28530.52264311957,1.7459199e-14
28559.1245253484,1.7387775e-14
28587.755081010648,1.7324287e-14
28616.41433883429,1.7252863e-14
28645.102327597324,1.7173505e-14
28673.81907609773,1.710208e-14
28702.56461317349,1.702272e-14
28731.33896769258,1.6927488e-14
28760.142168522983,1.6808447e-14
28788.97424460268,1.662592e-14
28817.835224879633,1.6403711e-14
28846.725138311827,1.6371968e-14
28875.644013917226,1.6451328e-14
28904.591880733795,1.6475136e-14
28933.56876781951,1.6435456e-14
28962.574704262326,1.6379904e-14
28991.609719190208,1.6332288e-14
29020.673841761112,1.6276736e-14
29049.767101153,1.6229119e-14
29078.889526563828,1.6165632e-14
29108.04114724155,1.6110079e-14
29137.221992444127,1.6046592e-14
29166.43209148949,1.5983103e-14
29195.671473695595,1.5927552e-14
29224.94016841039,1.5864065e-14
29254.238205021815,1.5800576e-14
29283.56561295781,1.5737088e-14
29312.922421646323,1.56736e-14
29342.30866057529,1.5610112e-14
29371.72435924264,1.5546624e-14
29401.1695471863,1.5483135e-14
29430.64425395422,1.5427584e-14
29460.148509154307,1.5364095e-14
29489.682342414508,1.5300608e-14
29519.24578336274,1.523712e-14
29548.83886170693,1.5173631e-14
29578.46160713499,1.5110143e-14
29608.114049404845,1.5054591e-14
29637.796218284402,1.4991104e-14
29667.50814357159,1.4927616e-14
29697.249855104317,1.4856192e-14
29727.02138273048,1.4784767e-14
29756.82275634801,1.46816e-14
29786.654005884793,1.4514945e-14
29816.515161278745,1.4245119e-14
29846.406252507768,1.41181436e-14
29876.327309599754,1.4253056e-14
29906.2783625826,1.434035e-14
29936.25944153421,1.4308607e-14
29966.270576552477,1.4213375e-14
29996.311797775288,1.4102272e-14
30026.383135350534,1.4054656e-14
30056.4846194761,1.40705285e-14
30086.616280369875,1.4062592e-14
30116.778148289737,1.40308475e-14
30146.970253523574,1.39832316e-14
30177.192626379252,1.3935616e-14
30207.44529719467,1.3888e-14
30237.728296347675,1.3832448e-14
30268.041654246157,1.3784833e-14
30298.38540131798,1.3729279e-14
30328.75956803102,1.3673728e-14
30359.164184883128,1.3618176e-14
30389.599282402174,1.3562624e-14
30420.064891136033,1.3515008e-14
30450.561041682548,1.3459456e-14
30481.087764649583,1.3403903e-14
30511.64509069499,1.33483516e-14
30542.23305050662,1.33007364e-14
30572.85167477233,1.3245183e-14
30603.50099423997,1.3189632e-14
30634.18103969738,1.3142016e-14
30664.89184193241,1.3086464e-14
30695.633431782902,1.30309116e-14
30726.405840106687,1.2983296e-14
30757.209097811618,1.2927744e-14
30788.043235815516,1.2880128e-14
30818.908285086218,1.2824575e-14
30849.804276591563,1.2776959e-14
30880.731241379377,1.2721408e-14
30911.689210477478,1.26737915e-14
30942.67821497371,1.2626176e-14
30973.698285985873,1.25706245e-14
31004.749454651803,1.2523009e-14
31035.831752159313,1.2475391e-14
31066.945209696227,1.241984e-14
31098.089858520347,1.2372224e-14
31129.265729879484,1.2324608e-14
31160.47285509146,1.2276992e-14
31191.711265494076,1.222144e-14
31222.980992425135,1.2173824e-14
31254.282067302436,1.2126208e-14
31285.6145215338,1.20785916e-14
31316.978386597,1.2030976e-14
31348.373693969846,1.198336e-14
31379.800475170126,1.1935744e-14
31411.258761755642,1.1888128e-14
31442.748585314177,1.1840512e-14
31474.26997745351,1.1792896e-14
31505.822969831446,1.174528e-14
31537.40759411575,1.1697664e-14
31569.023882024212,1.1650048e-14
31600.671865294607,1.1602432e-14
31632.351575714718,1.1554816e-14
31664.063045072307,1.15072e-14
31695.80630521516,1.1459584e-14
31727.581388021033,1.1419903e-14
31759.388325377706,1.1372288e-14
31791.22714923294,1.1324671e-14
31823.09789153449,1.1277056e-14
31855.000584300127,1.1237375e-14
31886.9352595576,1.1189759e-14
31918.901949354677,1.1142143e-14
31950.9006857991,1.1094527e-14
31982.93150101863,1.1046911e-14
32014.994427161015,1.0999295e-14
32047.089496424003,1.09516795e-14
32079.216741035332,1.09040635e-14
32111.376193242744,1.0848512e-14
32143.567885343993,1.079296e-14
32175.7918496568,1.0737408e-14
32208.048118518916,1.0681856e-14
32240.33672433807,1.0658048e-14
32272.657699521988,1.0626304e-14
32305.011076518407,1.0602496e-14
32337.39688781504,1.0562816e-14
32369.815165919626,1.0531072e-14
32402.265943389888,1.0491392e-14
32434.749252803533,1.0451712e-14
32467.265126768285,1.0404096e-14
32499.813597941866,1.0364415e-14
32532.394698991982,1.0324735e-14
32565.00846263634,1.0285056e-14
32597.654921612662,1.0245376e-14
32630.334108708637,1.0205696e-14
32663.04605672199,1.0166017e-14
32695.790798500402,1.01263365e-14
32728.56836692158,1.007872e-14
32761.37879489323,1.00390396e-14
32794.22211536302,9.9993595e-15
32827.098361288685,9.95968e-15
32860.00756569788,9.92e-15
32892.9497616183,9.880319e-15
32925.92498213764,9.840641e-15
32958.93326034358,9.80096e-15
32991.9746293938,9.76128e-15
33025.04912245597,9.7216e-15
33058.15677272778,9.689855e-15
33091.297613456896,9.650175e-15
33124.471677930975,9.610496e-15
33157.67899942771,9.570816e-15
33190.91961131477,9.531136e-15
33224.1935469498,9.4914565e-15
33257.50083974047,9.451776e-15
33290.84152313445,9.420032e-15
33324.215630609375,9.380352e-15
33357.62319565292,9.340672e-15
33391.06425183273,9.300991e-15
33424.53883269645,9.2692476e-15
33458.04697187174,9.2295675e-15
33491.588702996254,9.189888e-15
33525.16405974761,9.158144e-15
33558.77307583345,9.118464e-15
33592.41578500144,9.078784e-15
33626.0922210192,9.04704e-15
33659.80241769435,9.00736e-15
33693.54640889454,8.975617e-15
33727.324228477395,8.935936e-15
33761.13591037054,8.904192e-15
33794.9814885116,8.864512e-15
33828.8609968782,8.832768e-15
33862.774469497956,8.793088e-15
33896.72194041848,8.761344e-15
33930.70344370739,8.721664e-15
33964.71901349231,8.68992e-15
33998.76868393084,8.658176e-15
34032.85248921058,8.618496e-15
34066.97046353915,8.5867525e-15
34101.122641174145,8.555008e-15
34135.30905640318,8.515328e-15
34169.52974356382,8.483584e-15
34203.7847369937,8.45184e-15
34238.07407110038,8.420095e-15
34272.39778030147,8.380416e-15
34306.755899064556,8.348672e-15
34341.148461877216,8.316928e-15
34375.57550327704,8.285184e-15
34410.037057831614,8.245504e-15
34444.53316012851,8.21376e-15
34479.06384480529,8.1820156e-15
34513.629146539555,8.150271e-15
34548.22910002887,8.118528e-15
34582.863740010784,8.086784e-15
34617.533101252884,8.055039e-15
34652.23721857272,8.023296e-15
34686.97612681788,7.983616e-15
34721.74986085589,7.951872e-15
34756.558455604325,7.922509e-15
34791.40194600075,7.890765e-15
34826.28036704269,7.858227e-15
34861.1937537477,7.82569e-15
34896.14214116333,7.793152e-15
34931.12556436714,7.7598204e-15
34966.14405850666,7.724902e-15
35001.19765871944,7.689984e-15
35036.28640020299,7.656653e-15
35071.410318204864,7.628083e-15
35106.569447962596,7.601101e-15
35141.763824793714,7.574119e-15
35176.99348402574,7.545549e-15
35212.2584610362,7.516979e-15
35247.55879123264,7.487616e-15
35282.894510042526,7.458253e-15
35318.265652953414,7.42889e-15
35353.67225547282,7.3995265e-15
35389.11435315824,7.370163e-15
35424.5919815872,7.340006e-15
35460.1051763772,7.310643e-15
35495.65397319573,7.28128e-15
35531.23840771033,7.251917e-15
35566.85851566846,7.222553e-15
35602.51433282764,7.19319e-15
35638.205894985345,7.163827e-15
35673.93323797909,7.134464e-15
35709.696397666354,7.105894e-15
35745.495409974625,7.078118e-15
35781.330310821395,7.0503423e-15
35817.20113620414,7.0225664e-15
35853.10792214033,6.9939968e-15
35889.05070465745,6.966221e-15
35925.02951986298,6.938445e-15
35961.04440387439,6.9114623e-15
35997.09539283915,6.8836864e-15
36033.18252297473,6.85591e-15
36069.30583048856,6.828134e-15
36105.46535166816,6.8003583e-15
36141.66112281095,6.7725824e-15
36177.893180254396,6.7448065e-15
36214.16156037596,6.7170306e-15
36250.46629959308,6.6884606e-15
36286.80743435321,6.658304e-15
36323.185001143815,6.6257666e-15
36359.59903648231,6.5884675e-15
36396.049576936166,6.536883e-15
36432.536659102785,6.4630782e-15
36469.06031960963,6.4051454e-15
36505.62059513413,6.4154623e-15
36542.21752237372,6.4360956e-15
36578.851138075814,6.4329213e-15
36615.52147901786,6.4170496e-15
36652.22858201726,6.396416e-15
36688.97248393145,6.372608e-15
36725.75322165785,6.3488e-15
36762.570832103855,6.323405e-15
36799.4253522569,6.2980097e-15
36836.31681910438,6.272614e-15
36873.24526969372,6.2464254e-15
36910.210741102295,6.219443e-15
36947.213270437554,6.1916673e-15
36984.25289484686,6.1615104e-15
37021.32965151762,6.125798e-15
37058.443577687234,6.082944e-15
37095.59471061309,6.04009e-15
37132.78308759258,6.021043e-15
37170.008745963096,6.017869e-15
37207.27172309201,6.0083456e-15
37244.57205640671,5.9924735e-15
37281.90978334458,5.9726334e-15
37319.284941402984,5.9512065e-15
37356.69756809931,5.928192e-15
37394.14770100093,5.9051774e-15
37431.6353776952,5.882163e-15
37469.160635829496,5.859149e-15
37506.72351309118,5.835341e-15
37544.3240471676,5.8123265e-15
37581.96227582613,5.788518e-15
37619.63823686413,5.765504e-15
37657.35196807893,5.743283e-15
37695.10350736791,5.7202684e-15
37732.89289260838,5.698048e-15
37770.72016175772,5.6750335e-15
37808.58535279327,5.6528124e-15
37846.488503722336,5.629798e-15
37884.42965260229,5.6075775e-15
37922.408837530435,5.585357e-15
37960.42609663413,5.5623425e-15
37998.48146808071,5.5401215e-15
38036.57499008746,5.517901e-15
38074.706700891744,5.49568e-15
38112.876638780865,5.473459e-15
38151.08484208215,5.451238e-15
38189.331349152904,5.4282238e-15
38227.61619838044,5.406003e-15
38265.939428222075,5.383782e-15
38304.301077145115,5.3607678e-15
38342.70118366686,5.3393404e-15
38381.13978633462,5.317914e-15
38419.61692375569,5.29728e-15
38458.13263454737,5.2766464e-15
38496.68695737694,5.255219e-15
38535.27993097171,5.2337916e-15
38573.91159405896,5.212365e-15
38612.581985435965,5.190144e-15
38651.29114393002,5.166336e-15
38690.03910839842,5.1393533e-15
38728.82591773841,5.1060226e-15
38767.65161090728,5.0504704e-15
38806.51622688231,4.9473026e-15
38845.41980468076,4.834611e-15
38884.36238334991,4.8481023e-15
38923.344002007,4.9369857e-15
38962.364699779304,4.971904e-15
39001.424515854094,4.966349e-15
39040.52348943859,4.948096e-15
39079.661659780075,4.9258752e-15
39118.83906618581,4.908416e-15
39158.05574799299,4.8949246e-15
39197.31174456892,4.88064e-15
39236.6070953208,4.864768e-15
39275.941839715895,4.8473087e-15
39315.31601723143,4.829056e-15
39354.72966741462,4.8100096e-15
39394.182829822734,4.790963e-15
39433.67554407297,4.771917e-15
39473.20784981257,4.7528704e-15
39512.779786728745,4.733824e-15
39552.39139456872,4.7147777e-15
39592.04271308973,4.6965245e-15
39631.73378209895,4.6782722e-15
39671.46464145361,4.660019e-15
39711.235331050935,4.6417664e-15
39751.0458907981,4.6235132e-15
39790.89636068233,4.605261e-15
39830.78678071083,4.587008e-15
39870.71719093077,4.568755e-15
39910.68763142938,4.5505024e-15
39950.69814234381,4.5322493e-15
39990.748763841286,4.513997e-15
40030.83953613898,4.495744e-15
40070.97049947407,4.478285e-15
40111.14169415373,4.4600317e-15
40151.353160505176,4.442573e-15
40191.604938885524,4.42432e-15
40231.897069732,4.406861e-15
40272.229593481745,4.3894014e-15
40312.602550641925,4.3719423e-15
40353.0159817297,4.354483e-15
40393.469927332255,4.337024e-15
40433.96442806672,4.319565e-15
40474.49952458027,4.3021053e-15
40515.075257570046,4.2846463e-15
40555.6916677932,4.2679805e-15
40596.34879600688,4.2505214e-15
40637.04668303823,4.2330624e-15
40677.78536974438,4.216397e-15
40718.56489704247,4.1997312e-15
40759.38530585965,4.182272e-15
40800.246637183045,4.1656064e-15
40841.148932039774,4.1489406e-15
40882.09223148698,4.1322752e-15
40923.07657665177,4.1156094e-15
40964.10200866126,4.0997377e-15
41005.168568722605,4.083072e-15
41046.27629805287,4.0664066e-15
41087.42523792921,4.0497408e-15
41128.615429668695,4.0338686e-15
41169.846914628455,4.017997e-15
41211.119734195585,4.001331e-15
41252.43392980719,3.985459e-15
41293.78954295038,3.969587e-15
41335.18661514222,3.9529215e-15
41376.625187949816,3.93705e-15
41418.10530298026,3.9211777e-15
41459.62700187063,3.9053055e-15
41501.19032630802,3.889434e-15
41542.7953180295,3.8735617e-15
41584.442018812144,3.8576896e-15
41626.130470453034,3.8418175e-15
41667.86071480924,3.8259458e-15
41709.63279379783,3.8100736e-15
41751.44674933586,3.793408e-15
41793.30262341042,3.7767425e-15
41835.20045804852,3.7600767e-15
41877.14029532725,3.7434113e-15
41919.12217732367,3.7291265e-15
41961.14614621481,3.7148417e-15
42003.21224418772,3.7005565e-15
42045.320513469465,3.687066e-15
42087.47099633707,3.6727806e-15
42129.66373511756,3.6592895e-15
42171.898772168,3.6450047e-15
42214.1761498854,3.6315136e-15
42256.49591072679,3.617229e-15
42298.85809717922,3.602944e-15
42341.26275176969,3.5886592e-15
42383.70991708524,3.5743744e-15
42426.199635722856,3.5600896e-15
42468.73195035959,3.5465985e-15
42511.30690369243,3.5323135e-15
42553.92453845838,3.5180287e-15
42596.58489745447,3.5037437e-15
42639.28802351768,3.4902526e-15
42682.033959505025,3.475968e-15
42724.8227483535,3.461683e-15
42767.654433000076,3.448192e-15
42810.52905647177,3.4347008e-15
42853.44666179556,3.420416e-15
42896.40729206844,3.406925e-15
42939.410990427394,3.3934338e-15
42982.457800049364,3.3791488e-15
43025.54776414136,3.3656577e-15
43068.680925970344,3.3521663e-15
43111.85732885331,3.3386752e-15
43155.07701611717,3.3251841e-15
43198.34003117893,3.3124865e-15
43241.64641746554,3.2989951e-15
43284.996218443965,3.285504e-15
43328.38947766114,3.2720129e-15
43371.826238664034,3.2593152e-15
43415.30654506959,3.245824e-15
43458.830440534744,3.2323328e-15
43502.39796875644,3.2196353e-15
43546.009173471626,3.2069377e-15
43589.66409847724,3.1934463e-15
43633.3627875902,3.1807487e-15
43677.10528469745,3.1680512e-15
43720.89163369592,3.1553536e-15
43764.72187857251,3.1426561e-15
43808.59606331415,3.1299583e-15
43852.51423198777,3.1180543e-15
43896.47642866028,3.1053566e-15
43940.48269749859,3.0926592e-15
43984.5330826696,3.0807552e-15
44028.62762840022,3.0680575e-15
44072.76637896735,3.0561537e-15
44116.949378687896,3.0442495e-15
44161.17667190876,3.031552e-15
44205.44830304681,3.0196479e-15
44249.76431654895,3.007744e-15
44294.12475690208,2.99584e-15
44338.52966865304,2.9831423e-15
44382.97909636875,2.9712383e-15
44427.47308469608,2.9593343e-15
44472.011678301904,2.9474303e-15
44516.59492189309,2.9355263e-15
44561.22286024649,2.924416e-15
44605.895538148994,2.912512e-15
44650.613000467434,2.900608e-15
44695.3752920987,2.888704e-15
44740.18245797963,2.8775935e-15
44785.03454308708,2.8656895e-15
44829.931592467896,2.8545792e-15
44874.87365119893,2.8426752e-15
44919.860764387005,2.8315647e-15
44964.892977208976,2.8188672e-15
45009.970334881684,2.8045824e-15
45055.09288266196,2.789504e-15
45100.260665836606,2.7744255e-15
45145.47372977249,2.7569662e-15
45190.732119866414,2.7363327e-15
45236.03588153521,2.716493e-15
45281.385060285655,2.6974463e-15
45326.77970164461,2.6791936e-15
45372.219851178874,2.6768128e-15
45417.70555451524,2.6839552e-15
45463.23685732053,2.6839552e-15
45508.813805311525,2.6784e-15
45554.436444245046,2.670464e-15
45600.10481993786,2.6617343e-15
45645.81897821678,2.6522114e-15
45691.578964998596,2.6418945e-15
45737.38482622008,2.6315776e-15
45783.236607878,2.6212608e-15
45829.13435598917,2.610944e-15
45875.078116650344,2.6006273e-15
45921.06793598831,2.589517e-15
45967.1038601698,2.5792e-15
46013.185935421614,2.5688832e-15
46059.31420800052,2.5585664e-15
46105.48872423324,2.5490432e-15
46151.70953047655,2.5387263e-15
46197.97667312722,2.5284094e-15
46244.290198641975,2.5188865e-15
46290.65015351756,2.5085696e-15
46337.056584300735,2.4982527e-15
46383.50953759823,2.4887293e-15
46430.00906002678,2.478413e-15
46476.55519827311,2.468096e-15
46523.14799908397,2.4585726e-15
46569.78750923608,2.448256e-15
46616.47377554614,2.4379391e-15
46663.20684490091,2.4276223e-15
46709.98676419707,2.4173054e-15
46756.813580431364,2.4069885e-15
46803.68734060047,2.3950848e-15
46850.60809176112,2.3831806e-15
46897.57588103999,2.3728641e-15
46944.59075557382,2.3649278e-15
46991.65276257927,2.3577857e-15
47038.76194929306,2.3498496e-15
47085.918363031866,2.3411199e-15
47133.12205113238,2.3323903e-15
47180.373060971266,2.3236608e-15
47227.67144001523,2.3149313e-15
47275.01723573094,2.305408e-15
47322.41049567507,2.2966786e-15
47369.85126740429,2.2871552e-15
47417.33959856526,2.2784255e-15
47464.87553683465,2.2689025e-15
47512.45912993912,2.2601727e-15
47560.09042565533,2.2506496e-15
47607.76947178992,2.24192e-15
47655.49631623956,2.2331905e-15
47703.27100689087,2.223667e-15
47751.09359173052,2.2149376e-15
47798.96411877515,2.2062078e-15
47846.882636071365,2.1974783e-15
47894.849191735826,2.1887488e-15
47942.86383392516,2.180019e-15
47990.926610856,2.1712896e-15
48039.03757077493,2.16256e-15
48087.19676198862,2.1538303e-15
48135.40423285365,2.1451008e-15
48183.660031756655,2.1363713e-15
48231.96420715423,2.1276415e-15
48280.316807543,2.118912e-15
48328.71788146955,2.1101823e-15
48377.167477530485,2.1022464e-15
48425.665644372406,2.0935169e-15
48474.21243068189,2.0847872e-15
48522.807885195536,2.076851e-15
48571.45205671993,2.0681216e-15
48620.144994071656,2.059392e-15
48668.8867461573,2.051456e-15
48717.67736190342,2.0427263e-15
48766.516890296596,2.0347904e-15
48815.40538037339,2.0260607e-15
48864.34288122039,2.0181248e-15
48913.32944197413,2.0093953e-15
48962.365111811174,2.0014592e-15
49011.449939958104,1.9927295e-15
49060.58397570143,1.9847934e-15
49109.76726837772,1.9768576e-15
49158.999867363535,1.968128e-15
49208.28182208538,1.960192e-15
49257.61318202981,1.9506688e-15
49306.99399671337,1.9411456e-15
49356.42431572257,1.9276545e-15
49405.90418868396,1.9062271e-15
49455.43366527404,1.8760704e-15
49505.01279521935,1.8649599e-15
49554.641628306395,1.8792447e-15
49604.32021436168,1.8871807e-15
49654.04860325173,1.8855936e-15
49703.82684490306,1.880832e-15
49753.65498931214,1.8752767e-15
49803.53308648549,1.8681343e-15
49853.46118650961,1.8617856e-15
49903.43933951099,1.8546432e-15
49953.467595676106,1.8475008e-15
50003.54600522145,1.8395648e-15
50053.6746184335,1.8324224e-15
50103.85348563874,1.82528e-15
50154.08265721365,1.8181376e-15
50204.3621835947,1.8102015e-15
50254.69211525832,1.8030591e-15
50305.072502731025,1.795917e-15
50355.50339660927,1.7887743e-15
50405.98484751946,1.781632e-15
50456.5169061381,1.7744896e-15
50507.09962320164,1.7673472e-15
50557.733049506496,1.7602048e-15
50608.417235869114,1.7530624e-15
50659.15223319596,1.7467137e-15
50709.938092413446,1.7395712e-15
50760.77486451802,1.7324289e-15
50811.662600546086,1.7252864e-15
50862.60135158408,1.7189375e-15
50913.59116877843,1.7117952e-15
50964.632103325566,1.7046527e-15
51015.72420647187,1.698304e-15
51066.86752951376,1.6911616e-15
51118.06212378766,1.6848127e-15
51169.30804070996,1.6776704e-15
51220.60533172707,1.6713216e-15
51271.95404832537,1.6641792e-15
51323.35424208128,1.6578304e-15
51374.80596459115,1.6506881e-15
51426.30926751139,1.6443392e-15
51477.86420254837,1.6379903e-15
51529.47082146848,1.630848e-15
51581.129176088085,1.6244992e-15
51632.839318273545,1.6181505e-15
51684.60129993125,1.6118015e-15
51736.41517303756,1.6046592e-15
51788.280989608815,1.5983104e-15
51840.19880172139,1.5919616e-15
51892.16866150164,1.5856127e-15
51944.190621125876,1.5792639e-15
51996.26473283049,1.5729152e-15
52048.3910488918,1.5665664e-15
52100.569621646144,1.5602176e-15
52152.80050347988,1.5538688e-15
52205.083746829296,1.5475199e-15
52257.41940419074,1.5403776e-15
52309.80752812055,1.5332351e-15
52362.24817119501,1.5252992e-15
52414.74138608048,1.5126016e-15
52467.28722547322,1.4864127e-15
52519.88574212958,1.456256e-15
52572.536988865846,1.4602239e-15
52625.24101852833,1.4808576e-15
52677.99788405332,1.4864127e-15
52730.80763838711,1.4832383e-15
52783.67033456599,1.4784768e-15
52836.58602566624,1.472128e-15
52889.554764804154,1.4665729e-15
52942.576605156,1.4610176e-15
52995.65159997805,1.4554624e-15
53048.77980253661,1.4499072e-15
53101.961266177896,1.444352e-15
53155.196044308206,1.4387967e-15
53208.48419035379,1.432448e-15
53261.82575784088,1.4268928e-15
53315.22080030577,1.4213376e-15
53368.66937135468,1.4157823e-15
53422.17152467387,1.4102272e-15
53475.72731394958,1.4046719e-15
53529.33679297803,1.3991168e-15
53583.00001556546,1.3935617e-15
53636.71703559812,1.3880064e-15
53690.487907002214,1.3824512e-15
53744.31268377398,1.376896e-15
53798.191419939605,1.3713408e-15
53852.12416960535,1.3657856e-15
53906.11098691739,1.3602303e-15
53960.151926071936,1.3546751e-15
54014.247041335206,1.34912e-15
54068.396387013374,1.3435647e-15
54122.60001748268,1.3380097e-15
54176.85798713927,1.3324544e-15
54231.17035047935,1.3261057e-15
54285.537162029104,1.3197567e-15
54339.95847637472,1.3126143e-15
54394.43434814235,1.305472e-15
54448.964832038204,1.2983296e-15
54503.549982808414,1.2943616e-15
54558.18985525916,1.2919808e-15
54612.88450424661,1.2880127e-15
54667.63398467691,1.2840448e-15
54722.438351526216,1.2792832e-15
54777.29765982068,1.2745216e-15
54832.21196463645,1.26976e-15
54887.18132110966,1.2649984e-15
54942.20578441646,1.2594432e-15
54997.28540982297,1.2546815e-15
55052.42025260532,1.2499199e-15
55107.61036813965,1.2443647e-15
55162.855811832065,1.2388096e-15
55218.15663914869,1.234048e-15
55273.512905595664,1.2276992e-15
55328.92466677906,1.222144e-15
55384.391978305,1.2150015e-15
55439.914895879585,1.2054783e-15
55495.49347524892,1.1943679e-15
55551.12777220911,1.1880192e-15
55606.817842606215,1.1880192e-15
55662.56374237634,1.1880192e-15
55718.36552746557,1.1856384e-15
55774.22325391999,1.1832576e-15
55830.136977805654,1.1792896e-15
55886.10675525866,1.1753216e-15
55942.13264248506,1.1713535e-15
55998.214695730916,1.166592e-15
56054.35297130229,1.1618304e-15
56110.54752555524,1.1578624e-15
56166.798414915815,1.1531008e-15
56223.10569585008,1.1483393e-15
56279.46942491404,1.1435776e-15
56335.889658673776,1.1396097e-15
56392.366453785304,1.134848e-15
56448.899866944645,1.1300864e-15
56505.48995492785,1.1253248e-15
56562.13677453094,1.1205632e-15
56618.840382639915,1.1165953e-15
56675.60083618082,1.1118336e-15
56732.41819213963,1.107072e-15
56789.29250757238,1.1031039e-15
56846.22383956508,1.0983424e-15
56903.21224529371,1.0943744e-15
56960.25778195428,1.0896128e-15
57017.36050684276,1.0856448e-15
57074.52047727517,1.0808832e-15
57131.73775063746,1.0769151e-15
57189.01238439564,1.0721536e-15
57246.34443602568,1.0681856e-15
57303.73396311354,1.0642176e-15
57361.18102327518,1.059456e-15
57418.68567417659,1.055488e-15
57476.24797355371,1.0507264e-15
57533.86797920251,1.0467584e-15
57591.545748978926,1.0427904e-15
57649.28134078891,1.0380288e-15
57707.07481258841,1.0340608e-15
57764.92622242336,1.0300928e-15
57822.83562834971,1.0253312e-15
57880.80308853337,1.0213631e-15
57938.82866116029,1.0166016e-15
57996.91240449637,1.0126336e-15
58055.05437684755,1.007872e-15
58113.25463658972,1.003904e-15
58171.51324216881,1.0007296e-15
58229.830252060725,9.967616e-16
58288.20572483137,9.927937e-16
58346.63971907662,9.888256e-16
58405.132293462404,9.856512e-16
58463.68350673459,9.816832e-16
58522.293417659064,9.777152e-16
58580.962085091734,9.737472e-16
58639.689567928435,9.697792e-16
58698.47592513508,9.658112e-16
58757.32121573751,9.618432e-16
58816.225498811604,9.586688e-16
58875.18883349323,9.547008e-16
58934.21127898822,9.507329e-16
58993.29289455246,9.467648e-16
59052.43373951178,9.427968e-16
59111.63387323203,9.396223e-16
59170.893355159045,9.356544e-16
59230.21224477867,9.316864e-16
59289.590601666714,9.277183e-16
59349.02848541903,9.24544e-16
59408.52595571145,9.20576e-16
59468.08307229977,9.16608e-16
59527.699894959806,9.134336e-16
59587.37648355739,9.094655e-16
59647.11289800831,9.054976e-16
59706.909198278365,9.023232e-16
59766.76544441338,8.983552e-16
59826.681696499116,8.951808e-16
59886.6580147014,8.912128e-16
59946.69445923599,8.880384e-16
60006.79109036867,8.840704e-16
60066.94796844523,8.80896e-16
60127.165153871436,8.7692797e-16
60187.44270708305,8.737536e-16
60247.78068861586,8.697856e-16
60308.17915905561,8.6661116e-16
60368.63817902805,8.626432e-16
60429.15780922894,8.5946877e-16
60489.738110434024,8.562944e-16
60550.379143469065,8.523264e-16
60611.080969209776,8.49152e-16
60671.84364859191,8.45184e-16
60732.66724264117,8.4200957e-16
60793.551812403326,8.388352e-16
60854.497419024075,8.3486717e-16
60915.50412368912,8.3169276e-16
60976.5719876442,8.285184e-16
61037.70107220503,8.2534403e-16
61098.89143874729,8.21376e-16
61160.14314869669,8.182016e-16
61221.45626355893,8.150272e-16
61282.83084489971,8.118528e-16
61344.26695431469,8.078848e-16
61405.76465350959,8.047104e-16
61467.32400422007,8.0153595e-16
61528.945068251785,7.983616e-16
61590.62790747044,7.9518717e-16
61652.37258380168,7.912986e-16
61714.17915925119,7.869338e-16
61776.0476958546,7.8074367e-16
61837.97825574758,7.705856e-16
61899.97090109577,7.612211e-16
61962.02569414481,7.627289e-16
62024.142697200354,7.6733186e-16
62086.321972618025,7.6788735e-16
62148.56358283346,7.663001e-16
62210.8675903323,7.6384e-16
62273.23405768015,7.6114174e-16
62335.663047472626,7.5820545e-16
62398.15462240535,7.552691e-16
62460.70884521392,7.523328e-16
62523.32577871395,7.493171e-16
62586.005485751055,7.463808e-16
62648.748029270806,7.433651e-16
62711.553472258805,7.404288e-16
62774.42187779064,7.374131e-16
62837.353308961894,7.344768e-16
62900.34782896813,7.315405e-16
62963.405501054964,7.286042e-16
63026.52638852792,7.2566784e-16
63089.71055476258,7.227315e-16
63152.95806320451,7.1987456e-16
63216.268977339256,7.169382e-16
63279.64336075237,7.140813e-16
63343.08127704943,7.11145e-16
63406.58278993593,7.08288e-16
63470.14796315744,7.05431e-16
63533.77686053948,7.0265343e-16
63597.469545967586,6.9979644e-16
63661.226083387286,6.969395e-16
63725.0465368141,6.941619e-16
63788.93097031353,6.913843e-16
63852.8794480411,6.8852735e-16
63916.892034182325,6.857497e-16
63980.968793022694,6.8297214e-16
64045.1097888877,6.801945e-16
64109.315086172835,6.77417e-16
64173.58474934361,6.746394e-16
64237.918842925494,6.719411e-16
64302.31743151398,6.691635e-16
64366.78057976451,6.6630656e-16
64431.3083523926,6.63529e-16
64495.900814183675,6.60672e-16
64560.55803000323,6.5773564e-16
64625.280064756706,6.5472e-16
64690.06698341954,6.514662e-16
64754.91885104722,6.47895e-16
64819.83573274515,6.4448254e-16
64884.81769368879,6.4218115e-16
64949.864799133575,6.404352e-16
65014.977114374924,6.384512e-16
65080.15470477827,6.3622916e-16
65145.39763580902,6.336896e-16
65210.70597294262,6.311501e-16
65276.07978176445,6.2845186e-16
65341.519127899934,6.2567423e-16
65407.02407706447,6.230553e-16
65472.59469501345,6.208333e-16
65538.23104758227,6.1869055e-16
65603.93320067633,6.165478e-16
65669.701220251,6.142464e-16
65735.53517234165,6.11945e-16
65801.43512304367,6.096435e-16
65867.40113852244,6.0726275e-16
65933.43328501332,6.048819e-16
65999.53162881166,6.025011e-16
66065.69623627281,6.001203e-16
66131.92717383213,5.977395e-16
66198.22450797497,5.9535876e-16
66264.58830528667,5.929779e-16
66331.01863237255,5.905971e-16
66397.51555593796,5.882163e-16
66464.07914274826,5.8575616e-16
66530.7094596387,5.8337536e-16
66597.40657349466,5.809945e-16
66664.17055128144,5.7861376e-16
66731.00146004431,5.761536e-16
66797.89936685863,5.736141e-16
66864.86433890967,5.709158e-16
66931.89644342272,5.6797953e-16
66998.99574770308,5.644877e-16
67066.16231910605,5.601229e-16
67133.39622507688,5.5639297e-16
67200.69753312088,5.5552e-16
67268.06631080329,5.552819e-16
67335.50262575941,5.541709e-16
67403.00654570445,5.5242494e-16
67470.57813840373,5.503616e-16
67538.21747171246,5.483776e-16
67605.9246135259,5.4631423e-16
67673.6996318293,5.4433027e-16
67741.54259466789,5.422669e-16
67809.45357014688,5.402035e-16
67877.43262647155,5.3814015e-16
67945.47983186708,5.359974e-16
68013.59525467873,5.3385474e-16
68081.77896327166,5.317913e-16
68150.0310261111,5.2964864e-16
68218.35151173231,5.275059e-16
68286.7404887104,5.2544254e-16
68355.19802572062,5.232998e-16
68423.72419149814,5.212365e-16
68492.31905482817,5.1909377e-16
68560.98268459586,5.1695104e-16
68629.71514972641,5.148083e-16
68698.51651923498,5.126656e-16
68767.38686219673,5.1028483e-16
68836.32624775682,5.076659e-16
68905.33474514043,5.036186e-16
68974.41242361268,4.9544445e-16
69043.55935253877,4.8536576e-16
69112.77560134375,4.8592126e-16
69182.06123952282,4.924288e-16
69251.41633663111,4.9457153e-16
69320.84096230376,4.937779e-16
69390.33518624584,4.9219073e-16
69459.89907823251,4.903654e-16
69529.53270809888,4.884608e-16
69599.23614576003,4.8655616e-16
69669.0094612011,4.846515e-16
69738.85272446716,4.827469e-16
69808.76600569331,4.8084223e-16
69878.74937505463,4.7893763e-16
69948.80290283624,4.769536e-16
70018.92665935315,4.7504895e-16
70089.1207150205,4.7306494e-16
70159.38514031333,4.7116033e-16
70229.72000577669,4.6925567e-16
70300.12538201567,4.67351e-16
70370.60133973531,4.654464e-16
70441.14794968061,4.6354175e-16
70511.76528268671,4.6163714e-16
70582.45340964856,4.597325e-16
70653.21240154124,4.579072e-16
70724.04232940977,4.560819e-16
70794.94326435917,4.542566e-16
70865.91527757447,4.5251073e-16
70936.95844032067,4.506854e-16
71008.07282392278,4.4893953e-16
71079.2584997758,4.4711423e-16
71150.51553935472,4.453683e-16
71221.84401419456,4.4354303e-16
71293.2439959203,4.4179709e-16
71364.71555619691,4.400512e-16
71436.25876680938,4.3830527e-16
71507.87369957268,4.3648e-16
71579.56042638178,4.3473408e-16
71651.31901922164,4.3298815e-16
71723.14955013721,4.3124223e-16
71795.05209124347,4.2957567e-16
71867.02671472533,4.2782975e-16
71939.07349285777,4.2608383e-16
72011.19249796572,4.2441727e-16
72083.3838024641,4.2267135e-16
72155.64747882784,4.2100478e-16
72227.98359961183,4.1925886e-16
72300.39223744106,4.175923e-16
72372.87346501042,4.1592576e-16
72445.42735509477,4.142592e-16
72518.05398054904,4.1259263e-16
72590.75341426815,4.109261e-16
72663.52572925699,4.0925953e-16
72736.3709985804,4.0759294e-16
72809.28929537332,4.059264e-16
72882.28069284059,4.0433917e-16
72955.34526426707,4.0267263e-16
73028.48308300768,4.0108543e-16
73101.69422250724,3.994189e-16
73174.97875625061,3.9783168e-16
73248.33675783266,3.9624445e-16
73321.76830088819,3.9465727e-16
73395.27345916208,3.9299073e-16
73468.85230643918,3.914035e-16
73542.50491659429,3.8981631e-16
73616.23136357224,3.883085e-16
73690.03172140785,3.8672126e-16
73763.90606417593,3.8513408e-16
73837.85446607134,3.8354687e-16
73911.87700131879,3.8203902e-16
73985.97374425315,3.8045184e-16
74060.1447692492,3.78944e-16
74134.39015079172,3.7735678e-16
74208.7099634055,3.7584895e-16
74283.10428172532,3.7434113e-16
74357.57318043594,3.7275392e-16
74432.11673430214,3.7124607e-16
74506.73501817869,3.698176e-16
74581.4281069603,3.6830975e-16
74656.19607565178,3.6680193e-16
74731.03899931785,3.6537346e-16
74805.95695310326,3.638656e-16
74880.95001223274,3.6243714e-16
74956.01825198103,3.6100864e-16
75031.16174773285,3.595008e-16
75106.38057492292,3.5807233e-16
75181.67480907595,3.5664386e-16
75257.04452579665,3.5521534e-16
75332.48980072972,3.5378687e-16
75408.0107096499,3.5227904e-16
75483.60732837183,3.5085055e-16
75559.2797327802,3.4942205e-16
75635.02799886976,3.4791426e-16
75710.85220268508,3.464064e-16
75786.75242035095,3.4489855e-16
75862.72872807195,3.4331135e-16
75938.7812021328,3.4164478e-16
76014.90991888811,3.3958144e-16
76091.11495477254,3.3688321e-16
76167.39638629077,3.3275647e-16
76243.75429003738,3.2926463e-16
76320.18874266707,3.2966146e-16
76396.69982092443,3.306931e-16
76473.2876016241,3.3053438e-16
76549.95216167069,3.299789e-16
76626.69357802883,3.2926463e-16
76703.51192774311,3.2831233e-16
76780.40728793816,3.2720128e-16
76857.37973582851,3.2601086e-16
76934.42934868882,3.2482049e-16
77011.55620386366,3.235507e-16
77088.76037881759,3.2228095e-16
77166.04195103521,3.210112e-16
77243.40099812108,3.1974144e-16
77320.83759773977,3.1847168e-16
77398.35182764583,3.1720193e-16
77475.94376565382,3.1593217e-16
77553.61348967829,3.1458303e-16
77631.36107768377,3.1331328e-16
77709.18660773482,3.1204352e-16
77787.09015797595,3.1077374e-16
77865.07180661171,3.0942463e-16
77943.13163194658,3.0815487e-16
78021.26971234512,3.0696448e-16
78099.4861262618,3.0577408e-16
78177.78095222118,3.0458368e-16
78256.15426883771,3.0339328e-16
78334.6061547959,3.0220288e-16
78413.13668886024,3.0101248e-16
78491.7459498752,2.9982208e-16
78570.43401677527,2.9863168e-16
78649.20096854492,2.9744128e-16
78728.04688427859,2.9625086e-16
78806.97184313078,2.9506049e-16
78885.97592434593,2.938701e-16
78965.0592072485,2.9267966e-16
79044.2217712329,2.914893e-16
79123.46369578359,2.9037825e-16
79202.785060455,2.8918785e-16
79282.18594488158,2.8799742e-16
79361.6664287977,2.8688638e-16
79441.22659198783,2.85696e-16
79520.86651432634,2.8458496e-16
79600.58627578766,2.834739e-16
79680.38595639613,2.8228352e-16
79760.26563628623,2.8117248e-16
79840.22539564232,2.8006144e-16
79920.26531475876,2.7879166e-16
80000.38547397993,2.7728383e-16
80080.5859537502,2.755379e-16
80160.86683460396,2.7355392e-16
80241.22819713556,2.7188736e-16
80321.6701220193,2.7133184e-16
80402.19269002962,2.7101439e-16
80482.7959820108,2.703795e-16
80563.48007887718,2.6950656e-16
80644.24506165314,2.6855423e-16
80725.09101142293,2.6752255e-16
80806.01800934093,2.6649089e-16
80887.02613667143,2.654592e-16
80968.11547474876,2.645069e-16
81049.28610497719,2.6339583e-16
81130.53810886102,2.6236417e-16
81211.87156797455,2.6133248e-16
81293.28656397207,2.603008e-16
81374.78317859786,2.592691e-16
81456.3614936762,2.5823742e-16
81538.02159111133,2.5720576e-16
81619.76355288755,2.5617408e-16
81701.5874610791,2.5514242e-16
81783.49339783023,2.541107e-16
81865.48144537516,2.531584e-16
81947.55168603816,2.5212672e-16
82029.7042022135,2.5109503e-16
82111.93907638533,2.5006334e-16
82194.2563911079,2.4911104e-16
82276.65622904546,2.4807935e-16
82359.13867290219,2.470477e-16
82441.70380551228,2.4609536e-16
82524.35170976994,2.4506368e-16
82607.08246863942,2.4411135e-16
82689.89616519482,2.430797e-16
82772.79288257036,2.4212736e-16
82855.77270401025,2.4117503e-16
82938.83571281857,2.4022273e-16
83021.9819923896,2.3919104e-16
83105.2116261974,2.382387e-16
83188.52469781617,2.372864e-16
83271.92129088005,2.3633408e-16
83355.40148913316,2.3538175e-16
83438.96537637967,2.3442944e-16
83522.61303651368,2.3347711e-16
83606.34455352934,2.325248e-16
83690.16001149072,2.3157248e-16
83774.05949454197,2.3062015e-16
83858.04308692721,2.297472e-16
83942.11087296049,2.2879488e-16
84026.26293705596,2.2784257e-16
84110.49936367763,2.269696e-16
84194.82023742965,2.2601727e-16
84279.22564294608,2.2514432e-16
84363.71566498099,2.24192e-16
84448.29038836842,2.2331905e-16
84532.94989801243,2.2236672e-16
84617.6942789071,2.2149376e-16
84702.52361614647,2.206208e-16
84787.43799489457,2.1974785e-16
84872.43750041543,2.1887489e-16
84957.52221802308,2.1800192e-16
85042.69223317155,2.1712896e-16
85127.94763135485,2.16256e-16
85213.28849817699,2.1538303e-16
85298.714919322,2.1451009e-16
85384.2269805438,2.1363711e-16
85469.82476771646,2.1276415e-16
85555.50836676394,2.118912e-16
85641.27786372021,2.110976e-16
85727.13334469928,2.1022464e-16
85813.07489589509,2.0935167e-16
85899.10260360158,2.0855807e-16
85985.21655418276,2.0768512e-16
86071.4168340925,2.0689152e-16
86157.70352989482,2.0601856e-16
86244.07672820364,2.0522497e-16
86330.53651574285,2.0435199e-16
86417.08297932643,2.035584e-16
86503.71620583827,2.0268544e-16
86590.43628226231,2.0189184e-16
86677.2432956624,2.0109825e-16
86764.1373331925,2.0030463e-16
86851.11848209647,1.9943167e-16
86938.18682970818,1.9863808e-16
87025.34246343159,1.9784448e-16
87112.58547079051,1.9705089e-16
87199.91593935882,1.9625728e-16
87287.33395683042,1.9546368e-16
87374.83961095911,1.9467008e-16
87462.43298960879,1.9387647e-16
87550.11418073328,1.9308288e-16
87637.8832723364,1.9220992e-16
87725.74035257206,1.9141632e-16
87813.68550962402,1.9062271e-16
87901.7188318061,1.8982911e-16
87989.84040749214,1.8903552e-16
88078.05032515596,1.8816256e-16
88166.34867337135,1.8736897e-16
88254.73554078209,1.8657535e-16
88343.21101613197,1.8578175e-16
88431.77518824478,1.849088e-16
88520.42814604432,1.8363905e-16
88609.16997854433,1.8133759e-16
88698.00077482859,1.7768702e-16
88786.92062409085,1.7673472e-16
88875.92961560487,1.7879808e-16
88965.02783873439,1.7982975e-16
89054.21538294316,1.7959168e-16
89143.49233776492,1.789568e-16
89232.85879284337,1.781632e-16
89322.31483789225,1.773696e-16
89411.86056272528,1.7665535e-16
89501.49605726614,1.761792e-16
89591.22141148859,1.7562368e-16
89681.03671547625,1.749888e-16
89770.94205941286,1.7435392e-16
89860.93753357208,1.7371905e-16
89951.0232282876,1.7300479e-16
90041.19923402311,1.7236991e-16
90131.46564131221,1.7165567e-16
90221.82254076866,1.710208e-16
90312.27002313599,1.7030656e-16
90402.80817919795,1.6967168e-16
90493.4370998781,1.6895742e-16
90584.15687615011,1.6832255e-16
90674.96759910764,1.6760831e-16
90765.86935991424,1.6697343e-16
90856.86224984356,1.662592e-16
90947.94636025921,1.6562432e-16
91039.12178259478,1.6498944e-16
91130.38860839387,1.6427518e-16
91221.74692930008,1.6364031e-16
91313.19683702693,1.6292607e-16
91404.73842339806,1.622912e-16
91496.37178030703,1.6165632e-16
91588.09699976741,1.6094208e-16
91679.9141738627,1.603072e-16
91771.82339479649,1.5967231e-16
91863.82475481232,1.5895807e-16
91955.91834631372,1.5832319e-16
92048.10426174424,1.5768831e-16
92140.38259365736,1.5697408e-16
92232.75343470662,1.5625984e-16
92325.21687763555,1.5546623e-16
92417.77301527763,1.5443455e-16
92510.42194054637,1.5292672e-16
92603.16374648524,1.5126017e-16
92695.99852617773,1.5094271e-16
92788.92637284735,1.5149825e-16
92881.9473797975,1.515776e-16
92975.06164041172,1.5126017e-16
93068.26924818342,1.5078399e-16
93161.57029668608,1.5022847e-16
93254.96487960313,1.4967296e-16
93348.45309069799,1.4903808e-16
93442.03502383415,1.4848256e-16
93535.71077296497,1.4792704e-16
93629.4804321439,1.4729216e-16
93723.34409552434,1.4673665e-16
93817.3018573297,1.4610175e-16
93911.3538118934,1.4554623e-16
94005.50005365879,1.4491135e-16
94099.74067713931,1.4435584e-16
94194.07577695826,1.4372096e-16
94288.50544782908,1.4316544e-16
94383.02978454513,1.4253056e-16
94477.64888201971,1.4189567e-16
94572.36283525625,1.412608e-16
94667.17173933802,1.4062592e-16
94762.07568945843,1.3983231e-16
94857.07478090076,1.3895935e-16
94952.16910903837,1.3816575e-16
95047.35876935456,1.3784831e-16
95142.64385741264,1.3761024e-16
95238.02446888592,1.3721343e-16
95333.50069952769,1.3681664e-16
95429.07264521126,1.3634047e-16
95524.7404018699,1.3578495e-16
95620.5040655769,1.353088e-16
95716.36373246554,1.3475328e-16
95812.31949877903,1.3419776e-16
95908.37146087072,1.337216e-16
96004.51971515376,1.3316607e-16
96100.76435818149,1.3261057e-16
96197.10548656707,1.321344e-16
96293.54319705378,1.3157888e-16
96390.0775864548,1.3102336e-16
96486.70875170338,1.305472e-16
96583.43678979274,1.2999168e-16
96680.26179786607,1.2943615e-16
96777.18387311656,1.2896e-16
96874.2031128574,1.2840448e-16
96971.31961450179,1.2792833e-16
97068.53347556287,1.2737279e-16
97165.84479362388,1.2689664e-16
97263.25366638789,1.2634112e-16
97360.76019166813,1.2586497e-16
97458.36446735774,1.253888e-16
97556.06659143983,1.2483328e-16
97653.86666201754,1.2435712e-16
97751.764777284,1.2388096e-16
97849.76103552239,1.2332544e-16
97947.85553512572,1.2284928e-16
98046.04837457719,1.2237311e-16
98144.33965245984,1.2189696e-16
98242.72946746682,1.2134144e-16
98341.21791838115,1.2086528e-16
98439.80510408596,1.2038911e-16
98538.4911235543,1.1991296e-16
98637.27607586927,1.194368e-16
98736.16006022389,1.1896064e-16
98835.14317588123,1.1848448e-16
98934.22552222433,1.1800831e-16
99033.40719873621,1.1753216e-16
99132.68830499996,1.17056e-16
99232.06894068852,1.1657984e-16
99331.54920557501,1.1610368e-16
99431.12919954234,1.1562751e-16
99530.80902257358,1.1515136e-16
99630.58877475167,1.146752e-16
99730.46855622967,1.1419905e-16
99830.44846732053,1.1380224e-16
99930.5286083872,1.1332607e-16
100030.70907990268,1.1284992e-16
100130.98998245991,1.1237376e-16
100231.37141674185,1.118976e-16
100331.85348353146,1.1142144e-16
100432.4362837117,1.1102463e-16
100533.11991826544,1.1054848e-16
100633.90448827564,1.1007232e-16
100734.79009493522,1.0967552e-16
100835.77683953711,1.09199355e-16
100936.86482346419,1.087232e-16
101038.05414820935,1.0824704e-16
101139.34491538549,1.0777088e-16
101240.73722665553,1.0737408e-16
101342.2311838523,1.06897914e-16
101443.82688884866,1.0650112e-16
101545.5244436575,1.06104317e-16
101647.32395039167,1.0562816e-16
101749.22551124403,1.0523136e-16
101851.22922853741,1.04834555e-16
101953.33520466462,1.0443776e-16
102055.54354215851,1.0404096e-16
102157.8543436319,1.035648e-16
102260.26771180761,1.03168004e-16
102362.7837494884,1.027712e-16
102465.40255962711,1.02374394e-16
102568.12424524652,1.019776e-16
102670.94890946941,1.015808e-16
102773.87665553855,1.0110464e-16
102876.9075867967,1.0070784e-16
102980.04180667666,1.00311035e-16
103083.27941874115,9.991423e-17
103186.62052662292,9.943808e-17
103290.0652340947,9.904128e-17
103393.61364499928,9.856512e-17
103497.26586330928,9.8168326e-17
103601.02199309751,9.7692155e-17
103704.88213851665,9.729536e-17
103808.8464038594,9.697792e-17
103912.91489348846,9.658112e-17
104017.08771190651,9.626368e-17
104121.36496369622,9.594624e-17
104225.74675355028,9.554943e-17
104330.23318628136,9.515264e-17
104434.82436677211,9.48352e-17
104539.5204000452,9.44384e-17
104644.32139121323,9.40416e-17
104749.22744549888,9.36448e-17
104854.23866822477,9.3327354e-17
104959.35516483351,9.293056e-17
105064.57704083771,9.253376e-17
105169.9044019,9.221632e-17
105275.33735377295,9.181952e-17
105380.87600229919,9.142272e-17
105486.52045344126,9.1105276e-17
105592.2708132618,9.070848e-17
105698.12718795332,9.039104e-17
105804.08968377838,8.999424e-17
105910.15840712958,8.959744e-17
106016.33346449943,8.928e-17
106122.61496249051,8.88832e-17
106229.00300780531,8.856576e-17
106335.49770726639,8.8168956e-17
106442.09916777624,8.785152e-17
106548.80749637737,8.745472e-17
106655.62280021231,8.7137284e-17
106762.54518650354,8.6740475e-17
106869.57476261354,8.6423036e-17
106976.7116360048,8.61056e-17
107083.95591422977,8.57088e-17
107191.30770497094,8.5391363e-17
107298.76711601077,8.5073925e-17
107406.33425523169,8.467712e-17
107514.00923063618,8.435968e-17
107621.79215032664,8.404224e-17
107729.68312251547,8.3645437e-17
107837.68225554515,8.3328e-17
107945.78965781807,8.301056e-17
108054.00543789665,8.269312e-17
108162.32970441325,8.237568e-17
108270.76256614026,8.197888e-17
108379.30413193005,8.166144e-17
108487.95451077507,8.1344e-17
108596.71381174764,8.102656e-17
108705.5821440401,8.0709124e-17
108814.55961697482,8.0391685e-17
108923.64633994413,8.0074246e-17
109032.8424224804,7.9756794e-17
109142.14797422591,7.9439356e-17
109251.563104903,7.909017e-17
109361.087924384,7.8772734e-17
109470.72254262122,7.8455295e-17
109580.4670696969,7.8137856e-17
109690.32161578338,7.782042e-17
109800.28629118293,7.750298e-17
109910.36120628781,7.718554e-17
110020.54647164034,7.686016e-17
110130.84219783268,7.653479e-17
110241.24849563719,7.621734e-17
110351.76547586602,7.589197e-17
110462.39324951144,7.556659e-17
110573.1319276257,7.5233274e-17
110683.98162139101,7.489203e-17
110794.94244209956,7.4511106e-17
110906.01450116358,7.4066685e-17
111017.19791009524,7.345562e-17
111128.49278052674,7.265408e-17
111239.89922420027,7.215411e-17
111351.41735295799,7.2185855e-17
111463.04727877206,7.22176e-17
111574.78911371467,7.197159e-17
111686.64296997791,7.117005e-17
111798.60895986397,6.990822e-17
111910.68719577497,6.9709826e-17
112022.87779026304,7.0487554e-17
112135.1808559503,7.082086e-17
112247.59650558881,7.073357e-17
112360.12485204074,7.052723e-17
112472.76600829815,7.027328e-17
112585.52008744313,7.001139e-17
112698.38720268778,6.9733635e-17
112811.36746735412,6.946381e-17
112924.46099485428,6.918605e-17
113037.66789875022,6.890829e-17
113150.98829270406,6.863053e-17
113264.42229048786,6.836071e-17
113377.97000598356,6.8082947e-17
113491.63155319326,6.780518e-17
113605.40704623892,6.753536e-17
113719.29659934259,6.7265533e-17
113833.30032686624,6.698777e-17
113947.41834325188,6.671795e-17
114061.65076309146,6.6448127e-17
114175.997701057,6.61783e-17
114290.45927196043,6.590848e-17
114405.0355907337,6.5638654e-17
114519.72677238882,6.5368835e-17
114634.53293208765,6.509901e-17
114749.4541851022,6.483712e-17
114864.49064680433,6.4567297e-17
114979.642432686,6.429747e-17
115094.90965837911,6.4027644e-17
115210.29243959555,6.3757824e-17
115325.79089218723,6.349593e-17
115441.40513210603,6.322611e-17
115557.13527543377,6.296422e-17
115672.98143837243,6.271027e-17
115788.94373722377,6.2472194e-17
115905.02228841973,6.222618e-17
116021.21720849209,6.1988095e-17
116137.52861410269,6.175002e-17
116253.95662204339,6.1504e-17
116370.50134918597,6.1257985e-17
116487.16291256229,6.10199e-17
116603.94142929412,6.0773886e-17
116720.83701662326,6.052787e-17
116837.84979191149,6.0289793e-17
116954.9798726406,6.004378e-17
117072.22737642234,5.9805694e-17
117189.59242095852,5.956762e-17
117307.07512408083,5.9329536e-17
117424.67560376109,5.9091454e-17
117542.39397805097,5.885338e-17
117660.23036516224,5.8615295e-17
117778.18488337658,5.837722e-17
117896.25765113575,5.814707e-17
118014.44878698143,5.790899e-17
118132.75840958532,5.767885e-17
118251.18663771912,5.7440765e-17
118369.73359028446,5.7210624e-17
118488.39938631307,5.697255e-17
118607.18414494657,5.67424e-17
118726.08798542664,5.650432e-17
118845.11102715494,5.626624e-17
118964.25338962307,5.602816e-17
119083.51519244265,5.578214e-17
119202.89655535536,5.552819e-17
119322.39759823275,5.5282174e-17
119442.01844103646,5.50679e-17
119561.7592038781,5.4869504e-17
119681.6200069792,5.4671106e-17
119801.60097067138,5.4472705e-17
119921.70221541623,5.4258433e-17
120041.92386180526,5.404416e-17
120162.26603053001,5.3837824e-17
120282.72884242212,5.362355e-17
120403.31241842304,5.340928e-17
120524.01687960431,5.320294e-17
120644.8423471375,5.2988674e-17
120765.78894235406,5.27744e-17
120886.8567866655,5.2568062e-17
121008.04600163338,5.235379e-17
121129.3567089391,5.2147454e-17
121250.78903036419,5.193318e-17
121372.34308783007,5.1726846e-17
121494.01900338827,5.152051e-17
121615.81689918018,5.1314176e-17
121737.73689751726,5.1107837e-17
121859.77912079096,5.0901502e-17
121981.94369153267,5.0695167e-17
122104.23073240384,5.0488828e-17
122226.64036617587,5.0282493e-17
122349.17271575016,5.0084095e-17
122471.8279041481,4.987776e-17
122594.60605451107,4.967936e-17
122717.50729011044,4.9480958e-17
122840.53173434756,4.928256e-17
122963.67951073381,4.9084163e-17
123086.95074290056,4.888576e-17
123210.3455546291,4.8687358e-17
123333.86406980078,4.848896e-17
123457.5064124269,4.829056e-17
123581.27270664883,4.8100093e-17
123705.16307671783,4.7901695e-17
123829.17764703516,4.7711232e-17
123953.31654210221,4.752077e-17
124077.57988655019,4.7322368e-17
124201.96780515034,4.7131904e-17
124326.48042278399,4.694144e-17
124451.11786446234,4.6758912e-17
124575.88025532669,4.656845e-17
124700.76772062818,4.6377982e-17
124825.78038575815,4.6195456e-17
124950.91837622771,4.600499e-17
125076.18181768815,4.5822464e-17
125201.57083589063,4.5639935e-17
125327.08555672632,4.5449472e-17
125452.72610621646,4.5266943e-17
125578.49261051217,4.5084417e-17
125704.38519586466,4.4901885e-17
125830.40398868502,4.4727294e-17
125956.54911549443,4.4544768e-17
126082.82070293404,4.436224e-17
126209.21887779498,4.418765e-17
126335.74376696836,4.400512e-17
126462.39549749526,4.3830527e-17
126589.17419652686,4.3648e-17
126716.07999135417,4.3473407e-17
126843.11300938828,4.3298815e-17
126970.27337817031,4.312422e-17
127097.5612253713,4.2949633e-17
127224.97667879234,4.2775038e-17
127352.5198663444,4.2600447e-17
127480.19091609861,4.243379e-17
127607.98995622592,4.22592e-17
127735.91711503743,4.2084607e-17
127863.9725209741,4.1917953e-17
127992.1563026069,4.174336e-17
128120.46858863691,4.1576705e-17
128248.90950787505,4.140211e-17
128377.47918929235,4.1235453e-17
128506.17776195971,4.1068796e-17
128635.00535509815,4.0894208e-17
128763.96209804856,4.0719617e-17
128893.04812028192,4.0545022e-17
129022.26355139914,4.037043e-17
129151.60852114117,4.0179967e-17
129281.08315936889,3.998157e-17
129410.6875960732,3.975936e-17
129540.42196137503,3.9568896e-17
129670.28638552524,3.9449858e-17
129800.2809989247,3.9346685e-17
129930.40593206431,3.9211776e-17
130060.66131560488,3.9068928e-17
130191.04728031729,3.8918146e-17
130321.56395711236,3.8767358e-17
130452.21147703096,3.8616576e-17
130582.98997123387,3.846579e-17
130713.89957103187,3.8307072e-17
130844.94040785586,3.814835e-17
130976.11261327653,3.798963e-17
131107.41631898473,3.783091e-17
131238.85165681128,3.767219e-17
131370.41875871678,3.751347e-17
131502.11775679214,3.7346814e-17
131633.94878326802,3.718016e-17
131765.91197050523,3.6973822e-17
131898.00745099442,3.6704002e-17
132030.2353573464,3.6362754e-17
132162.5958223418,3.621197e-17
132295.08897885133,3.625958e-17
132427.71495989573,3.6243713e-17
132560.47389865562,3.6156415e-17
132693.36592840173,3.6045315e-17
132826.39118255468,3.59104e-17
132959.54979468515,3.577549e-17
133092.84189848378,3.5640572e-17
133226.26762777122,3.5497728e-17
133359.827116508,3.5354877e-17
133493.5204987848,3.5219967e-17
133627.34790883234,3.507712e-17
133761.30948102105,3.4934272e-17
133895.4053498316,3.479936e-17
134029.63564991453,3.4656512e-17
134164.00051603044,3.4513664e-17
134298.50008307982,3.437875e-17
134433.1344861034,3.4235904e-17
134567.90386027147,3.410099e-17
134702.80834089476,3.396608e-17
134837.84806341372,3.382323e-17
134973.02316341884,3.368832e-17
135108.33377662065,3.3553407e-17
135243.78003885967,3.3418497e-17
135379.36208614634,3.3283584e-17
135515.08005458114,3.314867e-17
135650.93408044448,3.3005823e-17
135786.92430012694,3.2870913e-17
135923.05085016886,3.2736e-17
136059.31386723075,3.2601087e-17
136195.713488123,3.245824e-17
136332.24984979603,3.2315392e-17
136468.92308933023,3.218048e-17
136605.73334394602,3.204557e-17
136742.68075100376,3.1926528e-17
136879.76544800383,3.1807487e-17
137016.98757256666,3.168845e-17
137154.34726246257,3.156147e-17
137291.84465562186,3.1442432e-17
137429.47989006495,3.1315457e-17
137567.2531040021,3.1188478e-17
137705.1644357337,3.1061506e-17
137843.21402375,3.093453e-17
137981.40200663134,3.0799614e-17
138119.72852312797,3.0648832e-17
138258.19371212018,3.045837e-17
138396.7977126283,3.0140926e-17
138535.54066380253,2.9609215e-17
138674.42270495315,2.933939e-17
138813.44397551037,2.9593343e-17
138952.60461504446,2.978381e-17
139091.9047632956,2.977587e-17
139231.34456010407,2.9696512e-17
139370.92414547,2.9585408e-17
139510.6436595336,2.9474305e-17
139650.50324256514,2.9363198e-17
139790.5030350047,2.924416e-17
139930.6431773924,2.9125122e-17
140070.9238104385,2.9006077e-17
140211.3450749831,2.8894977e-17
140351.90711200633,2.8775936e-17
140492.61006263833,2.8664832e-17
140633.45406813922,2.854579e-17
140774.43926992908,2.8434688e-17
140915.56580953798,2.8315646e-17
141056.83382866604,2.8204543e-17
141198.24346915336,2.809344e-17
141339.79487296997,2.79744e-17
141481.48818223595,2.7863294e-17
141623.3235392113,2.775219e-17
141765.30108629607,2.7641087e-17
141907.4209660303,2.7529984e-17
142049.68332111402,2.741888e-17
142192.08829437717,2.7307776e-17
142334.63602878983,2.7196671e-17
142477.32666748195,2.7085568e-17
142620.16035369347,2.6974462e-17
142763.13723084438,2.6871295e-17
142906.25744248464,2.6760193e-17
143049.5211323042,2.6649088e-17
143192.92844413297,2.654592e-17
143336.47952197088,2.6434815e-17
143480.17450991785,2.6331649e-17
143624.01355227383,2.6220543e-17
143767.99679342864,2.6117376e-17
143912.12437795216,2.600627e-17
144056.39645054433,2.5903103e-17
144200.81315605497,2.5799935e-17
144345.37463949394,2.5696766e-17
144490.08104597108,2.5593598e-17
144634.9325208063,2.5490431e-17
144779.92920940928,2.5379327e-17
144925.0712573599,2.527616e-17
145070.35881037798,2.5172992e-17
145215.7920143433,2.5077759e-17
145361.37101526564,2.4974593e-17
145507.0959593048,2.4871425e-17
145652.96699277047,2.4768256e-17
145798.98426211244,2.4665088e-17
145945.14791394048,2.4569855e-17
146091.4580950043,2.4466687e-17
146237.9149521936,2.4371456e-17
146384.51863254813,2.4268288e-17
146531.26928326752,2.4173055e-17
146678.16705169153,2.4077823e-17
146825.21208528976,2.3982593e-17
146972.404531712,2.3879424e-17
147119.7445387278,2.378419e-17
147267.2322542769,2.368896e-17
147414.86782642882,2.3593729e-17
147562.65140342328,2.3498496e-17
147710.58313361986,2.3403264e-17
147858.66316554818,2.3308032e-17
148006.89164787784,2.3204865e-17
148155.2687294384,2.3109631e-17
148303.79455918944,2.30144e-17
148452.46928627053,2.2919166e-17
148601.29305993122,2.2831872e-17
148750.2660296011,2.2736639e-17
148899.38834484966,2.2641407e-17
149048.66015538643,2.253824e-17
149198.0816110909,2.2435072e-17
149347.65286197257,2.2323967e-17
149497.374058221,2.2212863e-17
149647.24535013558,2.2133504e-17
149797.26688819585,2.2070016e-17
149947.43882302122,2.199859e-17
150097.76130539118,2.191923e-17
150248.23448621517,2.1839871e-17
150398.85851659253,2.1760511e-17
150549.6335477228,2.1673216e-17
150700.5597310053,2.158592e-17
150851.63721795948,2.1498624e-17
151002.8661602747,2.1419263e-17
151154.2467097803,2.1331969e-17
151305.7790184557,2.1244672e-17
151457.46323846024,2.1157376e-17
151609.29952206323,2.1078016e-17
151761.28802172406,2.0990719e-17
151913.428890022,2.0903423e-17
152065.72227972638,2.0824063e-17
152218.16834372652,2.073677e-17
152370.76723509163,2.0657406e-17
152523.51910702107,2.0570112e-17
152676.4241128741,2.0490753e-17
152829.48240617994,2.0403455e-17
152982.69414059792,2.0324096e-17
153136.05946996712,2.02368e-17
153289.5785482569,2.015744e-17
153443.25152959643,2.007808e-17
153597.07856827488,1.9990785e-17
153751.0598187515,1.9911425e-17
153905.19543559547,1.9832065e-17
154059.48557358587,1.9744768e-17
154213.93038762198,1.9665408e-17
154368.53003276288,1.9586049e-17
154523.2846642177,1.9498751e-17
154678.1944373856,1.9411456e-17
154833.25950777569,1.932416e-17
154988.48003107705,1.922099e-17
155143.85616313881,1.9109889e-17
155299.38805995006,1.8959104e-17
155455.07587766982,1.8816256e-17
155610.91977260716,1.8784512e-17
155766.9199012412,1.8792448e-17
155923.07642017092,1.8760704e-17
156079.3894862053,1.8705151e-17
156235.85925626347,1.8641663e-17
156392.48588745433,1.8578177e-17
156549.26953702696,1.8506752e-17
156706.21036238034,1.8435328e-17
156863.30852110335,1.8363904e-17
157020.56417091505,1.8292479e-17
157177.97746969436,1.8221055e-17
157335.54857549025,1.8141695e-17
157493.27764650155,1.8070272e-17
157651.16484109723,1.7998848e-17
157809.2103177863,1.7927423e-17
157967.4142352475,1.7856e-17
158125.77675231977,1.7784575e-17
158284.29802800203,1.7713153e-17
158442.9782214531,1.7641728e-17
158601.8174919718,1.7570306e-17
158760.81599905706,1.749888e-17
158919.97390232762,1.7427456e-17
159079.29136157234,1.7356033e-17
159238.76853677005,1.7284607e-17
159398.4055880095,1.722112e-17
159558.20267558948,1.7149696e-17
159718.15995992871,1.7078272e-17
159878.27760163613,1.6998912e-17
160038.55576147026,1.6927489e-17
160198.99460034003,1.6871935e-17
160359.59427933407,1.6800511e-17
160520.35495969106,1.6737024e-17
160681.2768028198,1.66656e-17
160842.35997028893,1.6602112e-17
161003.60462381717,1.6530688e-17
161165.01092529317,1.6467199e-17
161326.57903678552,1.6403713e-17
161488.309120493,1.6332287e-17
161650.20133879414,1.62688e-17
161812.25585423762,1.6205312e-17
161974.47282952207,1.6133888e-17
162136.85242751602,1.60704e-17
162299.39481123807,1.6006911e-17
162462.10014389688,1.5943423e-17
162624.96858884103,1.5872e-17
162788.00030958888,1.5808512e-17
162951.19546982922,1.5745024e-17
163114.5542334004,1.5681536e-17
163278.07676433108,1.5618048e-17
163441.76322678968,1.5554559e-17
163605.61378511472,1.5499009e-17
163769.62860381475,1.543552e-17
163933.80784756812,1.5372032e-17
164098.15168119338,1.5308544e-17
164262.660269719,1.5245056e-17
164427.33377828338,1.5189504e-17
164592.17237223499,1.5126017e-17
164757.17621707218,1.5062527e-17
164922.34547845335,1.499904e-17
165087.68032221703,1.4943488e-17
165253.18091435148,1.488e-17
165418.84742102507,1.4816512e-17
165584.68000855626,1.4760959e-17
165750.6788434633,1.4697473e-17
165916.84409238456,1.464192e-17
166083.17592216842,1.4578431e-17
166249.67449980305,1.452288e-17
166416.3399924569,1.4459392e-17
166583.17256745818,1.440384e-17
166750.17239231523,1.4340352e-17
166917.33963468624,1.42848e-17
167084.67446241947,1.4229247e-17
167252.17704350327,1.4173695e-17
167419.84754612573,1.4118143e-17
167587.68613862517,1.4062592e-17
167755.69298950976,1.3999104e-17
167923.8682674577,1.3943552e-17
168092.2121413171,1.3888e-17
168260.72478010633,1.3832448e-17
168429.40635301336,1.3776896e-17
168598.25702938635,1.3713407e-17
168767.27697876355,1.3649919e-17
168936.466370843,1.357056e-17
169105.8253754829,1.3435647e-17
169275.3541627212,1.3221375e-17
169445.0529027661,1.3086464e-17
169614.92176599568,1.31816955e-17
169784.96092295798,1.3261055e-17
169955.170544371,1.325312e-17
170125.55080113286,1.321344e-17
170296.10186430157,1.3165824e-17
170466.82390511513,1.3118208e-17
170637.71709496155,1.3062656e-17
170808.7816054388,1.3007104e-17
170980.01760828495,1.29515515e-17
171151.42527541786,1.28960005e-17
171323.0047789455,1.2832512e-17
171494.75629112587,1.2769023e-17
171666.6799843869,1.2721408e-17
171838.77603136643,1.26817285e-17
172011.04460482253,1.2642048e-17
172183.4858777329,1.2594432e-17
172356.10002320554,1.2546816e-17
172528.88721457834,1.24991995e-17
172701.84762529904,1.2451584e-17
172874.98142903566,1.2403969e-17
173048.28879961587,1.2356351e-17
173221.76991103764,1.23008e-17
173395.42493747865,1.22531836e-17
173569.25405328674,1.2205568e-17
173743.25743297976,1.2157952e-17
173917.43525126541,1.21024e-17
174091.7876830215,1.2054784e-17
174266.3149032857,1.2007168e-17
174441.01708729588,1.1959552e-17
174615.89441044966,1.1911935e-17
174790.94704832477,1.1864319e-17
174966.17517666894,1.1816704e-17
175141.57897141983,1.1761152e-17
175317.15860868516,1.1713536e-17
175492.91426473254,1.1665919e-17
175668.84611603967,1.1618304e-17
175844.95433922415,1.15706884e-17
176021.2391111136,1.1523072e-17
176197.70060868564,1.1475456e-17
176374.33900912793,1.1435776e-17
176551.154489758,1.13881595e-17
176728.14722812342,1.134848e-17
176905.3174019118,1.1300864e-17
177082.66518900066,1.1253248e-17
177260.19076746755,1.1213567e-17
177437.89431551998,1.1165952e-17
177615.7760115955,1.11183364e-17
177793.8360342716,1.1078657e-17
177972.07456233574,1.103104e-17
178150.4917747254,1.099136e-17
178329.0878505781,1.0943744e-17
178507.86296921122,1.0896128e-17
178686.81731011227,1.0856448e-17
178865.9510529386,1.0808832e-17
179045.26437755764,1.0769152e-17
179224.75746398687,1.07215354e-17
179404.43049245357,1.06818556e-17
179584.28364333516,1.06342406e-17
179764.31709721906,1.0586623e-17
179944.53103484257,1.0539008e-17
180124.92563714302,1.0499328e-17
180305.50108525774,1.0459648e-17
180486.25756045408,1.04199685e-17
180667.19524423924,1.0372352e-17
180848.31431826064,1.0324736e-17
181029.61496436546,1.0261248e-17
181211.097364581,1.0189824e-17
181392.7617011045,1.01184e-17
181574.6081563432,1.0086656e-17
181756.6369128743,1.0086656e-17
181938.84815343504,1.0070784e-17
182121.2420609826,1.003904e-17
182303.81881863417,9.99936e-18
182486.57860969694,9.9676165e-18
182669.521617668,9.927936e-18
182852.64802620467,9.888256e-18
183035.95801919384,9.848576e-18
183219.45178066284,9.808896e-18
183403.12949483865,9.7692164e-18
183586.9913461384,9.729537e-18
183771.03751915917,9.689857e-18
183955.26819867807,9.650175e-18
184139.6835696721,9.610495e-18
184324.28381728835,9.5708155e-18
184509.0691268738,9.539072e-18
184694.0396839455,9.499392e-18
184879.19567421047,9.459712e-18
185064.53728357563,9.420032e-18
185250.06469811805,9.380352e-18
185435.7781041146,9.340672e-18
185621.67768802235,9.3089285e-18
185807.7636364681,9.269247e-18
185994.0361362989,9.229567e-18
186180.49537453154,9.189887e-18
186367.14153836307,9.158143e-18
186553.9748152002,9.1184635e-18
186740.99539259996,9.078784e-18
186928.20345835912,9.04704e-18
187115.59920042453,9.00736e-18
187303.1828069331,8.975616e-18
187490.95446622153,8.935936e-18
187678.91436682676,8.904192e-18
187867.0626974455,8.8645125e-18
188055.39964699454,8.832768e-18
188243.92540455062,8.793088e-18
188432.64015939055,8.761344e-18
188621.54410100105,8.721664e-18
188810.63741902888,8.68992e-18
188999.92030333067,8.65024e-18
189189.39294394318,8.618496e-18
189379.05553110308,8.586752e-18
189568.9082552271,8.547072e-18
189758.9513069318,8.515328e-18
189949.18487700392,8.483584e-18
190139.60915647005,8.443904e-18
190330.22433648678,8.4121605e-18
190521.03060844078,8.380416e-18
190712.02816391864,8.340736e-18
190903.21719465687,8.308992e-18
191094.5978926221,8.277248e-18
191286.17044997087,8.2455034e-18
191477.9350590197,8.2137596e-18
191669.8919123152,8.17408e-18
191862.0412025838,8.142336e-18
192054.38312274194,8.110592e-18
192246.91786589625,8.078848e-18
192439.6456253531,8.047104e-18
192632.56659461895,8.01536e-18
192825.68096738035,7.9836156e-18
193018.98893752365,7.951872e-18
193212.49069912525,7.9153666e-18
193406.1864464816,7.883622e-18
193600.07637404907,7.851085e-18
193794.160676484,7.819341e-18
193988.43954867285,7.787597e-18
194182.9131856419,7.755059e-18
194377.58178267747,7.723315e-18
194572.44553519596,7.690777e-18
194767.5046388536,7.65824e-18
194962.7592894967,7.624909e-18
195158.20968315157,7.590783e-18
195353.8560160545,7.5550715e-18
195549.6984846317,7.520154e-18
195745.73728551937,7.491584e-18
195941.97261552385,7.4669826e-18
196138.40467168123,7.44e-18
196335.0336512078,7.412224e-18
196531.85975150965,7.383655e-18
196728.88317020307,7.355085e-18
196926.10410511412,7.325722e-18
197123.52275423903,7.295564e-18
197321.13931578386,7.266202e-18
197518.95398816472,7.2360445e-18
197716.96696998776,7.205888e-18
197915.17846005905,7.1757314e-18
198113.58865737464,7.1479555e-18
198312.1977611506,7.120179e-18
198511.00597078304,7.092403e-18
198710.01348586788,7.064627e-18
198909.22050623118,7.036851e-18
199108.62723185902,7.009075e-18
199308.23386296723,6.9812985e-18
199508.04059995196,6.9535234e-18
199708.0476434191,6.9241597e-18
199908.25519418452,6.8932095e-18
200108.66345325427,6.8662273e-18
200309.2726218442,6.842419e-18
200510.08290135025,6.8154368e-18
200711.09449339833,6.788454e-18
200912.3075998042,6.7606787e-18
201113.72242257386,6.733696e-18
201315.3391639531,6.706714e-18
201517.15802633774,6.6789375e-18
201719.17921237368,6.651955e-18
201921.40292488658,6.6249727e-18
202123.82936690238,6.5987837e-18
202326.45874166678,6.5718015e-18
202529.2912526156,6.544819e-18
202732.32710339446,6.5178366e-18
202935.56649783926,6.4916477e-18
203139.00964002556,6.463872e-18
203342.65673419923,6.436096e-18
203546.50798481583,6.4067326e-18
203750.56359655107,6.371814e-18
203954.82377428064,6.3226113e-18
204159.2887230702,6.2384895e-18
204363.9586482154,6.1535744e-18
204568.8337551917,6.166272e-18
204773.91424970492,6.2091262e-18
204979.20033766053,6.215475e-18
205184.69222515414,6.2011907e-18
205390.3901185013,6.1805566e-18
205596.29422422757,6.1575424e-18
205802.40474905845,6.1337345e-18
206008.72189993958,6.1091325e-18
206215.24588399625,6.0853246e-18
206421.97690859414,6.060723e-18
206628.9151812786,6.0361214e-18
206836.06090982517,6.0115202e-18
207043.41430220928,5.987712e-18
207250.97556660633,5.9631103e-18
207458.7449114218,5.9393024e-18
207666.722545241,5.9154945e-18
207874.9086768794,5.890893e-18
208083.30351536232,5.8670846e-18
208291.90726990512,5.8432766e-18
208500.7201499632,5.8186755e-18
208709.74236518182,5.794867e-18
208918.9741254063,5.7702655e-18
209128.41564071202,5.7456635e-18
209338.0671213942,5.719475e-18
209547.92877791804,5.6909054e-18
209758.00082099895,5.657574e-18
209968.28346155208,5.6171006e-18
210178.77691070267,5.5877374e-18
210389.48137977585,5.580595e-18
210600.39708031702,5.5726587e-18
210811.5242241111,5.557581e-18
211022.8630231035,5.538534e-18
211234.4136894892,5.5186943e-18
211446.17643566342,5.497267e-18
211658.15147423127,5.47584e-18
211870.33901803783,5.454413e-18
212082.73928009818,5.432985e-18
212295.35247366747,5.4107646e-18
212508.17881221068,5.3893377e-18
212721.21850940294,5.3679104e-18
212934.47177914917,5.3464827e-18
213147.93883554448,5.324262e-18
213361.61989290384,5.3028353e-18
213575.51516578227,5.281408e-18
213789.62486892464,5.260774e-18
214003.94921728602,5.239347e-18
214218.48842606132,5.21792e-18
214433.24271063542,5.1972866e-18
214648.21228664328,5.1758593e-18
214863.39736988978,5.1552253e-18
215078.79817643983,5.1345917e-18
215294.4149225482,5.113165e-18
215510.24782469985,5.0925312e-18
215726.29709957956,5.0718976e-18
215942.5629641222,5.0520573e-18
216159.04563543253,5.0314237e-18
216375.74533088534,5.0107905e-18
216592.6622680254,4.9909506e-18
216809.7966646575,4.970317e-18
217027.1487387663,4.950477e-18
217244.71870858665,4.930637e-18
217462.5067925532,4.910003e-18
217680.51320933073,4.890163e-18
217898.73817779377,4.8703232e-18
218117.18191704704,4.851277e-18
218335.84464640525,4.831437e-18
218554.72658539304,4.811597e-18
218773.82795379497,4.791757e-18
218993.14897156568,4.77271e-18
219212.68985890975,4.75287e-18
219432.45083625178,4.733824e-18
219652.43212423625,4.713984e-18
219872.63394371775,4.6949374e-18
220093.05651577088,4.6750974e-18
220313.70006172007,4.656051e-18
220534.56480306984,4.6362113e-18
220755.65096159463,4.616371e-18
220976.958759239,4.596531e-18
221198.48841821734,4.5758974e-18
221420.24016093407,4.5544705e-18
221642.2142100237,4.5330432e-18
221864.4107883705,4.513997e-18
222086.83011903893,4.498125e-18
222309.47242534338,4.4830464e-18
222532.33793082816,4.4671744e-18
222755.42685923763,4.4513025e-18
222978.73943455616,4.433843e-18
223202.275880988,4.4171776e-18
223426.03642297746,4.3997183e-18
223650.02128516883,4.382259e-18
223874.23069244638,4.3648e-18
224098.66486991436,4.3473408e-18
224323.32404290696,4.330675e-18
224548.2084369784,4.313216e-18
224773.3182779229,4.2957565e-18
224998.65379174464,4.2782977e-18
225224.21520467784,4.261632e-18
225450.0027431966,4.2441727e-18
225676.01663398498,4.227507e-18
225902.2571039572,4.210048e-18
226128.7243802774,4.193382e-18
226355.41869028957,4.175923e-18
226582.34026162783,4.1592577e-18
226809.48932209625,4.1425916e-18
227036.86609975883,4.1259264e-18
227264.4708229196,4.109261e-18
227492.3037200726,4.092595e-18
227720.3650199718,4.0759296e-18
227948.6549515912,4.0600576e-18
228177.17374413472,4.043392e-18
228405.92162702634,4.0267264e-18
228634.89882994993,4.0108544e-18
228864.1055827795,3.994189e-18
229093.54211563888,3.9783165e-18
229323.20865890195,3.962445e-18
229553.10544314256,3.946573e-18
229783.23269917464,3.9307006e-18
230013.59065804194,3.914035e-18
230244.17955103825,3.8989568e-18
230474.99960966746,3.883085e-18
230706.05106568328,3.867213e-18
230937.3341510395,3.851341e-18
231168.8490979699,3.8362623e-18
231400.5961388982,3.8203903e-18
231632.5755065081,3.805312e-18
231864.78743370326,3.78944e-18
232097.23215362747,3.7743614e-18
232329.9098996543,3.759283e-18
232562.82090539747,3.744205e-18
232795.96540469053,3.7291262e-18
233029.34363161723,3.714048e-18
233262.95582048103,3.6989693e-18
233496.80220584563,3.683891e-18
233730.88302248452,3.6688128e-18
233965.1985054113,3.6537345e-18
234199.74888988954,3.6394495e-18
234434.53441139264,3.6243713e-18
234669.5553056642,3.6100863e-18
234904.8118086477,3.595008e-18
235140.30415655664,3.5807234e-18
235376.03258581433,3.5664384e-18
235611.99733310437,3.5521534e-18
235848.19863532015,3.537075e-18
236084.63672962497,3.52279e-18
236321.31185339228,3.5085056e-18
236558.22424424553,3.4950143e-18
236795.374140048,3.4807297e-18
237032.761778893,3.466445e-18
237270.38739913388,3.45216e-18
237508.25123932396,3.4386686e-18
237746.35353830655,3.424384e-18
237984.69453510485,3.4108927e-18
238223.2744690421,3.3966081e-18
238462.09357963168,3.3831168e-18
238701.15210666668,3.3688318e-18
238940.45029015036,3.3553407e-18
239179.98837034588,3.3418494e-18
239419.7665877464,3.3283585e-18
239659.7851830851,3.3140735e-18
239900.0443973451,3.3005826e-18
240140.54447174954,3.2870913e-18
240381.2856477615,3.2728063e-18
240622.26816708405,3.2585217e-18
240863.49227166033,3.2434432e-18
241104.95820368335,3.225984e-18
241346.66620558608,3.206144e-18
241588.6165200416,3.1847167e-18
241830.80938996296,3.1736064e-18
242073.2450585331,3.1696384e-18
242315.92376913494,3.1617025e-18
242558.84576542146,3.1513855e-18
242802.0112913056,3.138688e-18
243045.42059091025,3.1236096e-18
243289.0739086184,3.102976e-18
243532.97148906277,3.0680576e-18
243777.1135771064,3.0220289e-18
244021.500417892,3.0132992e-18
244266.13225676242,3.03552e-18
244511.00933934056,3.043456e-18
244756.13191147914,3.0386943e-18
245001.50021929096,3.029171e-18
245247.1145091087,3.0188544e-18
245492.9750275353,3.0069504e-18
245739.0820214233,2.9950463e-18
245985.43573785547,2.9831423e-18
246232.0364241845,2.9712386e-18
246478.88432798308,2.9593342e-18
246725.9796970939,2.9474304e-18
246973.32277959946,2.93632e-18
247220.9138238325,2.924416e-18
247468.7530783856,2.912512e-18
247716.84079207137,2.900608e-18
247965.17721398233,2.888704e-18
248213.762593441,2.8775936e-18
248462.59718004006,2.8656897e-18
248711.68122360192,2.8537855e-18
248961.01497419906,2.8426752e-18
249210.59868218398,2.8307713e-18
249460.4325981192,2.8188671e-18
249710.5169728471,2.802995e-18
249960.85205746014,2.7847424e-18
250211.43810328073,2.775219e-18
250462.27536191128,2.7688703e-18
250713.36408517414,2.7593471e-18
250964.70452518162,2.7498238e-18
251216.29693427618,2.7387135e-18
251468.14156505006,2.728397e-18
251720.23867036556,2.7172862e-18
251972.588503325,2.7069694e-18
252225.19131728067,2.6958592e-18
252478.04736584477,2.6855424e-18
252731.1569028995,2.674432e-18
252984.52018256724,2.664115e-18
253238.13745921,2.6530048e-18
253492.00898747004,2.642688e-18
253746.13502223958,2.6315777e-18
254000.51581865066,2.6212607e-18
254255.15163210547,2.610944e-18
254510.04271825613,2.5998336e-18
254765.18933302473,2.5895168e-18
255020.59173257323,2.5792e-18
255276.25017332385,2.568883e-18
255532.1649119585,2.5585664e-18
255788.33620541927,2.5482496e-18
256044.76431089814,2.5379328e-18
256301.4494858571,2.527616e-18
256558.39198799815,2.517299e-18
256815.5920752931,2.5069822e-18
257073.05000598409,2.4966656e-18
257330.76603854282,2.4871423e-18
257588.7404317313,2.4768257e-18
257846.97344455143,2.4665089e-18
258105.465336265,2.4569857e-18
258364.21636640388,2.4466687e-18
258623.22679474988,2.4371454e-18
258882.49688135475,2.4276223e-18
259142.0268865204,2.4173055e-18
259401.81707081848,2.4077823e-18
259661.8676950808,2.3982592e-18
259922.17902039897,2.3879424e-18
260182.7513081249,2.3784193e-18
260443.58481987013,2.368896e-18
260704.67981751641,2.3593726e-18
260966.03656320536,2.3498495e-18
261227.65531932857,2.3403264e-18
261489.53634856778,2.330803e-18
261751.67991384445,2.32128e-18
262014.0862783503,2.3117568e-18
262276.7557055368,2.3030272e-18
262539.68845913553,2.293504e-18
262802.88480312796,2.283981e-18
263066.3450017657,2.2752513e-18
263330.0693195501,2.2657281e-18
263594.05802128284,2.2562046e-18
263858.3113719852,2.247475e-18
264122.82963698864,2.2387455e-18
264387.6130818546,2.2292224e-18
264652.6619724345,2.2204927e-18
264917.9765748397,2.2109694e-18
265183.55715544143,2.20224e-18
265449.4039808812,2.1935103e-18
265715.51731808035,2.1847807e-18
265981.89743421006,2.1760512e-18
266248.54459671164,2.1673216e-18
266515.45907330647,2.158592e-18
266782.6411319755,2.1498623e-18
267050.09104098036,2.1411326e-18
267317.809068812,2.1324032e-18
267585.7954842917,2.1236735e-18
267854.0505564605,2.1149439e-18
268122.57455465983,2.1062144e-18
268391.36774847045,2.0974848e-18
268660.4304077839,2.0895488e-18
268929.7628027109,2.0808192e-18
269199.3652036927,2.0728832e-18
269469.2378813903,2.0641535e-18
269739.3811067648,2.055424e-18
270009.79515102715,2.047488e-18
270280.4802856985,2.039552e-18
270551.4367825196,2.0308223e-18
270822.6649135616,2.0228863e-18
271094.1649511053,2.0141567e-18
271365.9371677618,2.0062207e-18
271637.9818363819,1.9982847e-18
271910.29923009645,1.9903488e-18
272182.8896223164,1.9824128e-18
272455.75328673254,1.9736831e-18
272728.8904972757,1.9657472e-18
273002.3015281967,1.9578112e-18
273275.98665399634,1.9498752e-18
273549.94614945544,1.9419393e-18
273824.18028962467,1.9340033e-18
274098.68934984476,1.926067e-18
274373.47360571654,1.9181311e-18
274648.53333312046,1.9101952e-18
274923.8688082274,1.9022592e-18
275199.48030746804,1.8935297e-18
275475.3681075529,1.8847999e-18
275751.5324854827,1.874483e-18
276027.97371852776,1.8625791e-18
276304.692084229,1.8538495e-18
276581.68786041695,1.849088e-18
276858.9613251919,1.8451198e-18
277136.51275693456,1.8395647e-18
277414.3424343154,1.833216e-18
277692.4506362748,1.8260736e-18
277970.83764202346,1.8197248e-18
278249.50373107154,1.8117888e-18
278528.4491831996,1.8046463e-18
278807.6742784781,1.797504e-18
279087.1792972272,1.7903617e-18
279366.9645200875,1.7832192e-18
279647.0302279692,1.775283e-18
279927.37670204276,1.7681407e-18
280208.0042237783,1.7609985e-18
280488.91307493625,1.7530623e-18
280770.1035375469,1.7451263e-18
281051.5758939302,1.737984e-18
281333.3304266667,1.7316352e-18
281615.36741865653,1.7252864e-18
281897.68715305976,1.7189376e-18
282180.2899133267,1.7117953e-18
282463.17598319735,1.7054463e-18
282746.34564667195,1.6983041e-18
283029.7991880706,1.6919551e-18
283313.5368919732,1.6848128e-18
283597.5590432601,1.678464e-18
283881.86592708115,1.6713215e-18
284166.4578288765,1.6649728e-18
284451.33503439603,1.6586239e-18
284736.49782963976,1.6514816e-18
285021.9465009276,1.6451328e-18
285307.68133483967,1.6379904e-18
285593.7026182458,1.6316416e-18
285880.0106383259,1.6244992e-18
286166.60568253975,1.6181504e-18
286453.48803860735,1.6110081e-18
286740.6579945784,1.6046591e-18
287028.1158387629,1.5967232e-18
287315.86185978056,1.5879935e-18
287603.89634651114,1.5760895e-18
287892.2195881545,1.5570432e-18
288180.8318741803,1.5387904e-18
288469.73349435825,1.5419649e-18
288758.92473874806,1.5491071e-18
289048.40589769953,1.5499007e-18
289338.17726185214,1.5459328e-18
289628.2391221356,1.5403776e-18
289918.5917697696,1.5348224e-18
290209.2354962737,1.5292672e-18
290500.17059345735,1.5229183e-18
290791.3973534003,1.5165696e-18
291082.916068522,1.5110144e-18
291374.727031492,1.5046655e-18
291666.8305352997,1.4983168e-18
291959.22687320475,1.4927616e-18
292251.9163387764,1.4864127e-18
292544.89922588423,1.4808576e-18
292838.17582867766,1.4745088e-18
293131.746441606,1.4689537e-18
293425.6113594188,1.4626047e-18
293719.77087715507,1.4570496e-18
294014.2252901444,1.4507009e-18
294308.9748940261,1.4451455e-18
294604.01998473937,1.4395904e-18
294899.36085849354,1.4332416e-18
295194.99781181786,1.4276863e-18
295490.9311415415,1.4221312e-18
295787.16114476376,1.4157825e-18
296083.68811891373,1.4102271e-18
296380.5123617006,1.404672e-18
296677.6341711335,1.3991169e-18
296975.0538455317,1.3935616e-18
297272.77168349415,1.3880064e-18
297570.7879839399,1.3824512e-18
297869.1030460782,1.376896e-18
298167.71716941794,1.3713408e-18
298466.63065375807,1.3657856e-18
298765.8437992178,1.3602304e-18
299065.3569061959,1.3538816e-18
299365.1702754215,1.3388032e-18
